STRUCTURE,STRUCTURE_ID,STRUCTURE_NAME,ACTION,REF_AREA,Reference area,FREQ,Frequency of observation,MEASURE,Measure,UNIT_MEASURE,Unit of measure,TIME_PERIOD,Time period,OBS_VALUE,Observation value,OBS_STATUS,Observation status,UNIT_MULT,Unit multiplier,DECIMALS,Decimals
DATAFLOW,OECD.ENV.EPI:DSD_LAND_USE@DF_LAND_USE(1.0),Land use,I,AFG,Afghanistan,A,Annual,FOREST_PL,Planted Forest,KM2,Square kilometres,2021,,0,,A,Normal value,0,Units,1,One
DATAFLOW,OECD.ENV.EPI:DSD_LAND_USE@DF_LAND_USE(1.0),Land use,I,ASM,American Samoa,A,Annual,FOREST_PL,Planted Forest,KM2,Square kilometres,2021,,0,,A,Normal value,0,Units,1,One
DATAFLOW,OECD.ENV.EPI:DSD_LAND_USE@DF_LAND_USE(1.0),Land use,I,AND,Andorra,A,Annual,FOREST_PL,Planted Forest,KM2,Square kilometres,2021,,0,,A,Normal value,0,Units,1,One
DATAFLOW,OECD.ENV.EPI:DSD_LAND_USE@DF_LAND_USE(1.0),Land use,I,ABW,Aruba,A,Annual,FOREST_PL,Planted Forest,KM2,Square kilometres,2021,,0,,A,Normal value,0,Units,1,One
DATAFLOW,OECD.ENV.EPI:DSD_LAND_USE@DF_LAND_USE(1.0),Land use,I,BHS,Bahamas,A,Annual,FOREST_PL,Planted Forest,KM2,Square kilometres,2021,,0,,A,Normal value,0,Units,1,One
DATAFLOW,OECD.ENV.EPI:DSD_LAND_USE@DF_LAND_USE(1.0),Land use,I,BRB,Barbados,A,Annual,FOREST_PL,Planted Forest,KM2,Square kilometres,2021,,0,,A,Normal value,0,Units,1,One
DATAFLOW,OECD.ENV.EPI:DSD_LAND_USE@DF_LAND_USE(1.0),Land use,I,CYM,Cayman Islands,A,Annual,FOREST_PL,Planted Forest,KM2,Square kilometres,2021,,0,,A,Normal value,0,Units,1,One
DATAFLOW,OECD.ENV.EPI:DSD_LAND_USE@DF_LAND_USE(1.0),Land use,I,CUW,Curaçao,A,Annual,FOREST_PL,Planted Forest,KM2,Square kilometres,2021,,0,,A,Normal value,0,Units,1,One
DATAFLOW,OECD.ENV.EPI:DSD_LAND_USE@DF_LAND_USE(1.0),Land use,I,FLK,Falkland Islands (Malvinas),A,Annual,FOREST_PL,Planted Forest,KM2,Square kilometres,2021,,0,,A,Normal value,0,Units,1,One
DATAFLOW,OECD.ENV.EPI:DSD_LAND_USE@DF_LAND_USE(1.0),Land use,I,GIB,Gibraltar,A,Annual,FOREST_PL,Planted Forest,KM2,Square kilometres,2021,,0,,A,Normal value,0,Units,1,One
DATAFLOW,OECD.ENV.EPI:DSD_LAND_USE@DF_LAND_USE(1.0),Land use,I,GUY,Guyana,A,Annual,FOREST_PL,Planted Forest,KM2,Square kilometres,2021,,0,,A,Normal value,0,Units,1,One
DATAFLOW,OECD.ENV.EPI:DSD_LAND_USE@DF_LAND_USE(1.0),Land use,I,VAT,Holy See,A,Annual,FOREST_PL,Planted Forest,KM2,Square kilometres,2021,,0,,A,Normal value,0,Units,1,One
DATAFLOW,OECD.ENV.EPI:DSD_LAND_USE@DF_LAND_USE(1.0),Land use,I,MDV,Maldives,A,Annual,FOREST_PL,Planted Forest,KM2,Square kilometres,2021,,0,,A,Normal value,0,Units,1,One
DATAFLOW,OECD.ENV.EPI:DSD_LAND_USE@DF_LAND_USE(1.0),Land use,I,MCO,Monaco,A,Annual,FOREST_PL,Planted Forest,KM2,Square kilometres,2021,,0,,A,Normal value,0,Units,1,One
DATAFLOW,OECD.ENV.EPI:DSD_LAND_USE@DF_LAND_USE(1.0),Land use,I,MSR,Montserrat,A,Annual,FOREST_PL,Planted Forest,KM2,Square kilometres,2021,,0,,A,Normal value,0,Units,1,One
DATAFLOW,OECD.ENV.EPI:DSD_LAND_USE@DF_LAND_USE(1.0),Land use,I,NAM,Namibia,A,Annual,FOREST_PL,Planted Forest,KM2,Square kilometres,2021,,0,,A,Normal value,0,Units,1,One
DATAFLOW,OECD.ENV.EPI:DSD_LAND_USE@DF_LAND_USE(1.0),Land use,I,NRU,Nauru,A,Annual,FOREST_PL,Planted Forest,KM2,Square kilometres,2021,,0,,A,Normal value,0,Units,1,One
DATAFLOW,OECD.ENV.EPI:DSD_LAND_USE@DF_LAND_USE(1.0),Land use,I,MNP,Northern Mariana Islands,A,Annual,FOREST_PL,Planted Forest,KM2,Square kilometres,2021,,0,,A,Normal value,0,Units,1,One
DATAFLOW,OECD.ENV.EPI:DSD_LAND_USE@DF_LAND_USE(1.0),Land use,I,PRI,Puerto Rico,A,Annual,FOREST_PL,Planted Forest,KM2,Square kilometres,2021,,0,,A,Normal value,0,Units,1,One
DATAFLOW,OECD.ENV.EPI:DSD_LAND_USE@DF_LAND_USE(1.0),Land use,I,SMR,San Marino,A,Annual,FOREST_PL,Planted Forest,KM2,Square kilometres,2021,,0,,A,Normal value,0,Units,1,One
DATAFLOW,OECD.ENV.EPI:DSD_LAND_USE@DF_LAND_USE(1.0),Land use,I,STP,Sao Tome and Principe,A,Annual,FOREST_PL,Planted Forest,KM2,Square kilometres,2021,,0,,A,Normal value,0,Units,1,One
DATAFLOW,OECD.ENV.EPI:DSD_LAND_USE@DF_LAND_USE(1.0),Land use,I,SGP,Singapore,A,Annual,FOREST_PL,Planted Forest,KM2,Square kilometres,2021,,0,,A,Normal value,0,Units,1,One
DATAFLOW,OECD.ENV.EPI:DSD_LAND_USE@DF_LAND_USE(1.0),Land use,I,TKL,Tokelau,A,Annual,FOREST_PL,Planted Forest,KM2,Square kilometres,2021,,0,,A,Normal value,0,Units,1,One
DATAFLOW,OECD.ENV.EPI:DSD_LAND_USE@DF_LAND_USE(1.0),Land use,I,TCA,Turks and Caicos Islands,A,Annual,FOREST_PL,Planted Forest,KM2,Square kilometres,2021,,0,,A,Normal value,0,Units,1,One
DATAFLOW,OECD.ENV.EPI:DSD_LAND_USE@DF_LAND_USE(1.0),Land use,I,TUV,Tuvalu,A,Annual,FOREST_PL,Planted Forest,KM2,Square kilometres,2021,,0,,A,Normal value,0,Units,1,One
DATAFLOW,OECD.ENV.EPI:DSD_LAND_USE@DF_LAND_USE(1.0),Land use,I,VIR,United States Virgin Islands,A,Annual,FOREST_PL,Planted Forest,KM2,Square kilometres,2021,,0,,A,Normal value,0,Units,1,One
DATAFLOW,OECD.ENV.EPI:DSD_LAND_USE@DF_LAND_USE(1.0),Land use,I,SPM,Saint Pierre and Miquelon,A,Annual,FOREST_PL,Planted Forest,KM2,Square kilometres,2021,,0,,A,Normal value,0,Units,1,One
DATAFLOW,OECD.ENV.EPI:DSD_LAND_USE@DF_LAND_USE(1.0),Land use,I,TKL,Tokelau,A,Annual,FOREST,Forest,PT_LAR,Percentage of land area,2021,,0,,A,Normal value,0,Units,1,One
DATAFLOW,OECD.ENV.EPI:DSD_LAND_USE@DF_LAND_USE(1.0),Land use,I,TKL,Tokelau,A,Annual,FOREST,Forest,KM2,Square kilometres,2021,,0,,A,Normal value,0,Units,1,One
DATAFLOW,OECD.ENV.EPI:DSD_LAND_USE@DF_LAND_USE(1.0),Land use,I,NRU,Nauru,A,Annual,FOREST,Forest,PT_LAR,Percentage of land area,2021,,0,,A,Normal value,0,Units,1,One
DATAFLOW,OECD.ENV.EPI:DSD_LAND_USE@DF_LAND_USE(1.0),Land use,I,NRU,Nauru,A,Annual,FOREST,Forest,KM2,Square kilometres,2021,,0,,A,Normal value,0,Units,1,One
DATAFLOW,OECD.ENV.EPI:DSD_LAND_USE@DF_LAND_USE(1.0),Land use,I,MCO,Monaco,A,Annual,FOREST,Forest,KM2,Square kilometres,2021,,0,,A,Normal value,0,Units,1,One
DATAFLOW,OECD.ENV.EPI:DSD_LAND_USE@DF_LAND_USE(1.0),Land use,I,MCO,Monaco,A,Annual,FOREST,Forest,PT_LAR,Percentage of land area,2021,,0,,A,Normal value,0,Units,1,One
DATAFLOW,OECD.ENV.EPI:DSD_LAND_USE@DF_LAND_USE(1.0),Land use,I,VAT,Holy See,A,Annual,FOREST,Forest,PT_LAR,Percentage of land area,2021,,0,,A,Normal value,0,Units,1,One
DATAFLOW,OECD.ENV.EPI:DSD_LAND_USE@DF_LAND_USE(1.0),Land use,I,VAT,Holy See,A,Annual,FOREST,Forest,KM2,Square kilometres,2021,,0,,A,Normal value,0,Units,1,One
DATAFLOW,OECD.ENV.EPI:DSD_LAND_USE@DF_LAND_USE(1.0),Land use,I,GIB,Gibraltar,A,Annual,FOREST,Forest,KM2,Square kilometres,2021,,0,,A,Normal value,0,Units,1,One
DATAFLOW,OECD.ENV.EPI:DSD_LAND_USE@DF_LAND_USE(1.0),Land use,I,GIB,Gibraltar,A,Annual,FOREST,Forest,PT_LAR,Percentage of land area,2021,,0,,A,Normal value,0,Units,1,One
DATAFLOW,OECD.ENV.EPI:DSD_LAND_USE@DF_LAND_USE(1.0),Land use,I,FLK,Falkland Islands (Malvinas),A,Annual,FOREST,Forest,PT_LAR,Percentage of land area,2021,,0,,A,Normal value,0,Units,1,One
DATAFLOW,OECD.ENV.EPI:DSD_LAND_USE@DF_LAND_USE(1.0),Land use,I,FLK,Falkland Islands (Malvinas),A,Annual,FOREST,Forest,KM2,Square kilometres,2021,,0,,A,Normal value,0,Units,1,One
DATAFLOW,OECD.ENV.EPI:DSD_LAND_USE@DF_LAND_USE(1.0),Land use,I,FLK,Falkland Islands (Malvinas),A,Annual,FOREST_N,Naturally regenerating forest,KM2,Square kilometres,2021,,0,,A,Normal value,0,Units,1,One
DATAFLOW,OECD.ENV.EPI:DSD_LAND_USE@DF_LAND_USE(1.0),Land use,I,FRO,Faroe Islands,A,Annual,FOREST_N,Naturally regenerating forest,KM2,Square kilometres,2021,,0,,A,Normal value,0,Units,1,One
DATAFLOW,OECD.ENV.EPI:DSD_LAND_USE@DF_LAND_USE(1.0),Land use,I,GIB,Gibraltar,A,Annual,FOREST_N,Naturally regenerating forest,KM2,Square kilometres,2021,,0,,A,Normal value,0,Units,1,One
DATAFLOW,OECD.ENV.EPI:DSD_LAND_USE@DF_LAND_USE(1.0),Land use,I,GRL,Greenland,A,Annual,FOREST_N,Naturally regenerating forest,KM2,Square kilometres,2021,,0,,A,Normal value,0,Units,1,One
DATAFLOW,OECD.ENV.EPI:DSD_LAND_USE@DF_LAND_USE(1.0),Land use,I,VAT,Holy See,A,Annual,FOREST_N,Naturally regenerating forest,KM2,Square kilometres,2021,,0,,A,Normal value,0,Units,1,One
DATAFLOW,OECD.ENV.EPI:DSD_LAND_USE@DF_LAND_USE(1.0),Land use,I,KWT,Kuwait,A,Annual,FOREST_N,Naturally regenerating forest,KM2,Square kilometres,2021,,0,,A,Normal value,0,Units,1,One
DATAFLOW,OECD.ENV.EPI:DSD_LAND_USE@DF_LAND_USE(1.0),Land use,I,MCO,Monaco,A,Annual,FOREST_N,Naturally regenerating forest,KM2,Square kilometres,2021,,0,,A,Normal value,0,Units,1,One
DATAFLOW,OECD.ENV.EPI:DSD_LAND_USE@DF_LAND_USE(1.0),Land use,I,NRU,Nauru,A,Annual,FOREST_N,Naturally regenerating forest,KM2,Square kilometres,2021,,0,,A,Normal value,0,Units,1,One
DATAFLOW,OECD.ENV.EPI:DSD_LAND_USE@DF_LAND_USE(1.0),Land use,I,TKL,Tokelau,A,Annual,FOREST_N,Naturally regenerating forest,KM2,Square kilometres,2021,,0,,A,Normal value,0,Units,1,One
DATAFLOW,OECD.ENV.EPI:DSD_LAND_USE@DF_LAND_USE(1.0),Land use,I,VGB,British Virgin Islands,A,Annual,OTHER,Other areas,PT_LAR,Percentage of land area,2021,,0,,A,Normal value,0,Units,1,One
DATAFLOW,OECD.ENV.EPI:DSD_LAND_USE@DF_LAND_USE(1.0),Land use,I,VGB,British Virgin Islands,A,Annual,OTHER,Other areas,KM2,Square kilometres,2021,,0,,A,Normal value,0,Units,1,One
DATAFLOW,OECD.ENV.EPI:DSD_LAND_USE@DF_LAND_USE(1.0),Land use,I,RWA,Rwanda,A,Annual,OTHER,Other areas,KM2,Square kilometres,2021,,0,,A,Normal value,0,Units,1,One
DATAFLOW,OECD.ENV.EPI:DSD_LAND_USE@DF_LAND_USE(1.0),Land use,I,RWA,Rwanda,A,Annual,OTHER,Other areas,PT_LAR,Percentage of land area,2021,,0,,A,Normal value,0,Units,1,One
DATAFLOW,OECD.ENV.EPI:DSD_LAND_USE@DF_LAND_USE(1.0),Land use,I,STP,Sao Tome and Principe,A,Annual,OTHER,Other areas,KM2,Square kilometres,2021,,0,,A,Normal value,0,Units,1,One
DATAFLOW,OECD.ENV.EPI:DSD_LAND_USE@DF_LAND_USE(1.0),Land use,I,STP,Sao Tome and Principe,A,Annual,OTHER,Other areas,PT_LAR,Percentage of land area,2021,,0,,A,Normal value,0,Units,1,One
DATAFLOW,OECD.ENV.EPI:DSD_LAND_USE@DF_LAND_USE(1.0),Land use,I,GNB,Guinea-Bissau,A,Annual,OTHER,Other areas,KM2,Square kilometres,2021,,0,,A,Normal value,0,Units,1,One
DATAFLOW,OECD.ENV.EPI:DSD_LAND_USE@DF_LAND_USE(1.0),Land use,I,GNB,Guinea-Bissau,A,Annual,OTHER,Other areas,PT_LAR,Percentage of land area,2021,,0,,A,Normal value,0,Units,1,One
DATAFLOW,OECD.ENV.EPI:DSD_LAND_USE@DF_LAND_USE(1.0),Land use,I,DMA,Dominica,A,Annual,OTHER,Other areas,PT_LAR,Percentage of land area,2021,,0,,A,Normal value,0,Units,1,One
DATAFLOW,OECD.ENV.EPI:DSD_LAND_USE@DF_LAND_USE(1.0),Land use,I,DMA,Dominica,A,Annual,OTHER,Other areas,KM2,Square kilometres,2021,,0,,A,Normal value,0,Units,1,One
DATAFLOW,OECD.ENV.EPI:DSD_LAND_USE@DF_LAND_USE(1.0),Land use,I,AND,Andorra,A,Annual,ORGANIC,Agriculture area under organic agriculture,KM2,Square kilometres,2021,,0,,A,Normal value,0,Units,1,One
DATAFLOW,OECD.ENV.EPI:DSD_LAND_USE@DF_LAND_USE(1.0),Land use,I,IRQ,Iraq,A,Annual,ORGANIC,Agriculture area under organic agriculture,KM2,Square kilometres,2021,,0,,A,Normal value,0,Units,1,One
DATAFLOW,OECD.ENV.EPI:DSD_LAND_USE@DF_LAND_USE(1.0),Land use,I,AUT,Austria,A,Annual,CROP_TILL,Cropland area under zero or no tillage,KM2,Square kilometres,2021,,1048.8,,A,Normal value,0,Units,1,One
DATAFLOW,OECD.ENV.EPI:DSD_LAND_USE@DF_LAND_USE(1.0),Land use,I,CAN,Canada,A,Annual,CROP_TILL,Cropland area under zero or no tillage,KM2,Square kilometres,2021,,206530,,A,Normal value,0,Units,1,One
DATAFLOW,OECD.ENV.EPI:DSD_LAND_USE@DF_LAND_USE(1.0),Land use,I,CZE,Czechia,A,Annual,CROP_TILL,Cropland area under zero or no tillage,KM2,Square kilometres,2021,,494.9,,A,Normal value,0,Units,1,One
DATAFLOW,OECD.ENV.EPI:DSD_LAND_USE@DF_LAND_USE(1.0),Land use,I,DNK,Denmark,A,Annual,CROP_TILL,Cropland area under zero or no tillage,KM2,Square kilometres,2021,,750,,A,Normal value,0,Units,1,One
DATAFLOW,OECD.ENV.EPI:DSD_LAND_USE@DF_LAND_USE(1.0),Land use,I,DEU,Germany,A,Annual,CROP_TILL,Cropland area under zero or no tillage,KM2,Square kilometres,2021,,1344,,A,Normal value,0,Units,1,One
DATAFLOW,OECD.ENV.EPI:DSD_LAND_USE@DF_LAND_USE(1.0),Land use,I,LUX,Luxembourg,A,Annual,CROP_TILL,Cropland area under zero or no tillage,KM2,Square kilometres,2021,,11.785,,A,Normal value,0,Units,1,One
DATAFLOW,OECD.ENV.EPI:DSD_LAND_USE@DF_LAND_USE(1.0),Land use,I,NLD,Netherlands,A,Annual,CROP_TILL,Cropland area under zero or no tillage,KM2,Square kilometres,2021,,222.9,,A,Normal value,0,Units,1,One
DATAFLOW,OECD.ENV.EPI:DSD_LAND_USE@DF_LAND_USE(1.0),Land use,I,PRT,Portugal,A,Annual,CROP_TILL,Cropland area under zero or no tillage,KM2,Square kilometres,2021,,157,,A,Normal value,0,Units,1,One
DATAFLOW,OECD.ENV.EPI:DSD_LAND_USE@DF_LAND_USE(1.0),Land use,I,SVK,Slovak Republic,A,Annual,CROP_TILL,Cropland area under zero or no tillage,KM2,Square kilometres,2021,,1195.6,,A,Normal value,0,Units,1,One
DATAFLOW,OECD.ENV.EPI:DSD_LAND_USE@DF_LAND_USE(1.0),Land use,I,ESP,Spain,A,Annual,CROP_TILL,Cropland area under zero or no tillage,KM2,Square kilometres,2021,,38950.07,,A,Normal value,0,Units,1,One
DATAFLOW,OECD.ENV.EPI:DSD_LAND_USE@DF_LAND_USE(1.0),Land use,I,USA,United States,A,Annual,CROP_TILL,Cropland area under zero or no tillage,KM2,Square kilometres,2021,,425154.7,,A,Normal value,0,Units,1,One
DATAFLOW,OECD.ENV.EPI:DSD_LAND_USE@DF_LAND_USE(1.0),Land use,I,ECU,Ecuador,A,Annual,CROP_TILL,Cropland area under zero or no tillage,KM2,Square kilometres,2021,,920,,A,Normal value,0,Units,1,One
DATAFLOW,OECD.ENV.EPI:DSD_LAND_USE@DF_LAND_USE(1.0),Land use,I,ZMB,Zambia,A,Annual,CROP_TILL,Cropland area under zero or no tillage,KM2,Square kilometres,2021,,169.376,,A,Normal value,0,Units,1,One
DATAFLOW,OECD.ENV.EPI:DSD_LAND_USE@DF_LAND_USE(1.0),Land use,I,AUS,Australia,A,Annual,ORGANIC,Agriculture area under organic agriculture,KM2,Square kilometres,2021,,356878,,A,Normal value,0,Units,1,One
DATAFLOW,OECD.ENV.EPI:DSD_LAND_USE@DF_LAND_USE(1.0),Land use,I,AUT,Austria,A,Annual,ORGANIC,Agriculture area under organic agriculture,KM2,Square kilometres,2021,,6808,,A,Normal value,0,Units,1,One
DATAFLOW,OECD.ENV.EPI:DSD_LAND_USE@DF_LAND_USE(1.0),Land use,I,BEL,Belgium,A,Annual,ORGANIC,Agriculture area under organic agriculture,KM2,Square kilometres,2021,,1024.13,,A,Normal value,0,Units,1,One
DATAFLOW,OECD.ENV.EPI:DSD_LAND_USE@DF_LAND_USE(1.0),Land use,I,CAN,Canada,A,Annual,ORGANIC,Agriculture area under organic agriculture,KM2,Square kilometres,2021,,12155.9,,A,Normal value,0,Units,1,One
DATAFLOW,OECD.ENV.EPI:DSD_LAND_USE@DF_LAND_USE(1.0),Land use,I,CHL,Chile,A,Annual,ORGANIC,Agriculture area under organic agriculture,KM2,Square kilometres,2021,,1527.7,,A,Normal value,0,Units,1,One
DATAFLOW,OECD.ENV.EPI:DSD_LAND_USE@DF_LAND_USE(1.0),Land use,I,COL,Colombia,A,Annual,ORGANIC,Agriculture area under organic agriculture,KM2,Square kilometres,2021,,1008.7,,A,Normal value,0,Units,1,One
DATAFLOW,OECD.ENV.EPI:DSD_LAND_USE@DF_LAND_USE(1.0),Land use,I,CRI,Costa Rica,A,Annual,ORGANIC,Agriculture area under organic agriculture,KM2,Square kilometres,2021,,103,,A,Normal value,0,Units,1,One
DATAFLOW,OECD.ENV.EPI:DSD_LAND_USE@DF_LAND_USE(1.0),Land use,I,CZE,Czechia,A,Annual,ORGANIC,Agriculture area under organic agriculture,KM2,Square kilometres,2021,,5580,,A,Normal value,0,Units,1,One
DATAFLOW,OECD.ENV.EPI:DSD_LAND_USE@DF_LAND_USE(1.0),Land use,I,DNK,Denmark,A,Annual,ORGANIC,Agriculture area under organic agriculture,KM2,Square kilometres,2021,,3080,,A,Normal value,0,Units,1,One
DATAFLOW,OECD.ENV.EPI:DSD_LAND_USE@DF_LAND_USE(1.0),Land use,I,EST,Estonia,A,Annual,ORGANIC,Agriculture area under organic agriculture,KM2,Square kilometres,2021,,2266,,A,Normal value,0,Units,1,One
DATAFLOW,OECD.ENV.EPI:DSD_LAND_USE@DF_LAND_USE(1.0),Land use,I,FIN,Finland,A,Annual,ORGANIC,Agriculture area under organic agriculture,KM2,Square kilometres,2021,,3654,,A,Normal value,0,Units,1,One
DATAFLOW,OECD.ENV.EPI:DSD_LAND_USE@DF_LAND_USE(1.0),Land use,I,FRA,France,A,Annual,ORGANIC,Agriculture area under organic agriculture,KM2,Square kilometres,2021,,27442.02,,A,Normal value,0,Units,1,One
DATAFLOW,OECD.ENV.EPI:DSD_LAND_USE@DF_LAND_USE(1.0),Land use,I,DEU,Germany,A,Annual,ORGANIC,Agriculture area under organic agriculture,KM2,Square kilometres,2021,,16013,,A,Normal value,0,Units,1,One
DATAFLOW,OECD.ENV.EPI:DSD_LAND_USE@DF_LAND_USE(1.0),Land use,I,GRC,Greece,A,Annual,ORGANIC,Agriculture area under organic agriculture,KM2,Square kilometres,2021,,5346.3,,A,Normal value,0,Units,1,One
DATAFLOW,OECD.ENV.EPI:DSD_LAND_USE@DF_LAND_USE(1.0),Land use,I,HUN,Hungary,A,Annual,ORGANIC,Agriculture area under organic agriculture,KM2,Square kilometres,2021,,2935.97,,A,Normal value,0,Units,1,One
DATAFLOW,OECD.ENV.EPI:DSD_LAND_USE@DF_LAND_USE(1.0),Land use,I,ISL,Iceland,A,Annual,ORGANIC,Agriculture area under organic agriculture,KM2,Square kilometres,2021,,60,,A,Normal value,0,Units,1,One
DATAFLOW,OECD.ENV.EPI:DSD_LAND_USE@DF_LAND_USE(1.0),Land use,I,IRL,Ireland,A,Annual,ORGANIC,Agriculture area under organic agriculture,KM2,Square kilometres,2021,,868.7,,A,Normal value,0,Units,1,One
DATAFLOW,OECD.ENV.EPI:DSD_LAND_USE@DF_LAND_USE(1.0),Land use,I,ISR,Israel,A,Annual,ORGANIC,Agriculture area under organic agriculture,KM2,Square kilometres,2021,,52,,A,Normal value,0,Units,1,One
DATAFLOW,OECD.ENV.EPI:DSD_LAND_USE@DF_LAND_USE(1.0),Land use,I,ITA,Italy,A,Annual,ORGANIC,Agriculture area under organic agriculture,KM2,Square kilometres,2021,,21870,,A,Normal value,0,Units,1,One
DATAFLOW,OECD.ENV.EPI:DSD_LAND_USE@DF_LAND_USE(1.0),Land use,I,JPN,Japan,A,Annual,ORGANIC,Agriculture area under organic agriculture,KM2,Square kilometres,2021,,141.4,,A,Normal value,0,Units,1,One
DATAFLOW,OECD.ENV.EPI:DSD_LAND_USE@DF_LAND_USE(1.0),Land use,I,KOR,Korea,A,Annual,ORGANIC,Agriculture area under organic agriculture,KM2,Square kilometres,2021,,406.6,,A,Normal value,0,Units,1,One
DATAFLOW,OECD.ENV.EPI:DSD_LAND_USE@DF_LAND_USE(1.0),Land use,I,LVA,Latvia,A,Annual,ORGANIC,Agriculture area under organic agriculture,KM2,Square kilometres,2021,,3022,,A,Normal value,0,Units,1,One
DATAFLOW,OECD.ENV.EPI:DSD_LAND_USE@DF_LAND_USE(1.0),Land use,I,LTU,Lithuania,A,Annual,ORGANIC,Agriculture area under organic agriculture,KM2,Square kilometres,2021,,2618,,A,Normal value,0,Units,1,One
DATAFLOW,OECD.ENV.EPI:DSD_LAND_USE@DF_LAND_USE(1.0),Land use,I,LUX,Luxembourg,A,Annual,ORGANIC,Agriculture area under organic agriculture,KM2,Square kilometres,2021,,68.94,,A,Normal value,0,Units,1,One
DATAFLOW,OECD.ENV.EPI:DSD_LAND_USE@DF_LAND_USE(1.0),Land use,I,MEX,Mexico,A,Annual,ORGANIC,Agriculture area under organic agriculture,KM2,Square kilometres,2021,,2380,,A,Normal value,0,Units,1,One
DATAFLOW,OECD.ENV.EPI:DSD_LAND_USE@DF_LAND_USE(1.0),Land use,I,NLD,Netherlands,A,Annual,ORGANIC,Agriculture area under organic agriculture,KM2,Square kilometres,2021,,763.75,,A,Normal value,0,Units,1,One
DATAFLOW,OECD.ENV.EPI:DSD_LAND_USE@DF_LAND_USE(1.0),Land use,I,NZL,New Zealand,A,Annual,ORGANIC,Agriculture area under organic agriculture,KM2,Square kilometres,2021,,793.5,,A,Normal value,0,Units,1,One
DATAFLOW,OECD.ENV.EPI:DSD_LAND_USE@DF_LAND_USE(1.0),Land use,I,NOR,Norway,A,Annual,ORGANIC,Agriculture area under organic agriculture,KM2,Square kilometres,2021,,449.3,,A,Normal value,0,Units,1,One
DATAFLOW,OECD.ENV.EPI:DSD_LAND_USE@DF_LAND_USE(1.0),Land use,I,POL,Poland,A,Annual,ORGANIC,Agriculture area under organic agriculture,KM2,Square kilometres,2021,,5494,,A,Normal value,0,Units,1,One
DATAFLOW,OECD.ENV.EPI:DSD_LAND_USE@DF_LAND_USE(1.0),Land use,I,PRT,Portugal,A,Annual,ORGANIC,Agriculture area under organic agriculture,KM2,Square kilometres,2021,,3082.9,,A,Normal value,0,Units,1,One
DATAFLOW,OECD.ENV.EPI:DSD_LAND_USE@DF_LAND_USE(1.0),Land use,I,SVK,Slovak Republic,A,Annual,ORGANIC,Agriculture area under organic agriculture,KM2,Square kilometres,2021,,2497.23,,A,Normal value,0,Units,1,One
DATAFLOW,OECD.ENV.EPI:DSD_LAND_USE@DF_LAND_USE(1.0),Land use,I,SVN,Slovenia,A,Annual,ORGANIC,Agriculture area under organic agriculture,KM2,Square kilometres,2021,,518.3,,A,Normal value,0,Units,1,One
DATAFLOW,OECD.ENV.EPI:DSD_LAND_USE@DF_LAND_USE(1.0),Land use,I,ESP,Spain,A,Annual,ORGANIC,Agriculture area under organic agriculture,KM2,Square kilometres,2021,,27991.51,,A,Normal value,0,Units,1,One
DATAFLOW,OECD.ENV.EPI:DSD_LAND_USE@DF_LAND_USE(1.0),Land use,I,SWE,Sweden,A,Annual,ORGANIC,Agriculture area under organic agriculture,KM2,Square kilometres,2021,,6070,,A,Normal value,0,Units,1,One
DATAFLOW,OECD.ENV.EPI:DSD_LAND_USE@DF_LAND_USE(1.0),Land use,I,CHE,Switzerland,A,Annual,ORGANIC,Agriculture area under organic agriculture,KM2,Square kilometres,2021,,1803.806,,A,Normal value,0,Units,1,One
DATAFLOW,OECD.ENV.EPI:DSD_LAND_USE@DF_LAND_USE(1.0),Land use,I,TUR,Türkiye,A,Annual,ORGANIC,Agriculture area under organic agriculture,KM2,Square kilometres,2021,,3520,,A,Normal value,0,Units,1,One
DATAFLOW,OECD.ENV.EPI:DSD_LAND_USE@DF_LAND_USE(1.0),Land use,I,GBR,United Kingdom,A,Annual,ORGANIC,Agriculture area under organic agriculture,KM2,Square kilometres,2021,,4859.675,,A,Normal value,0,Units,1,One
DATAFLOW,OECD.ENV.EPI:DSD_LAND_USE@DF_LAND_USE(1.0),Land use,I,USA,United States,A,Annual,ORGANIC,Agriculture area under organic agriculture,KM2,Square kilometres,2021,,23266,,A,Normal value,0,Units,1,One
DATAFLOW,OECD.ENV.EPI:DSD_LAND_USE@DF_LAND_USE(1.0),Land use,I,OECD,OECD,A,Annual,ORGANIC,Agriculture area under organic agriculture,KM2,Square kilometres,2021,,554690.6,,A,Normal value,0,Units,1,One
DATAFLOW,OECD.ENV.EPI:DSD_LAND_USE@DF_LAND_USE(1.0),Land use,I,AFG,Afghanistan,A,Annual,ORGANIC,Agriculture area under organic agriculture,KM2,Square kilometres,2021,,1,,A,Normal value,0,Units,1,One
DATAFLOW,OECD.ENV.EPI:DSD_LAND_USE@DF_LAND_USE(1.0),Land use,I,ALB,Albania,A,Annual,ORGANIC,Agriculture area under organic agriculture,KM2,Square kilometres,2021,,11,,A,Normal value,0,Units,1,One
DATAFLOW,OECD.ENV.EPI:DSD_LAND_USE@DF_LAND_USE(1.0),Land use,I,DZA,Algeria,A,Annual,ORGANIC,Agriculture area under organic agriculture,KM2,Square kilometres,2021,,7.7,,A,Normal value,0,Units,1,One
DATAFLOW,OECD.ENV.EPI:DSD_LAND_USE@DF_LAND_USE(1.0),Land use,I,ARG,Argentina,A,Annual,ORGANIC,Agriculture area under organic agriculture,KM2,Square kilometres,2021,,37165,,A,Normal value,0,Units,1,One
DATAFLOW,OECD.ENV.EPI:DSD_LAND_USE@DF_LAND_USE(1.0),Land use,I,ARM,Armenia,A,Annual,ORGANIC,Agriculture area under organic agriculture,KM2,Square kilometres,2021,,5.8,,A,Normal value,0,Units,1,One
DATAFLOW,OECD.ENV.EPI:DSD_LAND_USE@DF_LAND_USE(1.0),Land use,I,AZE,Azerbaijan,A,Annual,ORGANIC,Agriculture area under organic agriculture,KM2,Square kilometres,2021,,380.8,,A,Normal value,0,Units,1,One
DATAFLOW,OECD.ENV.EPI:DSD_LAND_USE@DF_LAND_USE(1.0),Land use,I,BHS,Bahamas,A,Annual,ORGANIC,Agriculture area under organic agriculture,KM2,Square kilometres,2021,,0.5,,A,Normal value,0,Units,1,One
DATAFLOW,OECD.ENV.EPI:DSD_LAND_USE@DF_LAND_USE(1.0),Land use,I,BGD,Bangladesh,A,Annual,ORGANIC,Agriculture area under organic agriculture,KM2,Square kilometres,2021,,5,,A,Normal value,0,Units,1,One
DATAFLOW,OECD.ENV.EPI:DSD_LAND_USE@DF_LAND_USE(1.0),Land use,I,BLR,Belarus,A,Annual,ORGANIC,Agriculture area under organic agriculture,KM2,Square kilometres,2021,,67.2,,A,Normal value,0,Units,1,One
DATAFLOW,OECD.ENV.EPI:DSD_LAND_USE@DF_LAND_USE(1.0),Land use,I,BLZ,Belize,A,Annual,ORGANIC,Agriculture area under organic agriculture,KM2,Square kilometres,2021,,6.8,,A,Normal value,0,Units,1,One
DATAFLOW,OECD.ENV.EPI:DSD_LAND_USE@DF_LAND_USE(1.0),Land use,I,BEN,Benin,A,Annual,ORGANIC,Agriculture area under organic agriculture,KM2,Square kilometres,2021,,489,,A,Normal value,0,Units,1,One
DATAFLOW,OECD.ENV.EPI:DSD_LAND_USE@DF_LAND_USE(1.0),Land use,I,BTN,Bhutan,A,Annual,ORGANIC,Agriculture area under organic agriculture,KM2,Square kilometres,2021,,60,,A,Normal value,0,Units,1,One
DATAFLOW,OECD.ENV.EPI:DSD_LAND_USE@DF_LAND_USE(1.0),Land use,I,BOL,Bolivia,A,Annual,ORGANIC,Agriculture area under organic agriculture,KM2,Square kilometres,2021,,1794.2,,A,Normal value,0,Units,1,One
DATAFLOW,OECD.ENV.EPI:DSD_LAND_USE@DF_LAND_USE(1.0),Land use,I,BIH,Bosnia and Herzegovina,A,Annual,ORGANIC,Agriculture area under organic agriculture,KM2,Square kilometres,2021,,25,,A,Normal value,0,Units,1,One
DATAFLOW,OECD.ENV.EPI:DSD_LAND_USE@DF_LAND_USE(1.0),Land use,I,BRA,Brazil,A,Annual,ORGANIC,Agriculture area under organic agriculture,KM2,Square kilometres,2021,,14820,,A,Normal value,0,Units,1,One
DATAFLOW,OECD.ENV.EPI:DSD_LAND_USE@DF_LAND_USE(1.0),Land use,I,VGB,British Virgin Islands,A,Annual,ORGANIC,Agriculture area under organic agriculture,KM2,Square kilometres,2021,,0.3,,A,Normal value,0,Units,1,One
DATAFLOW,OECD.ENV.EPI:DSD_LAND_USE@DF_LAND_USE(1.0),Land use,I,BGR,Bulgaria,A,Annual,ORGANIC,Agriculture area under organic agriculture,KM2,Square kilometres,2021,,860,,A,Normal value,0,Units,1,One
DATAFLOW,OECD.ENV.EPI:DSD_LAND_USE@DF_LAND_USE(1.0),Land use,I,BFA,Burkina Faso,A,Annual,ORGANIC,Agriculture area under organic agriculture,KM2,Square kilometres,2021,,792.8,,A,Normal value,0,Units,1,One
DATAFLOW,OECD.ENV.EPI:DSD_LAND_USE@DF_LAND_USE(1.0),Land use,I,BDI,Burundi,A,Annual,ORGANIC,Agriculture area under organic agriculture,KM2,Square kilometres,2021,,5.5,,A,Normal value,0,Units,1,One
DATAFLOW,OECD.ENV.EPI:DSD_LAND_USE@DF_LAND_USE(1.0),Land use,I,KHM,Cambodia,A,Annual,ORGANIC,Agriculture area under organic agriculture,KM2,Square kilometres,2021,,211.1,,A,Normal value,0,Units,1,One
DATAFLOW,OECD.ENV.EPI:DSD_LAND_USE@DF_LAND_USE(1.0),Land use,I,CMR,Cameroon,A,Annual,ORGANIC,Agriculture area under organic agriculture,KM2,Square kilometres,2021,,15.9,,A,Normal value,0,Units,1,One
DATAFLOW,OECD.ENV.EPI:DSD_LAND_USE@DF_LAND_USE(1.0),Land use,I,CHN,China (People’s Republic of),A,Annual,ORGANIC,Agriculture area under organic agriculture,KM2,Square kilometres,2021,,27657.7,,A,Normal value,0,Units,1,One
DATAFLOW,OECD.ENV.EPI:DSD_LAND_USE@DF_LAND_USE(1.0),Land use,I,COM,Comoros,A,Annual,ORGANIC,Agriculture area under organic agriculture,KM2,Square kilometres,2021,,9.4,,A,Normal value,0,Units,1,One
DATAFLOW,OECD.ENV.EPI:DSD_LAND_USE@DF_LAND_USE(1.0),Land use,I,COK,Cook Islands,A,Annual,ORGANIC,Agriculture area under organic agriculture,KM2,Square kilometres,2021,,0.2,,A,Normal value,0,Units,1,One
DATAFLOW,OECD.ENV.EPI:DSD_LAND_USE@DF_LAND_USE(1.0),Land use,I,CIV,Côte d’Ivoire,A,Annual,ORGANIC,Agriculture area under organic agriculture,KM2,Square kilometres,2021,,787.8,,A,Normal value,0,Units,1,One
DATAFLOW,OECD.ENV.EPI:DSD_LAND_USE@DF_LAND_USE(1.0),Land use,I,HRV,Croatia,A,Annual,ORGANIC,Agriculture area under organic agriculture,KM2,Square kilometres,2021,,1219,,A,Normal value,0,Units,1,One
DATAFLOW,OECD.ENV.EPI:DSD_LAND_USE@DF_LAND_USE(1.0),Land use,I,CUB,Cuba,A,Annual,ORGANIC,Agriculture area under organic agriculture,KM2,Square kilometres,2021,,21.3,,A,Normal value,0,Units,1,One
DATAFLOW,OECD.ENV.EPI:DSD_LAND_USE@DF_LAND_USE(1.0),Land use,I,CYP,Cyprus,A,Annual,ORGANIC,Agriculture area under organic agriculture,KM2,Square kilometres,2021,,77.37,,A,Normal value,0,Units,1,One
DATAFLOW,OECD.ENV.EPI:DSD_LAND_USE@DF_LAND_USE(1.0),Land use,I,COD,Democratic Republic of the Congo,A,Annual,ORGANIC,Agriculture area under organic agriculture,KM2,Square kilometres,2021,,890,,A,Normal value,0,Units,1,One
DATAFLOW,OECD.ENV.EPI:DSD_LAND_USE@DF_LAND_USE(1.0),Land use,I,DMA,Dominica,A,Annual,ORGANIC,Agriculture area under organic agriculture,KM2,Square kilometres,2021,,29.1,,A,Normal value,0,Units,1,One
DATAFLOW,OECD.ENV.EPI:DSD_LAND_USE@DF_LAND_USE(1.0),Land use,I,DOM,Dominican Republic,A,Annual,ORGANIC,Agriculture area under organic agriculture,KM2,Square kilometres,2021,,1173.1,,A,Normal value,0,Units,1,One
DATAFLOW,OECD.ENV.EPI:DSD_LAND_USE@DF_LAND_USE(1.0),Land use,I,ECU,Ecuador,A,Annual,ORGANIC,Agriculture area under organic agriculture,KM2,Square kilometres,2021,,1820,,A,Normal value,0,Units,1,One
DATAFLOW,OECD.ENV.EPI:DSD_LAND_USE@DF_LAND_USE(1.0),Land use,I,EGY,Egypt,A,Annual,ORGANIC,Agriculture area under organic agriculture,KM2,Square kilometres,2021,,1160,,A,Normal value,0,Units,1,One
DATAFLOW,OECD.ENV.EPI:DSD_LAND_USE@DF_LAND_USE(1.0),Land use,I,SLV,El Salvador,A,Annual,ORGANIC,Agriculture area under organic agriculture,KM2,Square kilometres,2021,,25.6,,A,Normal value,0,Units,1,One
DATAFLOW,OECD.ENV.EPI:DSD_LAND_USE@DF_LAND_USE(1.0),Land use,I,SWZ,Eswatini,A,Annual,ORGANIC,Agriculture area under organic agriculture,KM2,Square kilometres,2021,,35.4,,A,Normal value,0,Units,1,One
DATAFLOW,OECD.ENV.EPI:DSD_LAND_USE@DF_LAND_USE(1.0),Land use,I,ETH,Ethiopia,A,Annual,ORGANIC,Agriculture area under organic agriculture,KM2,Square kilometres,2021,,3325.2,,A,Normal value,0,Units,1,One
DATAFLOW,OECD.ENV.EPI:DSD_LAND_USE@DF_LAND_USE(1.0),Land use,I,FLK,Falkland Islands (Malvinas),A,Annual,ORGANIC,Agriculture area under organic agriculture,KM2,Square kilometres,2021,,319.4,,A,Normal value,0,Units,1,One
DATAFLOW,OECD.ENV.EPI:DSD_LAND_USE@DF_LAND_USE(1.0),Land use,I,FRO,Faroe Islands,A,Annual,ORGANIC,Agriculture area under organic agriculture,KM2,Square kilometres,2021,,2.5,,A,Normal value,0,Units,1,One
DATAFLOW,OECD.ENV.EPI:DSD_LAND_USE@DF_LAND_USE(1.0),Land use,I,FJI,Fiji,A,Annual,ORGANIC,Agriculture area under organic agriculture,KM2,Square kilometres,2021,,301.9,,A,Normal value,0,Units,1,One
DATAFLOW,OECD.ENV.EPI:DSD_LAND_USE@DF_LAND_USE(1.0),Land use,I,GUF,French Guiana,A,Annual,ORGANIC,Agriculture area under organic agriculture,KM2,Square kilometres,2021,,37.104,,A,Normal value,0,Units,1,One
DATAFLOW,OECD.ENV.EPI:DSD_LAND_USE@DF_LAND_USE(1.0),Land use,I,PYF,French Polynesia,A,Annual,ORGANIC,Agriculture area under organic agriculture,KM2,Square kilometres,2021,,15.9,,A,Normal value,0,Units,1,One
DATAFLOW,OECD.ENV.EPI:DSD_LAND_USE@DF_LAND_USE(1.0),Land use,I,GEO,Georgia,A,Annual,ORGANIC,Agriculture area under organic agriculture,KM2,Square kilometres,2021,,42.8,,A,Normal value,0,Units,1,One
DATAFLOW,OECD.ENV.EPI:DSD_LAND_USE@DF_LAND_USE(1.0),Land use,I,GHA,Ghana,A,Annual,ORGANIC,Agriculture area under organic agriculture,KM2,Square kilometres,2021,,382.6,,A,Normal value,0,Units,1,One
DATAFLOW,OECD.ENV.EPI:DSD_LAND_USE@DF_LAND_USE(1.0),Land use,I,GRD,Grenada,A,Annual,ORGANIC,Agriculture area under organic agriculture,KM2,Square kilometres,2021,,2,,A,Normal value,0,Units,1,One
DATAFLOW,OECD.ENV.EPI:DSD_LAND_USE@DF_LAND_USE(1.0),Land use,I,GLP,Guadeloupe,A,Annual,ORGANIC,Agriculture area under organic agriculture,KM2,Square kilometres,2021,,11.991,,A,Normal value,0,Units,1,One
DATAFLOW,OECD.ENV.EPI:DSD_LAND_USE@DF_LAND_USE(1.0),Land use,I,GTM,Guatemala,A,Annual,ORGANIC,Agriculture area under organic agriculture,KM2,Square kilometres,2021,,716.5,,A,Normal value,0,Units,1,One
DATAFLOW,OECD.ENV.EPI:DSD_LAND_USE@DF_LAND_USE(1.0),Land use,I,GNB,Guinea-Bissau,A,Annual,ORGANIC,Agriculture area under organic agriculture,KM2,Square kilometres,2021,,98.4,,A,Normal value,0,Units,1,One
DATAFLOW,OECD.ENV.EPI:DSD_LAND_USE@DF_LAND_USE(1.0),Land use,I,HTI,Haiti,A,Annual,ORGANIC,Agriculture area under organic agriculture,KM2,Square kilometres,2021,,27.4,,A,Normal value,0,Units,1,One
DATAFLOW,OECD.ENV.EPI:DSD_LAND_USE@DF_LAND_USE(1.0),Land use,I,HND,Honduras,A,Annual,ORGANIC,Agriculture area under organic agriculture,KM2,Square kilometres,2021,,661.8,,A,Normal value,0,Units,1,One
DATAFLOW,OECD.ENV.EPI:DSD_LAND_USE@DF_LAND_USE(1.0),Land use,I,IND,India,A,Annual,ORGANIC,Agriculture area under organic agriculture,KM2,Square kilometres,2021,,26580,,A,Normal value,0,Units,1,One
DATAFLOW,OECD.ENV.EPI:DSD_LAND_USE@DF_LAND_USE(1.0),Land use,I,IDN,Indonesia,A,Annual,ORGANIC,Agriculture area under organic agriculture,KM2,Square kilometres,2021,,833.6,,A,Normal value,0,Units,1,One
DATAFLOW,OECD.ENV.EPI:DSD_LAND_USE@DF_LAND_USE(1.0),Land use,I,IRN,Iran,A,Annual,ORGANIC,Agriculture area under organic agriculture,KM2,Square kilometres,2021,,70,,A,Normal value,0,Units,1,One
DATAFLOW,OECD.ENV.EPI:DSD_LAND_USE@DF_LAND_USE(1.0),Land use,I,JAM,Jamaica,A,Annual,ORGANIC,Agriculture area under organic agriculture,KM2,Square kilometres,2021,,0.09999999,,A,Normal value,0,Units,1,One
DATAFLOW,OECD.ENV.EPI:DSD_LAND_USE@DF_LAND_USE(1.0),Land use,I,JOR,Jordan,A,Annual,ORGANIC,Agriculture area under organic agriculture,KM2,Square kilometres,2021,,14.5,,A,Normal value,0,Units,1,One
DATAFLOW,OECD.ENV.EPI:DSD_LAND_USE@DF_LAND_USE(1.0),Land use,I,KAZ,Kazakhstan,A,Annual,ORGANIC,Agriculture area under organic agriculture,KM2,Square kilometres,2021,,1132.5,,A,Normal value,0,Units,1,One
DATAFLOW,OECD.ENV.EPI:DSD_LAND_USE@DF_LAND_USE(1.0),Land use,I,KEN,Kenya,A,Annual,ORGANIC,Agriculture area under organic agriculture,KM2,Square kilometres,2021,,1280.2,,A,Normal value,0,Units,1,One
DATAFLOW,OECD.ENV.EPI:DSD_LAND_USE@DF_LAND_USE(1.0),Land use,I,KWT,Kuwait,A,Annual,ORGANIC,Agriculture area under organic agriculture,KM2,Square kilometres,2021,,0.3,,A,Normal value,0,Units,1,One
DATAFLOW,OECD.ENV.EPI:DSD_LAND_USE@DF_LAND_USE(1.0),Land use,I,KGZ,Kyrgyzstan,A,Annual,ORGANIC,Agriculture area under organic agriculture,KM2,Square kilometres,2021,,302.6,,A,Normal value,0,Units,1,One
DATAFLOW,OECD.ENV.EPI:DSD_LAND_USE@DF_LAND_USE(1.0),Land use,I,LAO,Lao People’s Democratic Republic,A,Annual,ORGANIC,Agriculture area under organic agriculture,KM2,Square kilometres,2021,,79.89999,,A,Normal value,0,Units,1,One
DATAFLOW,OECD.ENV.EPI:DSD_LAND_USE@DF_LAND_USE(1.0),Land use,I,LBN,Lebanon,A,Annual,ORGANIC,Agriculture area under organic agriculture,KM2,Square kilometres,2021,,16.7,,A,Normal value,0,Units,1,One
DATAFLOW,OECD.ENV.EPI:DSD_LAND_USE@DF_LAND_USE(1.0),Land use,I,LBR,Liberia,A,Annual,ORGANIC,Agriculture area under organic agriculture,KM2,Square kilometres,2021,,27.9,,A,Normal value,0,Units,1,One
DATAFLOW,OECD.ENV.EPI:DSD_LAND_USE@DF_LAND_USE(1.0),Land use,I,LIE,Liechtenstein,A,Annual,ORGANIC,Agriculture area under organic agriculture,KM2,Square kilometres,2021,,14.2,,A,Normal value,0,Units,1,One
DATAFLOW,OECD.ENV.EPI:DSD_LAND_USE@DF_LAND_USE(1.0),Land use,I,MDG,Madagascar,A,Annual,ORGANIC,Agriculture area under organic agriculture,KM2,Square kilometres,2021,,950.8,,A,Normal value,0,Units,1,One
DATAFLOW,OECD.ENV.EPI:DSD_LAND_USE@DF_LAND_USE(1.0),Land use,I,MWI,Malawi,A,Annual,ORGANIC,Agriculture area under organic agriculture,KM2,Square kilometres,2021,,3.2,,A,Normal value,0,Units,1,One
DATAFLOW,OECD.ENV.EPI:DSD_LAND_USE@DF_LAND_USE(1.0),Land use,I,MYS,Malaysia,A,Annual,ORGANIC,Agriculture area under organic agriculture,KM2,Square kilometres,2021,,12.8,,A,Normal value,0,Units,1,One
DATAFLOW,OECD.ENV.EPI:DSD_LAND_USE@DF_LAND_USE(1.0),Land use,I,MLI,Mali,A,Annual,ORGANIC,Agriculture area under organic agriculture,KM2,Square kilometres,2021,,178.4,,A,Normal value,0,Units,1,One
DATAFLOW,OECD.ENV.EPI:DSD_LAND_USE@DF_LAND_USE(1.0),Land use,I,MLT,Malta,A,Annual,ORGANIC,Agriculture area under organic agriculture,KM2,Square kilometres,2021,,0.65,,A,Normal value,0,Units,1,One
DATAFLOW,OECD.ENV.EPI:DSD_LAND_USE@DF_LAND_USE(1.0),Land use,I,MTQ,Martinique,A,Annual,ORGANIC,Agriculture area under organic agriculture,KM2,Square kilometres,2021,,7.14,,A,Normal value,0,Units,1,One
DATAFLOW,OECD.ENV.EPI:DSD_LAND_USE@DF_LAND_USE(1.0),Land use,I,MUS,Mauritius,A,Annual,ORGANIC,Agriculture area under organic agriculture,KM2,Square kilometres,2021,,0.09999999,,A,Normal value,0,Units,1,One
DATAFLOW,OECD.ENV.EPI:DSD_LAND_USE@DF_LAND_USE(1.0),Land use,I,MYT,Mayotte,A,Annual,ORGANIC,Agriculture area under organic agriculture,KM2,Square kilometres,2021,,0.943,,A,Normal value,0,Units,1,One
DATAFLOW,OECD.ENV.EPI:DSD_LAND_USE@DF_LAND_USE(1.0),Land use,I,MDA,Moldova,A,Annual,ORGANIC,Agriculture area under organic agriculture,KM2,Square kilometres,2021,,284,,A,Normal value,0,Units,1,One
DATAFLOW,OECD.ENV.EPI:DSD_LAND_USE@DF_LAND_USE(1.0),Land use,I,MNG,Mongolia,A,Annual,ORGANIC,Agriculture area under organic agriculture,KM2,Square kilometres,2021,,2.4,,A,Normal value,0,Units,1,One
DATAFLOW,OECD.ENV.EPI:DSD_LAND_USE@DF_LAND_USE(1.0),Land use,I,MAR,Morocco,A,Annual,ORGANIC,Agriculture area under organic agriculture,KM2,Square kilometres,2021,,114.5,,A,Normal value,0,Units,1,One
DATAFLOW,OECD.ENV.EPI:DSD_LAND_USE@DF_LAND_USE(1.0),Land use,I,MOZ,Mozambique,A,Annual,ORGANIC,Agriculture area under organic agriculture,KM2,Square kilometres,2021,,410.5,,A,Normal value,0,Units,1,One
DATAFLOW,OECD.ENV.EPI:DSD_LAND_USE@DF_LAND_USE(1.0),Land use,I,MMR,Myanmar,A,Annual,ORGANIC,Agriculture area under organic agriculture,KM2,Square kilometres,2021,,101.4,,A,Normal value,0,Units,1,One
DATAFLOW,OECD.ENV.EPI:DSD_LAND_USE@DF_LAND_USE(1.0),Land use,I,NAM,Namibia,A,Annual,ORGANIC,Agriculture area under organic agriculture,KM2,Square kilometres,2021,,3.8,,A,Normal value,0,Units,1,One
DATAFLOW,OECD.ENV.EPI:DSD_LAND_USE@DF_LAND_USE(1.0),Land use,I,NPL,Nepal,A,Annual,ORGANIC,Agriculture area under organic agriculture,KM2,Square kilometres,2021,,24.5,,A,Normal value,0,Units,1,One
DATAFLOW,OECD.ENV.EPI:DSD_LAND_USE@DF_LAND_USE(1.0),Land use,I,NCL,New Caledonia,A,Annual,ORGANIC,Agriculture area under organic agriculture,KM2,Square kilometres,2021,,8,,A,Normal value,0,Units,1,One
DATAFLOW,OECD.ENV.EPI:DSD_LAND_USE@DF_LAND_USE(1.0),Land use,I,NIC,Nicaragua,A,Annual,ORGANIC,Agriculture area under organic agriculture,KM2,Square kilometres,2021,,373.6,,A,Normal value,0,Units,1,One
DATAFLOW,OECD.ENV.EPI:DSD_LAND_USE@DF_LAND_USE(1.0),Land use,I,NGA,Nigeria,A,Annual,ORGANIC,Agriculture area under organic agriculture,KM2,Square kilometres,2021,,580.3,,A,Normal value,0,Units,1,One
DATAFLOW,OECD.ENV.EPI:DSD_LAND_USE@DF_LAND_USE(1.0),Land use,I,NIU,Niue,A,Annual,ORGANIC,Agriculture area under organic agriculture,KM2,Square kilometres,2021,,1.2,,A,Normal value,0,Units,1,One
DATAFLOW,OECD.ENV.EPI:DSD_LAND_USE@DF_LAND_USE(1.0),Land use,I,MKD,North Macedonia,A,Annual,ORGANIC,Agriculture area under organic agriculture,KM2,Square kilometres,2021,,39.07,,A,Normal value,0,Units,1,One
DATAFLOW,OECD.ENV.EPI:DSD_LAND_USE@DF_LAND_USE(1.0),Land use,I,OMN,Oman,A,Annual,ORGANIC,Agriculture area under organic agriculture,KM2,Square kilometres,2021,,0.09999999,,A,Normal value,0,Units,1,One
DATAFLOW,OECD.ENV.EPI:DSD_LAND_USE@DF_LAND_USE(1.0),Land use,I,PAK,Pakistan,A,Annual,ORGANIC,Agriculture area under organic agriculture,KM2,Square kilometres,2021,,698.5,,A,Normal value,0,Units,1,One
DATAFLOW,OECD.ENV.EPI:DSD_LAND_USE@DF_LAND_USE(1.0),Land use,I,PAN,Panama,A,Annual,ORGANIC,Agriculture area under organic agriculture,KM2,Square kilometres,2021,,59.3,,A,Normal value,0,Units,1,One
DATAFLOW,OECD.ENV.EPI:DSD_LAND_USE@DF_LAND_USE(1.0),Land use,I,PNG,Papua New Guinea,A,Annual,ORGANIC,Agriculture area under organic agriculture,KM2,Square kilometres,2021,,880.1,,A,Normal value,0,Units,1,One
DATAFLOW,OECD.ENV.EPI:DSD_LAND_USE@DF_LAND_USE(1.0),Land use,I,PRY,Paraguay,A,Annual,ORGANIC,Agriculture area under organic agriculture,KM2,Square kilometres,2021,,1131.5,,A,Normal value,0,Units,1,One
DATAFLOW,OECD.ENV.EPI:DSD_LAND_USE@DF_LAND_USE(1.0),Land use,I,PER,Peru,A,Annual,ORGANIC,Agriculture area under organic agriculture,KM2,Square kilometres,2021,,5943.103,,A,Normal value,0,Units,1,One
DATAFLOW,OECD.ENV.EPI:DSD_LAND_USE@DF_LAND_USE(1.0),Land use,I,PHL,Philippines,A,Annual,ORGANIC,Agriculture area under organic agriculture,KM2,Square kilometres,2021,,2163.3,,A,Normal value,0,Units,1,One
DATAFLOW,OECD.ENV.EPI:DSD_LAND_USE@DF_LAND_USE(1.0),Land use,I,PRI,Puerto Rico,A,Annual,ORGANIC,Agriculture area under organic agriculture,KM2,Square kilometres,2021,,0.09999999,,A,Normal value,0,Units,1,One
DATAFLOW,OECD.ENV.EPI:DSD_LAND_USE@DF_LAND_USE(1.0),Land use,I,REU,Réunion,A,Annual,ORGANIC,Agriculture area under organic agriculture,KM2,Square kilometres,2021,,19.812,,A,Normal value,0,Units,1,One
DATAFLOW,OECD.ENV.EPI:DSD_LAND_USE@DF_LAND_USE(1.0),Land use,I,ROU,Romania,A,Annual,ORGANIC,Agriculture area under organic agriculture,KM2,Square kilometres,2021,,5787,,A,Normal value,0,Units,1,One
DATAFLOW,OECD.ENV.EPI:DSD_LAND_USE@DF_LAND_USE(1.0),Land use,I,RUS,Russia,A,Annual,ORGANIC,Agriculture area under organic agriculture,KM2,Square kilometres,2021,,6550,,A,Normal value,0,Units,1,One
DATAFLOW,OECD.ENV.EPI:DSD_LAND_USE@DF_LAND_USE(1.0),Land use,I,RWA,Rwanda,A,Annual,ORGANIC,Agriculture area under organic agriculture,KM2,Square kilometres,2021,,47,,A,Normal value,0,Units,1,One
DATAFLOW,OECD.ENV.EPI:DSD_LAND_USE@DF_LAND_USE(1.0),Land use,I,LCA,Saint Lucia,A,Annual,ORGANIC,Agriculture area under organic agriculture,KM2,Square kilometres,2021,,0.3,,A,Normal value,0,Units,1,One
DATAFLOW,OECD.ENV.EPI:DSD_LAND_USE@DF_LAND_USE(1.0),Land use,I,WSM,Samoa,A,Annual,ORGANIC,Agriculture area under organic agriculture,KM2,Square kilometres,2021,,409.9,,A,Normal value,0,Units,1,One
DATAFLOW,OECD.ENV.EPI:DSD_LAND_USE@DF_LAND_USE(1.0),Land use,I,STP,Sao Tome and Principe,A,Annual,ORGANIC,Agriculture area under organic agriculture,KM2,Square kilometres,2021,,91,,A,Normal value,0,Units,1,One
DATAFLOW,OECD.ENV.EPI:DSD_LAND_USE@DF_LAND_USE(1.0),Land use,I,SAU,Saudi Arabia,A,Annual,ORGANIC,Agriculture area under organic agriculture,KM2,Square kilometres,2021,,271.09,,A,Normal value,0,Units,1,One
DATAFLOW,OECD.ENV.EPI:DSD_LAND_USE@DF_LAND_USE(1.0),Land use,I,SEN,Senegal,A,Annual,ORGANIC,Agriculture area under organic agriculture,KM2,Square kilometres,2021,,32.6,,A,Normal value,0,Units,1,One
DATAFLOW,OECD.ENV.EPI:DSD_LAND_USE@DF_LAND_USE(1.0),Land use,I,SLE,Sierra Leone,A,Annual,ORGANIC,Agriculture area under organic agriculture,KM2,Square kilometres,2021,,1939.5,,A,Normal value,0,Units,1,One
DATAFLOW,OECD.ENV.EPI:DSD_LAND_USE@DF_LAND_USE(1.0),Land use,I,SGP,Singapore,A,Annual,ORGANIC,Agriculture area under organic agriculture,KM2,Square kilometres,2021,,0.2,,A,Normal value,0,Units,1,One
DATAFLOW,OECD.ENV.EPI:DSD_LAND_USE@DF_LAND_USE(1.0),Land use,I,SLB,Solomon Islands,A,Annual,ORGANIC,Agriculture area under organic agriculture,KM2,Square kilometres,2021,,82.3,,A,Normal value,0,Units,1,One
DATAFLOW,OECD.ENV.EPI:DSD_LAND_USE@DF_LAND_USE(1.0),Land use,I,ZAF,South Africa,A,Annual,ORGANIC,Agriculture area under organic agriculture,KM2,Square kilometres,2021,,973.6,,A,Normal value,0,Units,1,One
DATAFLOW,OECD.ENV.EPI:DSD_LAND_USE@DF_LAND_USE(1.0),Land use,I,LKA,Sri Lanka,A,Annual,ORGANIC,Agriculture area under organic agriculture,KM2,Square kilometres,2021,,666.2,,A,Normal value,0,Units,1,One
DATAFLOW,OECD.ENV.EPI:DSD_LAND_USE@DF_LAND_USE(1.0),Land use,I,SDN,Sudan,A,Annual,ORGANIC,Agriculture area under organic agriculture,KM2,Square kilometres,2021,,720,,A,Normal value,0,Units,1,One
DATAFLOW,OECD.ENV.EPI:DSD_LAND_USE@DF_LAND_USE(1.0),Land use,I,SUR,Suriname,A,Annual,ORGANIC,Agriculture area under organic agriculture,KM2,Square kilometres,2021,,0.5,,A,Normal value,0,Units,1,One
DATAFLOW,OECD.ENV.EPI:DSD_LAND_USE@DF_LAND_USE(1.0),Land use,I,SYR,Syrian Arab Republic,A,Annual,ORGANIC,Agriculture area under organic agriculture,KM2,Square kilometres,2021,,200,,A,Normal value,0,Units,1,One
DATAFLOW,OECD.ENV.EPI:DSD_LAND_USE@DF_LAND_USE(1.0),Land use,I,TWN,Chinese Taipei,A,Annual,ORGANIC,Agriculture area under organic agriculture,KM2,Square kilometres,2021,,117.7,,A,Normal value,0,Units,1,One
DATAFLOW,OECD.ENV.EPI:DSD_LAND_USE@DF_LAND_USE(1.0),Land use,I,TJK,Tajikistan,A,Annual,ORGANIC,Agriculture area under organic agriculture,KM2,Square kilometres,2021,,222.9,,A,Normal value,0,Units,1,One
DATAFLOW,OECD.ENV.EPI:DSD_LAND_USE@DF_LAND_USE(1.0),Land use,I,TZA,Tanzania,A,Annual,ORGANIC,Agriculture area under organic agriculture,KM2,Square kilometres,2021,,2866.3,,A,Normal value,0,Units,1,One
DATAFLOW,OECD.ENV.EPI:DSD_LAND_USE@DF_LAND_USE(1.0),Land use,I,THA,Thailand,A,Annual,ORGANIC,Agriculture area under organic agriculture,KM2,Square kilometres,2021,,1679.9,,A,Normal value,0,Units,1,One
DATAFLOW,OECD.ENV.EPI:DSD_LAND_USE@DF_LAND_USE(1.0),Land use,I,TLS,Timor-Leste,A,Annual,ORGANIC,Agriculture area under organic agriculture,KM2,Square kilometres,2021,,323.1,,A,Normal value,0,Units,1,One
DATAFLOW,OECD.ENV.EPI:DSD_LAND_USE@DF_LAND_USE(1.0),Land use,I,TGO,Togo,A,Annual,ORGANIC,Agriculture area under organic agriculture,KM2,Square kilometres,2021,,1308.6,,A,Normal value,0,Units,1,One
DATAFLOW,OECD.ENV.EPI:DSD_LAND_USE@DF_LAND_USE(1.0),Land use,I,TON,Tonga,A,Annual,ORGANIC,Agriculture area under organic agriculture,KM2,Square kilometres,2021,,11.2,,A,Normal value,0,Units,1,One
DATAFLOW,OECD.ENV.EPI:DSD_LAND_USE@DF_LAND_USE(1.0),Land use,I,TUN,Tunisia,A,Annual,ORGANIC,Agriculture area under organic agriculture,KM2,Square kilometres,2021,,2793.9,,A,Normal value,0,Units,1,One
DATAFLOW,OECD.ENV.EPI:DSD_LAND_USE@DF_LAND_USE(1.0),Land use,I,UGA,Uganda,A,Annual,ORGANIC,Agriculture area under organic agriculture,KM2,Square kilometres,2021,,5053.1,,A,Normal value,0,Units,1,One
DATAFLOW,OECD.ENV.EPI:DSD_LAND_USE@DF_LAND_USE(1.0),Land use,I,UKR,Ukraine,A,Annual,ORGANIC,Agriculture area under organic agriculture,KM2,Square kilometres,2021,,4223,,A,Normal value,0,Units,1,One
DATAFLOW,OECD.ENV.EPI:DSD_LAND_USE@DF_LAND_USE(1.0),Land use,I,ARE,United Arab Emirates,A,Annual,ORGANIC,Agriculture area under organic agriculture,KM2,Square kilometres,2021,,54.2,,A,Normal value,0,Units,1,One
DATAFLOW,OECD.ENV.EPI:DSD_LAND_USE@DF_LAND_USE(1.0),Land use,I,URY,Uruguay,A,Annual,ORGANIC,Agriculture area under organic agriculture,KM2,Square kilometres,2021,,27418.5,,A,Normal value,0,Units,1,One
DATAFLOW,OECD.ENV.EPI:DSD_LAND_USE@DF_LAND_USE(1.0),Land use,I,UZB,Uzbekistan,A,Annual,ORGANIC,Agriculture area under organic agriculture,KM2,Square kilometres,2021,,49.3,,A,Normal value,0,Units,1,One
DATAFLOW,OECD.ENV.EPI:DSD_LAND_USE@DF_LAND_USE(1.0),Land use,I,VUT,Vanuatu,A,Annual,ORGANIC,Agriculture area under organic agriculture,KM2,Square kilometres,2021,,62.8,,A,Normal value,0,Units,1,One
DATAFLOW,OECD.ENV.EPI:DSD_LAND_USE@DF_LAND_USE(1.0),Land use,I,VEN,Venezuela,A,Annual,ORGANIC,Agriculture area under organic agriculture,KM2,Square kilometres,2021,,25,,A,Normal value,0,Units,1,One
DATAFLOW,OECD.ENV.EPI:DSD_LAND_USE@DF_LAND_USE(1.0),Land use,I,VNM,Viet Nam,A,Annual,ORGANIC,Agriculture area under organic agriculture,KM2,Square kilometres,2021,,745.4,,A,Normal value,0,Units,1,One
DATAFLOW,OECD.ENV.EPI:DSD_LAND_USE@DF_LAND_USE(1.0),Land use,I,ZMB,Zambia,A,Annual,ORGANIC,Agriculture area under organic agriculture,KM2,Square kilometres,2021,,33.8,,A,Normal value,0,Units,1,One
DATAFLOW,OECD.ENV.EPI:DSD_LAND_USE@DF_LAND_USE(1.0),Land use,I,ZWE,Zimbabwe,A,Annual,ORGANIC,Agriculture area under organic agriculture,KM2,Square kilometres,2021,,10.8,,A,Normal value,0,Units,1,One
DATAFLOW,OECD.ENV.EPI:DSD_LAND_USE@DF_LAND_USE(1.0),Land use,I,AUS,Australia,A,Annual,FOREST_PL,Planted Forest,KM2,Square kilometres,2021,,20809.6,,A,Normal value,0,Units,1,One
DATAFLOW,OECD.ENV.EPI:DSD_LAND_USE@DF_LAND_USE(1.0),Land use,I,CHL,Chile,A,Annual,FOREST_PL,Planted Forest,KM2,Square kilometres,2021,,31640.8,,A,Normal value,0,Units,1,One
DATAFLOW,OECD.ENV.EPI:DSD_LAND_USE@DF_LAND_USE(1.0),Land use,I,COL,Colombia,A,Annual,FOREST_PL,Planted Forest,KM2,Square kilometres,2021,,5405.7,,A,Normal value,0,Units,1,One
DATAFLOW,OECD.ENV.EPI:DSD_LAND_USE@DF_LAND_USE(1.0),Land use,I,CRI,Costa Rica,A,Annual,FOREST_PL,Planted Forest,KM2,Square kilometres,2021,,567.7,,A,Normal value,0,Units,1,One
DATAFLOW,OECD.ENV.EPI:DSD_LAND_USE@DF_LAND_USE(1.0),Land use,I,CZE,Czechia,A,Annual,FOREST_PL,Planted Forest,KM2,Square kilometres,2021,,24713.5,,A,Normal value,0,Units,1,One
DATAFLOW,OECD.ENV.EPI:DSD_LAND_USE@DF_LAND_USE(1.0),Land use,I,DNK,Denmark,A,Annual,FOREST_PL,Planted Forest,KM2,Square kilometres,2021,,4280.2,,A,Normal value,0,Units,1,One
DATAFLOW,OECD.ENV.EPI:DSD_LAND_USE@DF_LAND_USE(1.0),Land use,I,EST,Estonia,A,Annual,FOREST_PL,Planted Forest,KM2,Square kilometres,2021,,2357.2,,A,Normal value,0,Units,1,One
DATAFLOW,OECD.ENV.EPI:DSD_LAND_USE@DF_LAND_USE(1.0),Land use,I,IRL,Ireland,A,Annual,FOREST_PL,Planted Forest,KM2,Square kilometres,2021,,6881.1,,A,Normal value,0,Units,1,One
DATAFLOW,OECD.ENV.EPI:DSD_LAND_USE@DF_LAND_USE(1.0),Land use,I,ITA,Italy,A,Annual,FOREST_PL,Planted Forest,KM2,Square kilometres,2021,,6298,,A,Normal value,0,Units,1,One
DATAFLOW,OECD.ENV.EPI:DSD_LAND_USE@DF_LAND_USE(1.0),Land use,I,LVA,Latvia,A,Annual,FOREST_PL,Planted Forest,KM2,Square kilometres,2021,,5463.4,,A,Normal value,0,Units,1,One
DATAFLOW,OECD.ENV.EPI:DSD_LAND_USE@DF_LAND_USE(1.0),Land use,I,LTU,Lithuania,A,Annual,FOREST_PL,Planted Forest,KM2,Square kilometres,2021,,5865.3,,A,Normal value,0,Units,1,One
DATAFLOW,OECD.ENV.EPI:DSD_LAND_USE@DF_LAND_USE(1.0),Land use,I,MEX,Mexico,A,Annual,FOREST_PL,Planted Forest,KM2,Square kilometres,2021,,1209.9,,A,Normal value,0,Units,1,One
DATAFLOW,OECD.ENV.EPI:DSD_LAND_USE@DF_LAND_USE(1.0),Land use,I,NLD,Netherlands,A,Annual,FOREST_PL,Planted Forest,KM2,Square kilometres,2021,,3252.3,,A,Normal value,0,Units,1,One
DATAFLOW,OECD.ENV.EPI:DSD_LAND_USE@DF_LAND_USE(1.0),Land use,I,NZL,New Zealand,A,Annual,FOREST_PL,Planted Forest,KM2,Square kilometres,2021,,21852.8,,A,Normal value,0,Units,1,One
DATAFLOW,OECD.ENV.EPI:DSD_LAND_USE@DF_LAND_USE(1.0),Land use,I,PRT,Portugal,A,Annual,FOREST_PL,Planted Forest,KM2,Square kilometres,2021,,24744.3,,A,Normal value,0,Units,1,One
DATAFLOW,OECD.ENV.EPI:DSD_LAND_USE@DF_LAND_USE(1.0),Land use,I,SVK,Slovak Republic,A,Annual,FOREST_PL,Planted Forest,KM2,Square kilometres,2021,,7732.3,,A,Normal value,0,Units,1,One
DATAFLOW,OECD.ENV.EPI:DSD_LAND_USE@DF_LAND_USE(1.0),Land use,I,SVN,Slovenia,A,Annual,FOREST_PL,Planted Forest,KM2,Square kilometres,2021,,654.6,,A,Normal value,0,Units,1,One
DATAFLOW,OECD.ENV.EPI:DSD_LAND_USE@DF_LAND_USE(1.0),Land use,I,ESP,Spain,A,Annual,FOREST_PL,Planted Forest,KM2,Square kilometres,2021,,28058.4,,A,Normal value,0,Units,1,One
DATAFLOW,OECD.ENV.EPI:DSD_LAND_USE@DF_LAND_USE(1.0),Land use,I,CHE,Switzerland,A,Annual,FOREST_PL,Planted Forest,KM2,Square kilometres,2021,,1593.2,,A,Normal value,0,Units,1,One
DATAFLOW,OECD.ENV.EPI:DSD_LAND_USE@DF_LAND_USE(1.0),Land use,I,TUR,Türkiye,A,Annual,FOREST_PL,Planted Forest,KM2,Square kilometres,2021,,7248.7,,A,Normal value,0,Units,1,One
DATAFLOW,OECD.ENV.EPI:DSD_LAND_USE@DF_LAND_USE(1.0),Land use,I,DZA,Algeria,A,Annual,FOREST_PL,Planted Forest,KM2,Square kilometres,2021,,2701.4,,A,Normal value,0,Units,1,One
DATAFLOW,OECD.ENV.EPI:DSD_LAND_USE@DF_LAND_USE(1.0),Land use,I,ARM,Armenia,A,Annual,FOREST_PL,Planted Forest,KM2,Square kilometres,2021,,2002.4,,A,Normal value,0,Units,1,One
DATAFLOW,OECD.ENV.EPI:DSD_LAND_USE@DF_LAND_USE(1.0),Land use,I,AZE,Azerbaijan,A,Annual,FOREST_PL,Planted Forest,KM2,Square kilometres,2021,,3045.6,,A,Normal value,0,Units,1,One
DATAFLOW,OECD.ENV.EPI:DSD_LAND_USE@DF_LAND_USE(1.0),Land use,I,BGD,Bangladesh,A,Annual,FOREST_PL,Planted Forest,KM2,Square kilometres,2021,,2614.4,,A,Normal value,0,Units,1,One
DATAFLOW,OECD.ENV.EPI:DSD_LAND_USE@DF_LAND_USE(1.0),Land use,I,BEN,Benin,A,Annual,FOREST_PL,Planted Forest,KM2,Square kilometres,2021,,422.3,,A,Normal value,0,Units,1,One
DATAFLOW,OECD.ENV.EPI:DSD_LAND_USE@DF_LAND_USE(1.0),Land use,I,BOL,Bolivia,A,Annual,FOREST_PL,Planted Forest,KM2,Square kilometres,2021,,990.8,,A,Normal value,0,Units,1,One
DATAFLOW,OECD.ENV.EPI:DSD_LAND_USE@DF_LAND_USE(1.0),Land use,I,BIH,Bosnia and Herzegovina,A,Annual,FOREST_PL,Planted Forest,KM2,Square kilometres,2021,,20449.1,,A,Normal value,0,Units,1,One
DATAFLOW,OECD.ENV.EPI:DSD_LAND_USE@DF_LAND_USE(1.0),Land use,I,BRA,Brazil,A,Annual,FOREST_PL,Planted Forest,KM2,Square kilometres,2021,,95432.8,,A,Normal value,0,Units,1,One
DATAFLOW,OECD.ENV.EPI:DSD_LAND_USE@DF_LAND_USE(1.0),Land use,I,BRN,Brunei Darussalam,A,Annual,FOREST_PL,Planted Forest,KM2,Square kilometres,2021,,55.8,,A,Normal value,0,Units,1,One
DATAFLOW,OECD.ENV.EPI:DSD_LAND_USE@DF_LAND_USE(1.0),Land use,I,KHM,Cambodia,A,Annual,FOREST_PL,Planted Forest,KM2,Square kilometres,2021,,5677.9,,A,Normal value,0,Units,1,One
DATAFLOW,OECD.ENV.EPI:DSD_LAND_USE@DF_LAND_USE(1.0),Land use,I,CAF,Central African Republic,A,Annual,FOREST_PL,Planted Forest,KM2,Square kilometres,2021,,40.6,,A,Normal value,0,Units,1,One
DATAFLOW,OECD.ENV.EPI:DSD_LAND_USE@DF_LAND_USE(1.0),Land use,I,CIV,Côte d’Ivoire,A,Annual,FOREST_PL,Planted Forest,KM2,Square kilometres,2021,,8572.3,,A,Normal value,0,Units,1,One
DATAFLOW,OECD.ENV.EPI:DSD_LAND_USE@DF_LAND_USE(1.0),Land use,I,HRV,Croatia,A,Annual,FOREST_PL,Planted Forest,KM2,Square kilometres,2021,,745.7,,A,Normal value,0,Units,1,One
DATAFLOW,OECD.ENV.EPI:DSD_LAND_USE@DF_LAND_USE(1.0),Land use,I,CUB,Cuba,A,Annual,FOREST_PL,Planted Forest,KM2,Square kilometres,2021,,6519.3,,A,Normal value,0,Units,1,One
DATAFLOW,OECD.ENV.EPI:DSD_LAND_USE@DF_LAND_USE(1.0),Land use,I,PRK,Democratic People’s Republic of Korea,A,Annual,FOREST_PL,Planted Forest,KM2,Square kilometres,2021,,15433.3,,A,Normal value,0,Units,1,One
DATAFLOW,OECD.ENV.EPI:DSD_LAND_USE@DF_LAND_USE(1.0),Land use,I,COD,Democratic Republic of the Congo,A,Annual,FOREST_PL,Planted Forest,KM2,Square kilometres,2021,,1216.7,,A,Normal value,0,Units,1,One
DATAFLOW,OECD.ENV.EPI:DSD_LAND_USE@DF_LAND_USE(1.0),Land use,I,DJI,Djibouti,A,Annual,FOREST_PL,Planted Forest,KM2,Square kilometres,2021,,2.9,,A,Normal value,0,Units,1,One
DATAFLOW,OECD.ENV.EPI:DSD_LAND_USE@DF_LAND_USE(1.0),Land use,I,DOM,Dominican Republic,A,Annual,FOREST_PL,Planted Forest,KM2,Square kilometres,2021,,2127.9,,A,Normal value,0,Units,1,One
DATAFLOW,OECD.ENV.EPI:DSD_LAND_USE@DF_LAND_USE(1.0),Land use,I,ECU,Ecuador,A,Annual,FOREST_PL,Planted Forest,KM2,Square kilometres,2021,,1207.7,,A,Normal value,0,Units,1,One
DATAFLOW,OECD.ENV.EPI:DSD_LAND_USE@DF_LAND_USE(1.0),Land use,I,EGY,Egypt,A,Annual,FOREST_PL,Planted Forest,KM2,Square kilometres,2021,,33.9,,A,Normal value,0,Units,1,One
DATAFLOW,OECD.ENV.EPI:DSD_LAND_USE@DF_LAND_USE(1.0),Land use,I,FJI,Fiji,A,Annual,FOREST_PL,Planted Forest,KM2,Square kilometres,2021,,2110,,A,Normal value,0,Units,1,One
DATAFLOW,OECD.ENV.EPI:DSD_LAND_USE@DF_LAND_USE(1.0),Land use,I,GAB,Gabon,A,Annual,FOREST_PL,Planted Forest,KM2,Square kilometres,2021,,478.9,,A,Normal value,0,Units,1,One
DATAFLOW,OECD.ENV.EPI:DSD_LAND_USE@DF_LAND_USE(1.0),Land use,I,GMB,Gambia,A,Annual,FOREST_PL,Planted Forest,KM2,Square kilometres,2021,,17.7,,A,Normal value,0,Units,1,One
DATAFLOW,OECD.ENV.EPI:DSD_LAND_USE@DF_LAND_USE(1.0),Land use,I,HND,Honduras,A,Annual,FOREST_PL,Planted Forest,KM2,Square kilometres,2021,,277.8,,A,Normal value,0,Units,1,One
DATAFLOW,OECD.ENV.EPI:DSD_LAND_USE@DF_LAND_USE(1.0),Land use,I,IRN,Iran,A,Annual,FOREST_PL,Planted Forest,KM2,Square kilometres,2021,,15589,,A,Normal value,0,Units,1,One
DATAFLOW,OECD.ENV.EPI:DSD_LAND_USE@DF_LAND_USE(1.0),Land use,I,IRQ,Iraq,A,Annual,FOREST_PL,Planted Forest,KM2,Square kilometres,2021,,154.7,,A,Normal value,0,Units,1,One
DATAFLOW,OECD.ENV.EPI:DSD_LAND_USE@DF_LAND_USE(1.0),Land use,I,JAM,Jamaica,A,Annual,FOREST_PL,Planted Forest,KM2,Square kilometres,2021,,83.9,,A,Normal value,0,Units,1,One
DATAFLOW,OECD.ENV.EPI:DSD_LAND_USE@DF_LAND_USE(1.0),Land use,I,JOR,Jordan,A,Annual,FOREST_PL,Planted Forest,KM2,Square kilometres,2021,,298.4,,A,Normal value,0,Units,1,One
DATAFLOW,OECD.ENV.EPI:DSD_LAND_USE@DF_LAND_USE(1.0),Land use,I,KAZ,Kazakhstan,A,Annual,FOREST_PL,Planted Forest,KM2,Square kilometres,2021,,4241,,A,Normal value,0,Units,1,One
DATAFLOW,OECD.ENV.EPI:DSD_LAND_USE@DF_LAND_USE(1.0),Land use,I,LBY,Libya,A,Annual,FOREST_PL,Planted Forest,KM2,Square kilometres,2021,,723.3,,A,Normal value,0,Units,1,One
DATAFLOW,OECD.ENV.EPI:DSD_LAND_USE@DF_LAND_USE(1.0),Land use,I,MDG,Madagascar,A,Annual,FOREST_PL,Planted Forest,KM2,Square kilometres,2021,,2484,,A,Normal value,0,Units,1,One
DATAFLOW,OECD.ENV.EPI:DSD_LAND_USE@DF_LAND_USE(1.0),Land use,I,MWI,Malawi,A,Annual,FOREST_PL,Planted Forest,KM2,Square kilometres,2021,,723.7,,A,Normal value,0,Units,1,One
DATAFLOW,OECD.ENV.EPI:DSD_LAND_USE@DF_LAND_USE(1.0),Land use,I,MLI,Mali,A,Annual,FOREST_PL,Planted Forest,KM2,Square kilometres,2021,,4982.4,,A,Normal value,0,Units,1,One
DATAFLOW,OECD.ENV.EPI:DSD_LAND_USE@DF_LAND_USE(1.0),Land use,I,MLT,Malta,A,Annual,FOREST_PL,Planted Forest,KM2,Square kilometres,2021,,1.1,,A,Normal value,0,Units,1,One
DATAFLOW,OECD.ENV.EPI:DSD_LAND_USE@DF_LAND_USE(1.0),Land use,I,MRT,Mauritania,A,Annual,FOREST_PL,Planted Forest,KM2,Square kilometres,2021,,3686.7,,A,Normal value,0,Units,1,One
DATAFLOW,OECD.ENV.EPI:DSD_LAND_USE@DF_LAND_USE(1.0),Land use,I,MYT,Mayotte,A,Annual,FOREST_PL,Planted Forest,KM2,Square kilometres,2021,,6.3,,A,Normal value,0,Units,1,One
DATAFLOW,OECD.ENV.EPI:DSD_LAND_USE@DF_LAND_USE(1.0),Land use,I,MAR,Morocco,A,Annual,FOREST_PL,Planted Forest,KM2,Square kilometres,2021,,5769.6,,A,Normal value,0,Units,1,One
DATAFLOW,OECD.ENV.EPI:DSD_LAND_USE@DF_LAND_USE(1.0),Land use,I,MOZ,Mozambique,A,Annual,FOREST_PL,Planted Forest,KM2,Square kilometres,2021,,762.7,,A,Normal value,0,Units,1,One
DATAFLOW,OECD.ENV.EPI:DSD_LAND_USE@DF_LAND_USE(1.0),Land use,I,MMR,Myanmar,A,Annual,FOREST_PL,Planted Forest,KM2,Square kilometres,2021,,13302.1,,A,Normal value,0,Units,1,One
DATAFLOW,OECD.ENV.EPI:DSD_LAND_USE@DF_LAND_USE(1.0),Land use,I,NIC,Nicaragua,A,Annual,FOREST_PL,Planted Forest,KM2,Square kilometres,2021,,1049.1,,A,Normal value,0,Units,1,One
DATAFLOW,OECD.ENV.EPI:DSD_LAND_USE@DF_LAND_USE(1.0),Land use,I,NGA,Nigeria,A,Annual,FOREST_PL,Planted Forest,KM2,Square kilometres,2021,,25383.7,,A,Normal value,0,Units,1,One
DATAFLOW,OECD.ENV.EPI:DSD_LAND_USE@DF_LAND_USE(1.0),Land use,I,PAK,Pakistan,A,Annual,FOREST_PL,Planted Forest,KM2,Square kilometres,2021,,1195.9,,A,Normal value,0,Units,1,One
DATAFLOW,OECD.ENV.EPI:DSD_LAND_USE@DF_LAND_USE(1.0),Land use,I,PLW,Palau,A,Annual,FOREST_PL,Planted Forest,KM2,Square kilometres,2021,,207.6,,A,Normal value,0,Units,1,One
DATAFLOW,OECD.ENV.EPI:DSD_LAND_USE@DF_LAND_USE(1.0),Land use,I,PAN,Panama,A,Annual,FOREST_PL,Planted Forest,KM2,Square kilometres,2021,,675.7,,A,Normal value,0,Units,1,One
DATAFLOW,OECD.ENV.EPI:DSD_LAND_USE@DF_LAND_USE(1.0),Land use,I,PRY,Paraguay,A,Annual,FOREST_PL,Planted Forest,KM2,Square kilometres,2021,,1060.4,,A,Normal value,0,Units,1,One
DATAFLOW,OECD.ENV.EPI:DSD_LAND_USE@DF_LAND_USE(1.0),Land use,I,PER,Peru,A,Annual,FOREST_PL,Planted Forest,KM2,Square kilometres,2021,,1661.4,,A,Normal value,0,Units,1,One
DATAFLOW,OECD.ENV.EPI:DSD_LAND_USE@DF_LAND_USE(1.0),Land use,I,PHL,Philippines,A,Annual,FOREST_PL,Planted Forest,KM2,Square kilometres,2021,,5734.9,,A,Normal value,0,Units,1,One
DATAFLOW,OECD.ENV.EPI:DSD_LAND_USE@DF_LAND_USE(1.0),Land use,I,ROU,Romania,A,Annual,FOREST_PL,Planted Forest,KM2,Square kilometres,2021,,8513.4,,A,Normal value,0,Units,1,One
DATAFLOW,OECD.ENV.EPI:DSD_LAND_USE@DF_LAND_USE(1.0),Land use,I,WSM,Samoa,A,Annual,FOREST_PL,Planted Forest,KM2,Square kilometres,2021,,466.9,,A,Normal value,0,Units,1,One
DATAFLOW,OECD.ENV.EPI:DSD_LAND_USE@DF_LAND_USE(1.0),Land use,I,SEN,Senegal,A,Annual,FOREST_PL,Planted Forest,KM2,Square kilometres,2021,,421,,A,Normal value,0,Units,1,One
DATAFLOW,OECD.ENV.EPI:DSD_LAND_USE@DF_LAND_USE(1.0),Land use,I,SYC,Seychelles,A,Annual,FOREST_PL,Planted Forest,KM2,Square kilometres,2021,,48.9,,A,Normal value,0,Units,1,One
DATAFLOW,OECD.ENV.EPI:DSD_LAND_USE@DF_LAND_USE(1.0),Land use,I,SLE,Sierra Leone,A,Annual,FOREST_PL,Planted Forest,KM2,Square kilometres,2021,,219.8,,A,Normal value,0,Units,1,One
DATAFLOW,OECD.ENV.EPI:DSD_LAND_USE@DF_LAND_USE(1.0),Land use,I,ZAF,South Africa,A,Annual,FOREST_PL,Planted Forest,KM2,Square kilometres,2021,,23651.4,,A,Normal value,0,Units,1,One
DATAFLOW,OECD.ENV.EPI:DSD_LAND_USE@DF_LAND_USE(1.0),Land use,I,TJK,Tajikistan,A,Annual,FOREST_PL,Planted Forest,KM2,Square kilometres,2021,,1168.3,,A,Normal value,0,Units,1,One
DATAFLOW,OECD.ENV.EPI:DSD_LAND_USE@DF_LAND_USE(1.0),Land use,I,TUN,Tunisia,A,Annual,FOREST_PL,Planted Forest,KM2,Square kilometres,2021,,1561.3,,A,Normal value,0,Units,1,One
DATAFLOW,OECD.ENV.EPI:DSD_LAND_USE@DF_LAND_USE(1.0),Land use,I,UGA,Uganda,A,Annual,FOREST_PL,Planted Forest,KM2,Square kilometres,2021,,4750,,A,Normal value,0,Units,1,One
DATAFLOW,OECD.ENV.EPI:DSD_LAND_USE@DF_LAND_USE(1.0),Land use,I,ARE,United Arab Emirates,A,Annual,FOREST_PL,Planted Forest,KM2,Square kilometres,2021,,122.7,,A,Normal value,0,Units,1,One
DATAFLOW,OECD.ENV.EPI:DSD_LAND_USE@DF_LAND_USE(1.0),Land use,I,URY,Uruguay,A,Annual,FOREST_PL,Planted Forest,KM2,Square kilometres,2021,,11030.9,,A,Normal value,0,Units,1,One
DATAFLOW,OECD.ENV.EPI:DSD_LAND_USE@DF_LAND_USE(1.0),Land use,I,UZB,Uzbekistan,A,Annual,FOREST_PL,Planted Forest,KM2,Square kilometres,2021,,22901.8,,A,Normal value,0,Units,1,One
DATAFLOW,OECD.ENV.EPI:DSD_LAND_USE@DF_LAND_USE(1.0),Land use,I,VUT,Vanuatu,A,Annual,FOREST_PL,Planted Forest,KM2,Square kilometres,2021,,183.6,,A,Normal value,0,Units,1,One
DATAFLOW,OECD.ENV.EPI:DSD_LAND_USE@DF_LAND_USE(1.0),Land use,I,VEN,Venezuela,A,Annual,FOREST_PL,Planted Forest,KM2,Square kilometres,2021,,10669.5,,A,Normal value,0,Units,1,One
DATAFLOW,OECD.ENV.EPI:DSD_LAND_USE@DF_LAND_USE(1.0),Land use,I,VNM,Viet Nam,A,Annual,FOREST_PL,Planted Forest,KM2,Square kilometres,2021,,37391.3,,A,Normal value,0,Units,1,One
DATAFLOW,OECD.ENV.EPI:DSD_LAND_USE@DF_LAND_USE(1.0),Land use,I,WLF,Wallis and Futuna,A,Annual,FOREST_PL,Planted Forest,KM2,Square kilometres,2021,,3.8,,A,Normal value,0,Units,1,One
DATAFLOW,OECD.ENV.EPI:DSD_LAND_USE@DF_LAND_USE(1.0),Land use,I,ZMB,Zambia,A,Annual,FOREST_PL,Planted Forest,KM2,Square kilometres,2021,,543.1,,A,Normal value,0,Units,1,One
DATAFLOW,OECD.ENV.EPI:DSD_LAND_USE@DF_LAND_USE(1.0),Land use,I,ZWE,Zimbabwe,A,Annual,FOREST_PL,Planted Forest,KM2,Square kilometres,2021,,3256.9,,A,Normal value,0,Units,1,One
DATAFLOW,OECD.ENV.EPI:DSD_LAND_USE@DF_LAND_USE(1.0),Land use,I,AUT,Austria,A,Annual,FOREST_PL,Planted Forest,KM2,Square kilometres,2021,,13285,,A,Normal value,0,Units,1,One
DATAFLOW,OECD.ENV.EPI:DSD_LAND_USE@DF_LAND_USE(1.0),Land use,I,BEL,Belgium,A,Annual,FOREST_PL,Planted Forest,KM2,Square kilometres,2021,,4272.2,,A,Normal value,0,Units,1,One
DATAFLOW,OECD.ENV.EPI:DSD_LAND_USE@DF_LAND_USE(1.0),Land use,I,CAN,Canada,A,Annual,FOREST_PL,Planted Forest,KM2,Square kilometres,2021,,188954.1,,A,Normal value,0,Units,1,One
DATAFLOW,OECD.ENV.EPI:DSD_LAND_USE@DF_LAND_USE(1.0),Land use,I,FIN,Finland,A,Annual,FOREST_PL,Planted Forest,KM2,Square kilometres,2021,,78359.5,,A,Normal value,0,Units,1,One
DATAFLOW,OECD.ENV.EPI:DSD_LAND_USE@DF_LAND_USE(1.0),Land use,I,FRA,France,A,Annual,FOREST_PL,Planted Forest,KM2,Square kilometres,2021,,23064,,A,Normal value,0,Units,1,One
DATAFLOW,OECD.ENV.EPI:DSD_LAND_USE@DF_LAND_USE(1.0),Land use,I,DEU,Germany,A,Annual,FOREST_PL,Planted Forest,KM2,Square kilometres,2021,,57311,,A,Normal value,0,Units,1,One
DATAFLOW,OECD.ENV.EPI:DSD_LAND_USE@DF_LAND_USE(1.0),Land use,I,GRC,Greece,A,Annual,FOREST_PL,Planted Forest,KM2,Square kilometres,2021,,1701.3,,A,Normal value,0,Units,1,One
DATAFLOW,OECD.ENV.EPI:DSD_LAND_USE@DF_LAND_USE(1.0),Land use,I,HUN,Hungary,A,Annual,FOREST_PL,Planted Forest,KM2,Square kilometres,2021,,7830.1,,A,Normal value,0,Units,1,One
DATAFLOW,OECD.ENV.EPI:DSD_LAND_USE@DF_LAND_USE(1.0),Land use,I,ISL,Iceland,A,Annual,FOREST_PL,Planted Forest,KM2,Square kilometres,2021,,457.9,,A,Normal value,0,Units,1,One
DATAFLOW,OECD.ENV.EPI:DSD_LAND_USE@DF_LAND_USE(1.0),Land use,I,ISR,Israel,A,Annual,FOREST_PL,Planted Forest,KM2,Square kilometres,2021,,880,,A,Normal value,0,Units,1,One
DATAFLOW,OECD.ENV.EPI:DSD_LAND_USE@DF_LAND_USE(1.0),Land use,I,JPN,Japan,A,Annual,FOREST_PL,Planted Forest,KM2,Square kilometres,2021,,101114,,A,Normal value,0,Units,1,One
DATAFLOW,OECD.ENV.EPI:DSD_LAND_USE@DF_LAND_USE(1.0),Land use,I,KOR,Korea,A,Annual,FOREST_PL,Planted Forest,KM2,Square kilometres,2021,,22656,,A,Normal value,0,Units,1,One
DATAFLOW,OECD.ENV.EPI:DSD_LAND_USE@DF_LAND_USE(1.0),Land use,I,LUX,Luxembourg,A,Annual,FOREST_PL,Planted Forest,KM2,Square kilometres,2021,,300,,A,Normal value,0,Units,1,One
DATAFLOW,OECD.ENV.EPI:DSD_LAND_USE@DF_LAND_USE(1.0),Land use,I,NOR,Norway,A,Annual,FOREST_PL,Planted Forest,KM2,Square kilometres,2021,,1131.1,,A,Normal value,0,Units,1,One
DATAFLOW,OECD.ENV.EPI:DSD_LAND_USE@DF_LAND_USE(1.0),Land use,I,POL,Poland,A,Annual,FOREST_PL,Planted Forest,KM2,Square kilometres,2021,,73869,,A,Normal value,0,Units,1,One
DATAFLOW,OECD.ENV.EPI:DSD_LAND_USE@DF_LAND_USE(1.0),Land use,I,SWE,Sweden,A,Annual,FOREST_PL,Planted Forest,KM2,Square kilometres,2021,,84822,,A,Normal value,0,Units,1,One
DATAFLOW,OECD.ENV.EPI:DSD_LAND_USE@DF_LAND_USE(1.0),Land use,I,GBR,United Kingdom,A,Annual,FOREST_PL,Planted Forest,KM2,Square kilometres,2021,,28836,,A,Normal value,0,Units,1,One
DATAFLOW,OECD.ENV.EPI:DSD_LAND_USE@DF_LAND_USE(1.0),Land use,I,USA,United States,A,Annual,FOREST_PL,Planted Forest,KM2,Square kilometres,2021,,274542,,A,Normal value,0,Units,1,One
DATAFLOW,OECD.ENV.EPI:DSD_LAND_USE@DF_LAND_USE(1.0),Land use,I,OECD,OECD,A,Annual,FOREST_PL,Planted Forest,KM2,Square kilometres,2021,,1162176,,A,Normal value,0,Units,1,One
DATAFLOW,OECD.ENV.EPI:DSD_LAND_USE@DF_LAND_USE(1.0),Land use,I,ALB,Albania,A,Annual,FOREST_PL,Planted Forest,KM2,Square kilometres,2021,,703.9,,A,Normal value,0,Units,1,One
DATAFLOW,OECD.ENV.EPI:DSD_LAND_USE@DF_LAND_USE(1.0),Land use,I,AGO,Angola,A,Annual,FOREST_PL,Planted Forest,KM2,Square kilometres,2021,,574.4,,A,Normal value,0,Units,1,One
DATAFLOW,OECD.ENV.EPI:DSD_LAND_USE@DF_LAND_USE(1.0),Land use,I,ARG,Argentina,A,Annual,FOREST_PL,Planted Forest,KM2,Square kilometres,2021,,13168,,A,Normal value,0,Units,1,One
DATAFLOW,OECD.ENV.EPI:DSD_LAND_USE@DF_LAND_USE(1.0),Land use,I,BHR,Bahrain,A,Annual,FOREST_PL,Planted Forest,KM2,Square kilometres,2021,,23.9,,A,Normal value,0,Units,1,One
DATAFLOW,OECD.ENV.EPI:DSD_LAND_USE@DF_LAND_USE(1.0),Land use,I,BLR,Belarus,A,Annual,FOREST_PL,Planted Forest,KM2,Square kilometres,2021,,22386.7,,A,Normal value,0,Units,1,One
DATAFLOW,OECD.ENV.EPI:DSD_LAND_USE@DF_LAND_USE(1.0),Land use,I,BTN,Bhutan,A,Annual,FOREST_PL,Planted Forest,KM2,Square kilometres,2021,,203.8,,A,Normal value,0,Units,1,One
DATAFLOW,OECD.ENV.EPI:DSD_LAND_USE@DF_LAND_USE(1.0),Land use,I,BGR,Bulgaria,A,Annual,FOREST_PL,Planted Forest,KM2,Square kilometres,2021,,7700,,A,Normal value,0,Units,1,One
DATAFLOW,OECD.ENV.EPI:DSD_LAND_USE@DF_LAND_USE(1.0),Land use,I,BFA,Burkina Faso,A,Annual,FOREST_PL,Planted Forest,KM2,Square kilometres,2021,,48.9,,A,Normal value,0,Units,1,One
DATAFLOW,OECD.ENV.EPI:DSD_LAND_USE@DF_LAND_USE(1.0),Land use,I,BDI,Burundi,A,Annual,FOREST_PL,Planted Forest,KM2,Square kilometres,2021,,1129.7,,A,Normal value,0,Units,1,One
DATAFLOW,OECD.ENV.EPI:DSD_LAND_USE@DF_LAND_USE(1.0),Land use,I,CPV,Cabo Verde,A,Annual,FOREST_PL,Planted Forest,KM2,Square kilometres,2021,,349,,A,Normal value,0,Units,1,One
DATAFLOW,OECD.ENV.EPI:DSD_LAND_USE@DF_LAND_USE(1.0),Land use,I,CMR,Cameroon,A,Annual,FOREST_PL,Planted Forest,KM2,Square kilometres,2021,,1211,,A,Normal value,0,Units,1,One
DATAFLOW,OECD.ENV.EPI:DSD_LAND_USE@DF_LAND_USE(1.0),Land use,I,TCD,Chad,A,Annual,FOREST_PL,Planted Forest,KM2,Square kilometres,2021,,200.4,,A,Normal value,0,Units,1,One
DATAFLOW,OECD.ENV.EPI:DSD_LAND_USE@DF_LAND_USE(1.0),Land use,I,CHN,China (People’s Republic of),A,Annual,FOREST_PL,Planted Forest,KM2,Square kilometres,2021,,889590,,A,Normal value,0,Units,1,One
DATAFLOW,OECD.ENV.EPI:DSD_LAND_USE@DF_LAND_USE(1.0),Land use,I,COM,Comoros,A,Annual,FOREST_PL,Planted Forest,KM2,Square kilometres,2021,,13.6,,A,Normal value,0,Units,1,One
DATAFLOW,OECD.ENV.EPI:DSD_LAND_USE@DF_LAND_USE(1.0),Land use,I,COG,Congo,A,Annual,FOREST_PL,Planted Forest,KM2,Square kilometres,2021,,741,,A,Normal value,0,Units,1,One
DATAFLOW,OECD.ENV.EPI:DSD_LAND_USE@DF_LAND_USE(1.0),Land use,I,COK,Cook Islands,A,Annual,FOREST_PL,Planted Forest,KM2,Square kilometres,2021,,11.9,,A,Normal value,0,Units,1,One
DATAFLOW,OECD.ENV.EPI:DSD_LAND_USE@DF_LAND_USE(1.0),Land use,I,CYP,Cyprus,A,Annual,FOREST_PL,Planted Forest,KM2,Square kilometres,2021,,328.7,,A,Normal value,0,Units,1,One
DATAFLOW,OECD.ENV.EPI:DSD_LAND_USE@DF_LAND_USE(1.0),Land use,I,DMA,Dominica,A,Annual,FOREST_PL,Planted Forest,KM2,Square kilometres,2021,,8.1,,A,Normal value,0,Units,1,One
DATAFLOW,OECD.ENV.EPI:DSD_LAND_USE@DF_LAND_USE(1.0),Land use,I,SLV,El Salvador,A,Annual,FOREST_PL,Planted Forest,KM2,Square kilometres,2021,,87.60001,,A,Normal value,0,Units,1,One
DATAFLOW,OECD.ENV.EPI:DSD_LAND_USE@DF_LAND_USE(1.0),Land use,I,GNQ,Equatorial Guinea,A,Annual,FOREST_PL,Planted Forest,KM2,Square kilometres,2021,,1250,,A,Normal value,0,Units,1,One
DATAFLOW,OECD.ENV.EPI:DSD_LAND_USE@DF_LAND_USE(1.0),Land use,I,ERI,Eritrea,A,Annual,FOREST_PL,Planted Forest,KM2,Square kilometres,2021,,100,,A,Normal value,0,Units,1,One
DATAFLOW,OECD.ENV.EPI:DSD_LAND_USE@DF_LAND_USE(1.0),Land use,I,SWZ,Eswatini,A,Annual,FOREST_PL,Planted Forest,KM2,Square kilometres,2021,,1452.1,,A,Normal value,0,Units,1,One
DATAFLOW,OECD.ENV.EPI:DSD_LAND_USE@DF_LAND_USE(1.0),Land use,I,ETH,Ethiopia,A,Annual,FOREST_PL,Planted Forest,KM2,Square kilometres,2021,,8862.6,,A,Normal value,0,Units,1,One
DATAFLOW,OECD.ENV.EPI:DSD_LAND_USE@DF_LAND_USE(1.0),Land use,I,FRO,Faroe Islands,A,Annual,FOREST_PL,Planted Forest,KM2,Square kilometres,2021,,0.8,,A,Normal value,0,Units,1,One
DATAFLOW,OECD.ENV.EPI:DSD_LAND_USE@DF_LAND_USE(1.0),Land use,I,GUF,French Guiana,A,Annual,FOREST_PL,Planted Forest,KM2,Square kilometres,2021,,8,,A,Normal value,0,Units,1,One
DATAFLOW,OECD.ENV.EPI:DSD_LAND_USE@DF_LAND_USE(1.0),Land use,I,PYF,French Polynesia,A,Annual,FOREST_PL,Planted Forest,KM2,Square kilometres,2021,,94.6,,A,Normal value,0,Units,1,One
DATAFLOW,OECD.ENV.EPI:DSD_LAND_USE@DF_LAND_USE(1.0),Land use,I,GEO,Georgia,A,Annual,FOREST_PL,Planted Forest,KM2,Square kilometres,2021,,465.1,,A,Normal value,0,Units,1,One
DATAFLOW,OECD.ENV.EPI:DSD_LAND_USE@DF_LAND_USE(1.0),Land use,I,GHA,Ghana,A,Annual,FOREST_PL,Planted Forest,KM2,Square kilometres,2021,,2787,,A,Normal value,0,Units,1,One
DATAFLOW,OECD.ENV.EPI:DSD_LAND_USE@DF_LAND_USE(1.0),Land use,I,GRL,Greenland,A,Annual,FOREST_PL,Planted Forest,KM2,Square kilometres,2021,,2.2,,A,Normal value,0,Units,1,One
DATAFLOW,OECD.ENV.EPI:DSD_LAND_USE@DF_LAND_USE(1.0),Land use,I,GRD,Grenada,A,Annual,FOREST_PL,Planted Forest,KM2,Square kilometres,2021,,2.1,,A,Normal value,0,Units,1,One
DATAFLOW,OECD.ENV.EPI:DSD_LAND_USE@DF_LAND_USE(1.0),Land use,I,GUM,Guam,A,Annual,FOREST_PL,Planted Forest,KM2,Square kilometres,2021,,280,,A,Normal value,0,Units,1,One
DATAFLOW,OECD.ENV.EPI:DSD_LAND_USE@DF_LAND_USE(1.0),Land use,I,GTM,Guatemala,A,Annual,FOREST_PL,Planted Forest,KM2,Square kilometres,2021,,2057.1,,A,Normal value,0,Units,1,One
DATAFLOW,OECD.ENV.EPI:DSD_LAND_USE@DF_LAND_USE(1.0),Land use,I,GIN,Guinea,A,Annual,FOREST_PL,Planted Forest,KM2,Square kilometres,2021,,1074.5,,A,Normal value,0,Units,1,One
DATAFLOW,OECD.ENV.EPI:DSD_LAND_USE@DF_LAND_USE(1.0),Land use,I,GNB,Guinea-Bissau,A,Annual,FOREST_PL,Planted Forest,KM2,Square kilometres,2021,,3.7,,A,Normal value,0,Units,1,One
DATAFLOW,OECD.ENV.EPI:DSD_LAND_USE@DF_LAND_USE(1.0),Land use,I,HTI,Haiti,A,Annual,FOREST_PL,Planted Forest,KM2,Square kilometres,2021,,320,,A,Normal value,0,Units,1,One
DATAFLOW,OECD.ENV.EPI:DSD_LAND_USE@DF_LAND_USE(1.0),Land use,I,IND,India,A,Annual,FOREST_PL,Planted Forest,KM2,Square kilometres,2021,,133059.1,,A,Normal value,0,Units,1,One
DATAFLOW,OECD.ENV.EPI:DSD_LAND_USE@DF_LAND_USE(1.0),Land use,I,IDN,Indonesia,A,Annual,FOREST_PL,Planted Forest,KM2,Square kilometres,2021,,54566.6,,A,Normal value,0,Units,1,One
DATAFLOW,OECD.ENV.EPI:DSD_LAND_USE@DF_LAND_USE(1.0),Land use,I,KEN,Kenya,A,Annual,FOREST_PL,Planted Forest,KM2,Square kilometres,2021,,1527,,A,Normal value,0,Units,1,One
DATAFLOW,OECD.ENV.EPI:DSD_LAND_USE@DF_LAND_USE(1.0),Land use,I,KWT,Kuwait,A,Annual,FOREST_PL,Planted Forest,KM2,Square kilometres,2021,,63,,A,Normal value,0,Units,1,One
DATAFLOW,OECD.ENV.EPI:DSD_LAND_USE@DF_LAND_USE(1.0),Land use,I,KGZ,Kyrgyzstan,A,Annual,FOREST_PL,Planted Forest,KM2,Square kilometres,2021,,859.5,,A,Normal value,0,Units,1,One
DATAFLOW,OECD.ENV.EPI:DSD_LAND_USE@DF_LAND_USE(1.0),Land use,I,LAO,Lao People’s Democratic Republic,A,Annual,FOREST_PL,Planted Forest,KM2,Square kilometres,2021,,2682.6,,A,Normal value,0,Units,1,One
DATAFLOW,OECD.ENV.EPI:DSD_LAND_USE@DF_LAND_USE(1.0),Land use,I,LBN,Lebanon,A,Annual,FOREST_PL,Planted Forest,KM2,Square kilometres,2021,,3.5,,A,Normal value,0,Units,1,One
DATAFLOW,OECD.ENV.EPI:DSD_LAND_USE@DF_LAND_USE(1.0),Land use,I,LSO,Lesotho,A,Annual,FOREST_PL,Planted Forest,KM2,Square kilometres,2021,,86.7,,A,Normal value,0,Units,1,One
DATAFLOW,OECD.ENV.EPI:DSD_LAND_USE@DF_LAND_USE(1.0),Land use,I,LBR,Liberia,A,Annual,FOREST_PL,Planted Forest,KM2,Square kilometres,2021,,2000,,A,Normal value,0,Units,1,One
DATAFLOW,OECD.ENV.EPI:DSD_LAND_USE@DF_LAND_USE(1.0),Land use,I,LIE,Liechtenstein,A,Annual,FOREST_PL,Planted Forest,KM2,Square kilometres,2021,,6,,A,Normal value,0,Units,1,One
DATAFLOW,OECD.ENV.EPI:DSD_LAND_USE@DF_LAND_USE(1.0),Land use,I,MYS,Malaysia,A,Annual,FOREST_PL,Planted Forest,KM2,Square kilometres,2021,,21269,,A,Normal value,0,Units,1,One
DATAFLOW,OECD.ENV.EPI:DSD_LAND_USE@DF_LAND_USE(1.0),Land use,I,MHL,Marshall Islands,A,Annual,FOREST_PL,Planted Forest,KM2,Square kilometres,2021,,30.8,,A,Normal value,0,Units,1,One
DATAFLOW,OECD.ENV.EPI:DSD_LAND_USE@DF_LAND_USE(1.0),Land use,I,MTQ,Martinique,A,Annual,FOREST_PL,Planted Forest,KM2,Square kilometres,2021,,27,,A,Normal value,0,Units,1,One
DATAFLOW,OECD.ENV.EPI:DSD_LAND_USE@DF_LAND_USE(1.0),Land use,I,MUS,Mauritius,A,Annual,FOREST_PL,Planted Forest,KM2,Square kilometres,2021,,179.9,,A,Normal value,0,Units,1,One
DATAFLOW,OECD.ENV.EPI:DSD_LAND_USE@DF_LAND_USE(1.0),Land use,I,FSM,Micronesia,A,Annual,FOREST_PL,Planted Forest,KM2,Square kilometres,2021,,142.1,,A,Normal value,0,Units,1,One
DATAFLOW,OECD.ENV.EPI:DSD_LAND_USE@DF_LAND_USE(1.0),Land use,I,MDA,Moldova,A,Annual,FOREST_PL,Planted Forest,KM2,Square kilometres,2021,,2108.8,,A,Normal value,0,Units,1,One
DATAFLOW,OECD.ENV.EPI:DSD_LAND_USE@DF_LAND_USE(1.0),Land use,I,MNG,Mongolia,A,Annual,FOREST_PL,Planted Forest,KM2,Square kilometres,2021,,79.1,,A,Normal value,0,Units,1,One
DATAFLOW,OECD.ENV.EPI:DSD_LAND_USE@DF_LAND_USE(1.0),Land use,I,NPL,Nepal,A,Annual,FOREST_PL,Planted Forest,KM2,Square kilometres,2021,,3700.1,,A,Normal value,0,Units,1,One
DATAFLOW,OECD.ENV.EPI:DSD_LAND_USE@DF_LAND_USE(1.0),Land use,I,NCL,New Caledonia,A,Annual,FOREST_PL,Planted Forest,KM2,Square kilometres,2021,,53,,A,Normal value,0,Units,1,One
DATAFLOW,OECD.ENV.EPI:DSD_LAND_USE@DF_LAND_USE(1.0),Land use,I,NER,Niger,A,Annual,FOREST_PL,Planted Forest,KM2,Square kilometres,2021,,1375,,A,Normal value,0,Units,1,One
DATAFLOW,OECD.ENV.EPI:DSD_LAND_USE@DF_LAND_USE(1.0),Land use,I,NIU,Niue,A,Annual,FOREST_PL,Planted Forest,KM2,Square kilometres,2021,,0.09999999,,A,Normal value,0,Units,1,One
DATAFLOW,OECD.ENV.EPI:DSD_LAND_USE@DF_LAND_USE(1.0),Land use,I,NFK,Norfolk Island,A,Annual,FOREST_PL,Planted Forest,KM2,Square kilometres,2021,,0.5,,A,Normal value,0,Units,1,One
DATAFLOW,OECD.ENV.EPI:DSD_LAND_USE@DF_LAND_USE(1.0),Land use,I,OMN,Oman,A,Annual,FOREST_PL,Planted Forest,KM2,Square kilometres,2021,,0.3,,A,Normal value,0,Units,1,One
DATAFLOW,OECD.ENV.EPI:DSD_LAND_USE@DF_LAND_USE(1.0),Land use,I,PNG,Papua New Guinea,A,Annual,FOREST_PL,Planted Forest,KM2,Square kilometres,2021,,547.5,,A,Normal value,0,Units,1,One
DATAFLOW,OECD.ENV.EPI:DSD_LAND_USE@DF_LAND_USE(1.0),Land use,I,QAT,Qatar,A,Annual,FOREST_PL,Planted Forest,KM2,Square kilometres,2021,,0.7,,A,Normal value,0,Units,1,One
DATAFLOW,OECD.ENV.EPI:DSD_LAND_USE@DF_LAND_USE(1.0),Land use,I,REU,Réunion,A,Annual,FOREST_PL,Planted Forest,KM2,Square kilometres,2021,,53.8,,A,Normal value,0,Units,1,One
DATAFLOW,OECD.ENV.EPI:DSD_LAND_USE@DF_LAND_USE(1.0),Land use,I,RUS,Russia,A,Annual,FOREST_PL,Planted Forest,KM2,Square kilometres,2021,,206578.8,,A,Normal value,0,Units,1,One
DATAFLOW,OECD.ENV.EPI:DSD_LAND_USE@DF_LAND_USE(1.0),Land use,I,RWA,Rwanda,A,Annual,FOREST_PL,Planted Forest,KM2,Square kilometres,2021,,3652.7,,A,Normal value,0,Units,1,One
DATAFLOW,OECD.ENV.EPI:DSD_LAND_USE@DF_LAND_USE(1.0),Land use,I,LCA,Saint Lucia,A,Annual,FOREST_PL,Planted Forest,KM2,Square kilometres,2021,,31.5,,A,Normal value,0,Units,1,One
DATAFLOW,OECD.ENV.EPI:DSD_LAND_USE@DF_LAND_USE(1.0),Land use,I,SAU,Saudi Arabia,A,Annual,FOREST_PL,Planted Forest,KM2,Square kilometres,2021,,695.9,,A,Normal value,0,Units,1,One
DATAFLOW,OECD.ENV.EPI:DSD_LAND_USE@DF_LAND_USE(1.0),Land use,I,SLB,Solomon Islands,A,Annual,FOREST_PL,Planted Forest,KM2,Square kilometres,2021,,254.8,,A,Normal value,0,Units,1,One
DATAFLOW,OECD.ENV.EPI:DSD_LAND_USE@DF_LAND_USE(1.0),Land use,I,SOM,Somalia,A,Annual,FOREST_PL,Planted Forest,KM2,Square kilometres,2021,,40,,A,Normal value,0,Units,1,One
DATAFLOW,OECD.ENV.EPI:DSD_LAND_USE@DF_LAND_USE(1.0),Land use,I,LKA,Sri Lanka,A,Annual,FOREST_PL,Planted Forest,KM2,Square kilometres,2021,,2364.3,,A,Normal value,0,Units,1,One
DATAFLOW,OECD.ENV.EPI:DSD_LAND_USE@DF_LAND_USE(1.0),Land use,I,SDN,Sudan,A,Annual,FOREST_PL,Planted Forest,KM2,Square kilometres,2021,,1302.5,,A,Normal value,0,Units,1,One
DATAFLOW,OECD.ENV.EPI:DSD_LAND_USE@DF_LAND_USE(1.0),Land use,I,SUR,Suriname,A,Annual,FOREST_PL,Planted Forest,KM2,Square kilometres,2021,,141.5,,A,Normal value,0,Units,1,One
DATAFLOW,OECD.ENV.EPI:DSD_LAND_USE@DF_LAND_USE(1.0),Land use,I,SYR,Syrian Arab Republic,A,Annual,FOREST_PL,Planted Forest,KM2,Square kilometres,2021,,2948.1,,A,Normal value,0,Units,1,One
DATAFLOW,OECD.ENV.EPI:DSD_LAND_USE@DF_LAND_USE(1.0),Land use,I,TZA,Tanzania,A,Annual,FOREST_PL,Planted Forest,KM2,Square kilometres,2021,,5530.4,,A,Normal value,0,Units,1,One
DATAFLOW,OECD.ENV.EPI:DSD_LAND_USE@DF_LAND_USE(1.0),Land use,I,THA,Thailand,A,Annual,FOREST_PL,Planted Forest,KM2,Square kilometres,2021,,38316,,A,Normal value,0,Units,1,One
DATAFLOW,OECD.ENV.EPI:DSD_LAND_USE@DF_LAND_USE(1.0),Land use,I,TLS,Timor-Leste,A,Annual,FOREST_PL,Planted Forest,KM2,Square kilometres,2021,,117.3,,A,Normal value,0,Units,1,One
DATAFLOW,OECD.ENV.EPI:DSD_LAND_USE@DF_LAND_USE(1.0),Land use,I,TGO,Togo,A,Annual,FOREST_PL,Planted Forest,KM2,Square kilometres,2021,,677,,A,Normal value,0,Units,1,One
DATAFLOW,OECD.ENV.EPI:DSD_LAND_USE@DF_LAND_USE(1.0),Land use,I,TTO,Trinidad and Tobago,A,Annual,FOREST_PL,Planted Forest,KM2,Square kilometres,2021,,440.2,,A,Normal value,0,Units,1,One
DATAFLOW,OECD.ENV.EPI:DSD_LAND_USE@DF_LAND_USE(1.0),Land use,I,TKM,Turkmenistan,A,Annual,FOREST_PL,Planted Forest,KM2,Square kilometres,2021,,1500,,A,Normal value,0,Units,1,One
DATAFLOW,OECD.ENV.EPI:DSD_LAND_USE@DF_LAND_USE(1.0),Land use,I,UKR,Ukraine,A,Annual,FOREST_PL,Planted Forest,KM2,Square kilometres,2021,,48480,,A,Normal value,0,Units,1,One
DATAFLOW,OECD.ENV.EPI:DSD_LAND_USE@DF_LAND_USE(1.0),Land use,I,YEM,Yemen,A,Annual,FOREST_PL,Planted Forest,KM2,Square kilometres,2021,,1647,,A,Normal value,0,Units,1,One
DATAFLOW,OECD.ENV.EPI:DSD_LAND_USE@DF_LAND_USE(1.0),Land use,I,BLZ,Belize,A,Annual,FOREST_PL,Planted Forest,KM2,Square kilometres,2021,,13.1,,A,Normal value,0,Units,1,One
DATAFLOW,OECD.ENV.EPI:DSD_LAND_USE@DF_LAND_USE(1.0),Land use,I,GLP,Guadeloupe,A,Annual,FOREST_PL,Planted Forest,KM2,Square kilometres,2021,,5,,A,Normal value,0,Units,1,One
DATAFLOW,OECD.ENV.EPI:DSD_LAND_USE@DF_LAND_USE(1.0),Land use,I,VCT,Saint Vincent and the Grenadines,A,Annual,FOREST_PL,Planted Forest,KM2,Square kilometres,2021,,5,,A,Normal value,0,Units,1,One
DATAFLOW,OECD.ENV.EPI:DSD_LAND_USE@DF_LAND_USE(1.0),Land use,I,TON,Tonga,A,Annual,FOREST_PL,Planted Forest,KM2,Square kilometres,2021,,5,,A,Normal value,0,Units,1,One
DATAFLOW,OECD.ENV.EPI:DSD_LAND_USE@DF_LAND_USE(1.0),Land use,I,AUT,Austria,A,Annual,FOREST_N,Naturally regenerating forest,KM2,Square kilometres,2021,,25641.4,,A,Normal value,0,Units,1,One
DATAFLOW,OECD.ENV.EPI:DSD_LAND_USE@DF_LAND_USE(1.0),Land use,I,EST,Estonia,A,Annual,FOREST_N,Naturally regenerating forest,KM2,Square kilometres,2021,,22087.2,,A,Normal value,0,Units,1,One
DATAFLOW,OECD.ENV.EPI:DSD_LAND_USE@DF_LAND_USE(1.0),Land use,I,HUN,Hungary,A,Annual,FOREST_N,Naturally regenerating forest,KM2,Square kilometres,2021,,12800.6,,A,Normal value,0,Units,1,One
DATAFLOW,OECD.ENV.EPI:DSD_LAND_USE@DF_LAND_USE(1.0),Land use,I,ISL,Iceland,A,Annual,FOREST_N,Naturally regenerating forest,KM2,Square kilometres,2021,,118.3,,A,Normal value,0,Units,1,One
DATAFLOW,OECD.ENV.EPI:DSD_LAND_USE@DF_LAND_USE(1.0),Land use,I,IRL,Ireland,A,Annual,FOREST_N,Naturally regenerating forest,KM2,Square kilometres,2021,,1131.1,,A,Normal value,0,Units,1,One
DATAFLOW,OECD.ENV.EPI:DSD_LAND_USE@DF_LAND_USE(1.0),Land use,I,ITA,Italy,A,Annual,FOREST_N,Naturally regenerating forest,KM2,Square kilometres,2021,,87422,,A,Normal value,0,Units,1,One
DATAFLOW,OECD.ENV.EPI:DSD_LAND_USE@DF_LAND_USE(1.0),Land use,I,LVA,Latvia,A,Annual,FOREST_N,Naturally regenerating forest,KM2,Square kilometres,2021,,28943.5,,A,Normal value,0,Units,1,One
DATAFLOW,OECD.ENV.EPI:DSD_LAND_USE@DF_LAND_USE(1.0),Land use,I,LTU,Lithuania,A,Annual,FOREST_N,Naturally regenerating forest,KM2,Square kilometres,2021,,16184.9,,A,Normal value,0,Units,1,One
DATAFLOW,OECD.ENV.EPI:DSD_LAND_USE@DF_LAND_USE(1.0),Land use,I,NLD,Netherlands,A,Annual,FOREST_N,Naturally regenerating forest,KM2,Square kilometres,2021,,423,,A,Normal value,0,Units,1,One
DATAFLOW,OECD.ENV.EPI:DSD_LAND_USE@DF_LAND_USE(1.0),Land use,I,NZL,New Zealand,A,Annual,FOREST_N,Naturally regenerating forest,KM2,Square kilometres,2021,,78475.5,,A,Normal value,0,Units,1,One
DATAFLOW,OECD.ENV.EPI:DSD_LAND_USE@DF_LAND_USE(1.0),Land use,I,PRT,Portugal,A,Annual,FOREST_N,Naturally regenerating forest,KM2,Square kilometres,2021,,8656.1,,A,Normal value,0,Units,1,One
DATAFLOW,OECD.ENV.EPI:DSD_LAND_USE@DF_LAND_USE(1.0),Land use,I,SVK,Slovak Republic,A,Annual,FOREST_N,Naturally regenerating forest,KM2,Square kilometres,2021,,11598.4,,A,Normal value,0,Units,1,One
DATAFLOW,OECD.ENV.EPI:DSD_LAND_USE@DF_LAND_USE(1.0),Land use,I,SVN,Slovenia,A,Annual,FOREST_N,Naturally regenerating forest,KM2,Square kilometres,2021,,11783.2,,A,Normal value,0,Units,1,One
DATAFLOW,OECD.ENV.EPI:DSD_LAND_USE@DF_LAND_USE(1.0),Land use,I,CHE,Switzerland,A,Annual,FOREST_N,Naturally regenerating forest,KM2,Square kilometres,2021,,11010.1,,A,Normal value,0,Units,1,One
DATAFLOW,OECD.ENV.EPI:DSD_LAND_USE@DF_LAND_USE(1.0),Land use,I,AND,Andorra,A,Annual,FOREST_N,Naturally regenerating forest,KM2,Square kilometres,2021,,181.7,,A,Normal value,0,Units,1,One
DATAFLOW,OECD.ENV.EPI:DSD_LAND_USE@DF_LAND_USE(1.0),Land use,I,ATG,Antigua and Barbuda,A,Annual,FOREST_N,Naturally regenerating forest,KM2,Square kilometres,2021,,80.5,,A,Normal value,0,Units,1,One
DATAFLOW,OECD.ENV.EPI:DSD_LAND_USE@DF_LAND_USE(1.0),Land use,I,ARG,Argentina,A,Annual,FOREST_N,Naturally regenerating forest,KM2,Square kilometres,2021,,459992.7,,A,Normal value,0,Units,1,One
DATAFLOW,OECD.ENV.EPI:DSD_LAND_USE@DF_LAND_USE(1.0),Land use,I,ARM,Armenia,A,Annual,FOREST_N,Naturally regenerating forest,KM2,Square kilometres,2021,,1335.3,,A,Normal value,0,Units,1,One
DATAFLOW,OECD.ENV.EPI:DSD_LAND_USE@DF_LAND_USE(1.0),Land use,I,AZE,Azerbaijan,A,Annual,FOREST_N,Naturally regenerating forest,KM2,Square kilometres,2021,,8671.3,,A,Normal value,0,Units,1,One
DATAFLOW,OECD.ENV.EPI:DSD_LAND_USE@DF_LAND_USE(1.0),Land use,I,BGD,Bangladesh,A,Annual,FOREST_N,Naturally regenerating forest,KM2,Square kilometres,2021,,16160.3,,A,Normal value,0,Units,1,One
DATAFLOW,OECD.ENV.EPI:DSD_LAND_USE@DF_LAND_USE(1.0),Land use,I,BLZ,Belize,A,Annual,FOREST_N,Naturally regenerating forest,KM2,Square kilometres,2021,,13438.8,,A,Normal value,0,Units,1,One
DATAFLOW,OECD.ENV.EPI:DSD_LAND_USE@DF_LAND_USE(1.0),Land use,I,BEN,Benin,A,Annual,FOREST_N,Naturally regenerating forest,KM2,Square kilometres,2021,,32405.7,,A,Normal value,0,Units,1,One
DATAFLOW,OECD.ENV.EPI:DSD_LAND_USE@DF_LAND_USE(1.0),Land use,I,BTN,Bhutan,A,Annual,FOREST_N,Naturally regenerating forest,KM2,Square kilometres,2021,,26883,,A,Normal value,0,Units,1,One
DATAFLOW,OECD.ENV.EPI:DSD_LAND_USE@DF_LAND_USE(1.0),Land use,I,BIH,Bosnia and Herzegovina,A,Annual,FOREST_N,Naturally regenerating forest,KM2,Square kilometres,2021,,1130.3,,A,Normal value,0,Units,1,One
DATAFLOW,OECD.ENV.EPI:DSD_LAND_USE@DF_LAND_USE(1.0),Land use,I,BRN,Brunei Darussalam,A,Annual,FOREST_N,Naturally regenerating forest,KM2,Square kilometres,2021,,3744.2,,A,Normal value,0,Units,1,One
DATAFLOW,OECD.ENV.EPI:DSD_LAND_USE@DF_LAND_USE(1.0),Land use,I,TCD,Chad,A,Annual,FOREST_N,Naturally regenerating forest,KM2,Square kilometres,2021,,41029.4,,A,Normal value,0,Units,1,One
DATAFLOW,OECD.ENV.EPI:DSD_LAND_USE@DF_LAND_USE(1.0),Land use,I,HRV,Croatia,A,Annual,FOREST_N,Naturally regenerating forest,KM2,Square kilometres,2021,,18663.5,,A,Normal value,0,Units,1,One
DATAFLOW,OECD.ENV.EPI:DSD_LAND_USE@DF_LAND_USE(1.0),Land use,I,CUB,Cuba,A,Annual,FOREST_N,Naturally regenerating forest,KM2,Square kilometres,2021,,29616.9,,A,Normal value,0,Units,1,One
DATAFLOW,OECD.ENV.EPI:DSD_LAND_USE@DF_LAND_USE(1.0),Land use,I,CYP,Cyprus,A,Annual,FOREST_N,Naturally regenerating forest,KM2,Square kilometres,2021,,1395,,A,Normal value,0,Units,1,One
DATAFLOW,OECD.ENV.EPI:DSD_LAND_USE@DF_LAND_USE(1.0),Land use,I,PRK,Democratic People’s Republic of Korea,A,Annual,FOREST_N,Naturally regenerating forest,KM2,Square kilometres,2021,,61391.7,,A,Normal value,0,Units,1,One
DATAFLOW,OECD.ENV.EPI:DSD_LAND_USE@DF_LAND_USE(1.0),Land use,I,DMA,Dominica,A,Annual,FOREST_N,Naturally regenerating forest,KM2,Square kilometres,2021,,575.3,,A,Normal value,0,Units,1,One
DATAFLOW,OECD.ENV.EPI:DSD_LAND_USE@DF_LAND_USE(1.0),Land use,I,DOM,Dominican Republic,A,Annual,FOREST_N,Naturally regenerating forest,KM2,Square kilometres,2021,,20181.9,,A,Normal value,0,Units,1,One
DATAFLOW,OECD.ENV.EPI:DSD_LAND_USE@DF_LAND_USE(1.0),Land use,I,SLV,El Salvador,A,Annual,FOREST_N,Naturally regenerating forest,KM2,Square kilometres,2021,,6727.4,,A,Normal value,0,Units,1,One
DATAFLOW,OECD.ENV.EPI:DSD_LAND_USE@DF_LAND_USE(1.0),Land use,I,ERI,Eritrea,A,Annual,FOREST_N,Naturally regenerating forest,KM2,Square kilometres,2021,,14559.6,,A,Normal value,0,Units,1,One
DATAFLOW,OECD.ENV.EPI:DSD_LAND_USE@DF_LAND_USE(1.0),Land use,I,GMB,Gambia,A,Annual,FOREST_N,Naturally regenerating forest,KM2,Square kilometres,2021,,2338.3,,A,Normal value,0,Units,1,One
DATAFLOW,OECD.ENV.EPI:DSD_LAND_USE@DF_LAND_USE(1.0),Land use,I,GEO,Georgia,A,Annual,FOREST_N,Naturally regenerating forest,KM2,Square kilometres,2021,,30539.9,,A,Normal value,0,Units,1,One
DATAFLOW,OECD.ENV.EPI:DSD_LAND_USE@DF_LAND_USE(1.0),Land use,I,GIN,Guinea,A,Annual,FOREST_N,Naturally regenerating forest,KM2,Square kilometres,2021,,50178.5,,A,Normal value,0,Units,1,One
DATAFLOW,OECD.ENV.EPI:DSD_LAND_USE@DF_LAND_USE(1.0),Land use,I,GNB,Guinea-Bissau,A,Annual,FOREST_N,Naturally regenerating forest,KM2,Square kilometres,2021,,21165.4,,A,Normal value,0,Units,1,One
DATAFLOW,OECD.ENV.EPI:DSD_LAND_USE@DF_LAND_USE(1.0),Land use,I,HND,Honduras,A,Annual,FOREST_N,Naturally regenerating forest,KM2,Square kilometres,2021,,60344.3,,A,Normal value,0,Units,1,One
DATAFLOW,OECD.ENV.EPI:DSD_LAND_USE@DF_LAND_USE(1.0),Land use,I,JAM,Jamaica,A,Annual,FOREST_N,Naturally regenerating forest,KM2,Square kilometres,2021,,5923.9,,A,Normal value,0,Units,1,One
DATAFLOW,OECD.ENV.EPI:DSD_LAND_USE@DF_LAND_USE(1.0),Land use,I,JOR,Jordan,A,Annual,FOREST_N,Naturally regenerating forest,KM2,Square kilometres,2021,,408.6,,A,Normal value,0,Units,1,One
DATAFLOW,OECD.ENV.EPI:DSD_LAND_USE@DF_LAND_USE(1.0),Land use,I,LBN,Lebanon,A,Annual,FOREST_N,Naturally regenerating forest,KM2,Square kilometres,2021,,1405.9,,A,Normal value,0,Units,1,One
DATAFLOW,OECD.ENV.EPI:DSD_LAND_USE@DF_LAND_USE(1.0),Land use,I,LBY,Libya,A,Annual,FOREST_N,Naturally regenerating forest,KM2,Square kilometres,2021,,1343.3,,A,Normal value,0,Units,1,One
DATAFLOW,OECD.ENV.EPI:DSD_LAND_USE@DF_LAND_USE(1.0),Land use,I,LIE,Liechtenstein,A,Annual,FOREST_N,Naturally regenerating forest,KM2,Square kilometres,2021,,56.4,,A,Normal value,0,Units,1,One
DATAFLOW,OECD.ENV.EPI:DSD_LAND_USE@DF_LAND_USE(1.0),Land use,I,MWI,Malawi,A,Annual,FOREST_N,Naturally regenerating forest,KM2,Square kilometres,2021,,21273.3,,A,Normal value,0,Units,1,One
DATAFLOW,OECD.ENV.EPI:DSD_LAND_USE@DF_LAND_USE(1.0),Land use,I,MTQ,Martinique,A,Annual,FOREST_N,Naturally regenerating forest,KM2,Square kilometres,2021,,496.7,,A,Normal value,0,Units,1,One
DATAFLOW,OECD.ENV.EPI:DSD_LAND_USE@DF_LAND_USE(1.0),Land use,I,MRT,Mauritania,A,Annual,FOREST_N,Naturally regenerating forest,KM2,Square kilometres,2021,,6399.4,,A,Normal value,0,Units,1,One
DATAFLOW,OECD.ENV.EPI:DSD_LAND_USE@DF_LAND_USE(1.0),Land use,I,MYT,Mayotte,A,Annual,FOREST_N,Naturally regenerating forest,KM2,Square kilometres,2021,,91.1,,A,Normal value,0,Units,1,One
DATAFLOW,OECD.ENV.EPI:DSD_LAND_USE@DF_LAND_USE(1.0),Land use,I,MAR,Morocco,A,Annual,FOREST_N,Naturally regenerating forest,KM2,Square kilometres,2021,,51171.3,,A,Normal value,0,Units,1,One
DATAFLOW,OECD.ENV.EPI:DSD_LAND_USE@DF_LAND_USE(1.0),Land use,I,NAM,Namibia,A,Annual,FOREST_N,Naturally regenerating forest,KM2,Square kilometres,2021,,80455.4,,A,Normal value,0,Units,1,One
DATAFLOW,OECD.ENV.EPI:DSD_LAND_USE@DF_LAND_USE(1.0),Land use,I,PAK,Pakistan,A,Annual,FOREST_N,Naturally regenerating forest,KM2,Square kilometres,2021,,29897.3,,A,Normal value,0,Units,1,One
DATAFLOW,OECD.ENV.EPI:DSD_LAND_USE@DF_LAND_USE(1.0),Land use,I,PLW,Palau,A,Annual,FOREST_N,Naturally regenerating forest,KM2,Square kilometres,2021,,207.6,,A,Normal value,0,Units,1,One
DATAFLOW,OECD.ENV.EPI:DSD_LAND_USE@DF_LAND_USE(1.0),Land use,I,PHL,Philippines,A,Annual,FOREST_N,Naturally regenerating forest,KM2,Square kilometres,2021,,66953.5,,A,Normal value,0,Units,1,One
DATAFLOW,OECD.ENV.EPI:DSD_LAND_USE@DF_LAND_USE(1.0),Land use,I,REU,Réunion,A,Annual,FOREST_N,Naturally regenerating forest,KM2,Square kilometres,2021,,717.1,,A,Normal value,0,Units,1,One
DATAFLOW,OECD.ENV.EPI:DSD_LAND_USE@DF_LAND_USE(1.0),Land use,I,ROU,Romania,A,Annual,FOREST_N,Naturally regenerating forest,KM2,Square kilometres,2021,,60833.2,,A,Normal value,0,Units,1,One
DATAFLOW,OECD.ENV.EPI:DSD_LAND_USE@DF_LAND_USE(1.0),Land use,I,SPM,Saint Pierre and Miquelon,A,Annual,FOREST_N,Naturally regenerating forest,KM2,Square kilometres,2021,,11.9,,A,Normal value,0,Units,1,One
DATAFLOW,OECD.ENV.EPI:DSD_LAND_USE@DF_LAND_USE(1.0),Land use,I,STP,Sao Tome and Principe,A,Annual,FOREST_N,Naturally regenerating forest,KM2,Square kilometres,2021,,551.8,,A,Normal value,0,Units,1,One
DATAFLOW,OECD.ENV.EPI:DSD_LAND_USE@DF_LAND_USE(1.0),Land use,I,SEN,Senegal,A,Annual,FOREST_N,Naturally regenerating forest,KM2,Square kilometres,2021,,86693.8,,A,Normal value,0,Units,1,One
DATAFLOW,OECD.ENV.EPI:DSD_LAND_USE@DF_LAND_USE(1.0),Land use,I,SYC,Seychelles,A,Annual,FOREST_N,Naturally regenerating forest,KM2,Square kilometres,2021,,225,,A,Normal value,0,Units,1,One
DATAFLOW,OECD.ENV.EPI:DSD_LAND_USE@DF_LAND_USE(1.0),Land use,I,SLB,Solomon Islands,A,Annual,FOREST_N,Naturally regenerating forest,KM2,Square kilometres,2021,,24916.3,,A,Normal value,0,Units,1,One
DATAFLOW,OECD.ENV.EPI:DSD_LAND_USE@DF_LAND_USE(1.0),Land use,I,LKA,Sri Lanka,A,Annual,FOREST_N,Naturally regenerating forest,KM2,Square kilometres,2021,,19040.4,,A,Normal value,0,Units,1,One
DATAFLOW,OECD.ENV.EPI:DSD_LAND_USE@DF_LAND_USE(1.0),Land use,I,TJK,Tajikistan,A,Annual,FOREST_N,Naturally regenerating forest,KM2,Square kilometres,2021,,3064.7,,A,Normal value,0,Units,1,One
DATAFLOW,OECD.ENV.EPI:DSD_LAND_USE@DF_LAND_USE(1.0),Land use,I,TLS,Timor-Leste,A,Annual,FOREST_N,Naturally regenerating forest,KM2,Square kilometres,2021,,10459.9,,A,Normal value,0,Units,1,One
DATAFLOW,OECD.ENV.EPI:DSD_LAND_USE@DF_LAND_USE(1.0),Land use,I,TGO,Togo,A,Annual,FOREST_N,Naturally regenerating forest,KM2,Square kilometres,2021,,11446.5,,A,Normal value,0,Units,1,One
DATAFLOW,OECD.ENV.EPI:DSD_LAND_USE@DF_LAND_USE(1.0),Land use,I,TTO,Trinidad and Tobago,A,Annual,FOREST_N,Naturally regenerating forest,KM2,Square kilometres,2021,,1837.3,,A,Normal value,0,Units,1,One
DATAFLOW,OECD.ENV.EPI:DSD_LAND_USE@DF_LAND_USE(1.0),Land use,I,UGA,Uganda,A,Annual,FOREST_N,Naturally regenerating forest,KM2,Square kilometres,2021,,20050.8,,A,Normal value,0,Units,1,One
DATAFLOW,OECD.ENV.EPI:DSD_LAND_USE@DF_LAND_USE(1.0),Land use,I,UZB,Uzbekistan,A,Annual,FOREST_N,Naturally regenerating forest,KM2,Square kilometres,2021,,14403.8,,A,Normal value,0,Units,1,One
DATAFLOW,OECD.ENV.EPI:DSD_LAND_USE@DF_LAND_USE(1.0),Land use,I,VUT,Vanuatu,A,Annual,FOREST_N,Naturally regenerating forest,KM2,Square kilometres,2021,,8986.3,,A,Normal value,0,Units,1,One
DATAFLOW,OECD.ENV.EPI:DSD_LAND_USE@DF_LAND_USE(1.0),Land use,I,WLF,Wallis and Futuna,A,Annual,FOREST_N,Naturally regenerating forest,KM2,Square kilometres,2021,,100.9,,A,Normal value,0,Units,1,One
DATAFLOW,OECD.ENV.EPI:DSD_LAND_USE@DF_LAND_USE(1.0),Land use,I,AUS,Australia,A,Annual,FOREST_N,Naturally regenerating forest,KM2,Square kilometres,2021,,1312643,,A,Normal value,0,Units,1,One
DATAFLOW,OECD.ENV.EPI:DSD_LAND_USE@DF_LAND_USE(1.0),Land use,I,BEL,Belgium,A,Annual,FOREST_N,Naturally regenerating forest,KM2,Square kilometres,2021,,2433,,A,Normal value,0,Units,1,One
DATAFLOW,OECD.ENV.EPI:DSD_LAND_USE@DF_LAND_USE(1.0),Land use,I,CAN,Canada,A,Annual,FOREST_N,Naturally regenerating forest,KM2,Square kilometres,2021,,3499627,,A,Normal value,0,Units,1,One
DATAFLOW,OECD.ENV.EPI:DSD_LAND_USE@DF_LAND_USE(1.0),Land use,I,CHL,Chile,A,Annual,FOREST_N,Naturally regenerating forest,KM2,Square kilometres,2021,,150173.8,,A,Normal value,0,Units,1,One
DATAFLOW,OECD.ENV.EPI:DSD_LAND_USE@DF_LAND_USE(1.0),Land use,I,COL,Colombia,A,Annual,FOREST_N,Naturally regenerating forest,KM2,Square kilometres,2021,,594494.3,,A,Normal value,0,Units,1,One
DATAFLOW,OECD.ENV.EPI:DSD_LAND_USE@DF_LAND_USE(1.0),Land use,I,CRI,Costa Rica,A,Annual,FOREST_N,Naturally regenerating forest,KM2,Square kilometres,2021,,29188,,A,Normal value,0,Units,1,One
DATAFLOW,OECD.ENV.EPI:DSD_LAND_USE@DF_LAND_USE(1.0),Land use,I,CZE,Czechia,A,Annual,FOREST_N,Naturally regenerating forest,KM2,Square kilometres,2021,,4608.6,,A,Normal value,0,Units,1,One
DATAFLOW,OECD.ENV.EPI:DSD_LAND_USE@DF_LAND_USE(1.0),Land use,I,DNK,Denmark,A,Annual,FOREST_N,Naturally regenerating forest,KM2,Square kilometres,2021,,2066.6,,A,Normal value,0,Units,1,One
DATAFLOW,OECD.ENV.EPI:DSD_LAND_USE@DF_LAND_USE(1.0),Land use,I,FIN,Finland,A,Annual,FOREST_N,Naturally regenerating forest,KM2,Square kilometres,2021,,147070.5,,A,Normal value,0,Units,1,One
DATAFLOW,OECD.ENV.EPI:DSD_LAND_USE@DF_LAND_USE(1.0),Land use,I,FRA,France,A,Annual,FOREST_N,Naturally regenerating forest,KM2,Square kilometres,2021,,151310,,A,Normal value,0,Units,1,One
DATAFLOW,OECD.ENV.EPI:DSD_LAND_USE@DF_LAND_USE(1.0),Land use,I,DEU,Germany,A,Annual,FOREST_N,Naturally regenerating forest,KM2,Square kilometres,2021,,57311,,A,Normal value,0,Units,1,One
DATAFLOW,OECD.ENV.EPI:DSD_LAND_USE@DF_LAND_USE(1.0),Land use,I,GRC,Greece,A,Annual,FOREST_N,Naturally regenerating forest,KM2,Square kilometres,2021,,45926.7,,A,Normal value,0,Units,1,One
DATAFLOW,OECD.ENV.EPI:DSD_LAND_USE@DF_LAND_USE(1.0),Land use,I,ISR,Israel,A,Annual,FOREST_N,Naturally regenerating forest,KM2,Square kilometres,2021,,540,,A,Normal value,0,Units,1,One
DATAFLOW,OECD.ENV.EPI:DSD_LAND_USE@DF_LAND_USE(1.0),Land use,I,JPN,Japan,A,Annual,FOREST_N,Naturally regenerating forest,KM2,Square kilometres,2021,,148054,,A,Normal value,0,Units,1,One
DATAFLOW,OECD.ENV.EPI:DSD_LAND_USE@DF_LAND_USE(1.0),Land use,I,KOR,Korea,A,Annual,FOREST_N,Naturally regenerating forest,KM2,Square kilometres,2021,,40286,,A,Normal value,0,Units,1,One
DATAFLOW,OECD.ENV.EPI:DSD_LAND_USE@DF_LAND_USE(1.0),Land use,I,LUX,Luxembourg,A,Annual,FOREST_N,Naturally regenerating forest,KM2,Square kilometres,2021,,587,,A,Normal value,0,Units,1,One
DATAFLOW,OECD.ENV.EPI:DSD_LAND_USE@DF_LAND_USE(1.0),Land use,I,MEX,Mexico,A,Annual,FOREST_N,Naturally regenerating forest,KM2,Square kilometres,2021,,666556.6,,A,Normal value,0,Units,1,One
DATAFLOW,OECD.ENV.EPI:DSD_LAND_USE@DF_LAND_USE(1.0),Land use,I,NOR,Norway,A,Annual,FOREST_N,Naturally regenerating forest,KM2,Square kilometres,2021,,120052.7,,A,Normal value,0,Units,1,One
DATAFLOW,OECD.ENV.EPI:DSD_LAND_USE@DF_LAND_USE(1.0),Land use,I,POL,Poland,A,Annual,FOREST_N,Naturally regenerating forest,KM2,Square kilometres,2021,,20834.6,,A,Normal value,0,Units,1,One
DATAFLOW,OECD.ENV.EPI:DSD_LAND_USE@DF_LAND_USE(1.0),Land use,I,ESP,Spain,A,Annual,FOREST_N,Naturally regenerating forest,KM2,Square kilometres,2021,,162063.6,,A,Normal value,0,Units,1,One
DATAFLOW,OECD.ENV.EPI:DSD_LAND_USE@DF_LAND_USE(1.0),Land use,I,SWE,Sweden,A,Annual,FOREST_N,Naturally regenerating forest,KM2,Square kilometres,2021,,194518,,A,Normal value,0,Units,1,One
DATAFLOW,OECD.ENV.EPI:DSD_LAND_USE@DF_LAND_USE(1.0),Land use,I,TUR,Türkiye,A,Annual,FOREST_N,Naturally regenerating forest,KM2,Square kilometres,2021,,216125.7,,A,Normal value,0,Units,1,One
DATAFLOW,OECD.ENV.EPI:DSD_LAND_USE@DF_LAND_USE(1.0),Land use,I,GBR,United Kingdom,A,Annual,FOREST_N,Naturally regenerating forest,KM2,Square kilometres,2021,,3440,,A,Normal value,0,Units,1,One
DATAFLOW,OECD.ENV.EPI:DSD_LAND_USE@DF_LAND_USE(1.0),Land use,I,USA,United States,A,Annual,FOREST_N,Naturally regenerating forest,KM2,Square kilometres,2021,,2817288,,A,Normal value,0,Units,1,One
DATAFLOW,OECD.ENV.EPI:DSD_LAND_USE@DF_LAND_USE(1.0),Land use,I,OECD,OECD,A,Annual,FOREST_N,Naturally regenerating forest,KM2,Square kilometres,2021,,10063610,,A,Normal value,0,Units,1,One
DATAFLOW,OECD.ENV.EPI:DSD_LAND_USE@DF_LAND_USE(1.0),Land use,I,AFG,Afghanistan,A,Annual,FOREST_N,Naturally regenerating forest,KM2,Square kilometres,2021,,12094.4,,A,Normal value,0,Units,1,One
DATAFLOW,OECD.ENV.EPI:DSD_LAND_USE@DF_LAND_USE(1.0),Land use,I,ALB,Albania,A,Annual,FOREST_N,Naturally regenerating forest,KM2,Square kilometres,2021,,7116.837,,A,Normal value,0,Units,1,One
DATAFLOW,OECD.ENV.EPI:DSD_LAND_USE@DF_LAND_USE(1.0),Land use,I,DZA,Algeria,A,Annual,FOREST_N,Naturally regenerating forest,KM2,Square kilometres,2021,,14239.2,,A,Normal value,0,Units,1,One
DATAFLOW,OECD.ENV.EPI:DSD_LAND_USE@DF_LAND_USE(1.0),Land use,I,ASM,American Samoa,A,Annual,FOREST_N,Naturally regenerating forest,KM2,Square kilometres,2021,,158.5,,A,Normal value,0,Units,1,One
DATAFLOW,OECD.ENV.EPI:DSD_LAND_USE@DF_LAND_USE(1.0),Land use,I,AGO,Angola,A,Annual,FOREST_N,Naturally regenerating forest,KM2,Square kilometres,2021,,652450.1,,A,Normal value,0,Units,1,One
DATAFLOW,OECD.ENV.EPI:DSD_LAND_USE@DF_LAND_USE(1.0),Land use,I,ABW,Aruba,A,Annual,FOREST_N,Naturally regenerating forest,KM2,Square kilometres,2021,,4.9,,A,Normal value,0,Units,1,One
DATAFLOW,OECD.ENV.EPI:DSD_LAND_USE@DF_LAND_USE(1.0),Land use,I,BHS,Bahamas,A,Annual,FOREST_N,Naturally regenerating forest,KM2,Square kilometres,2021,,5098.6,,A,Normal value,0,Units,1,One
DATAFLOW,OECD.ENV.EPI:DSD_LAND_USE@DF_LAND_USE(1.0),Land use,I,BHR,Bahrain,A,Annual,FOREST_N,Naturally regenerating forest,KM2,Square kilometres,2021,,0.6,,A,Normal value,0,Units,1,One
DATAFLOW,OECD.ENV.EPI:DSD_LAND_USE@DF_LAND_USE(1.0),Land use,I,BRB,Barbados,A,Annual,FOREST_N,Naturally regenerating forest,KM2,Square kilometres,2021,,63,,A,Normal value,0,Units,1,One
DATAFLOW,OECD.ENV.EPI:DSD_LAND_USE@DF_LAND_USE(1.0),Land use,I,BLR,Belarus,A,Annual,FOREST_N,Naturally regenerating forest,KM2,Square kilometres,2021,,66308.5,,A,Normal value,0,Units,1,One
DATAFLOW,OECD.ENV.EPI:DSD_LAND_USE@DF_LAND_USE(1.0),Land use,I,BOL,Bolivia,A,Annual,FOREST_N,Naturally regenerating forest,KM2,Square kilometres,2021,,552302.3,,A,Normal value,0,Units,1,One
DATAFLOW,OECD.ENV.EPI:DSD_LAND_USE@DF_LAND_USE(1.0),Land use,I,BWA,Botswana,A,Annual,FOREST_N,Naturally regenerating forest,KM2,Square kilometres,2021,,157302,,A,Normal value,0,Units,1,One
DATAFLOW,OECD.ENV.EPI:DSD_LAND_USE@DF_LAND_USE(1.0),Land use,I,BRA,Brazil,A,Annual,FOREST_N,Naturally regenerating forest,KM2,Square kilometres,2021,,4895676,,A,Normal value,0,Units,1,One
DATAFLOW,OECD.ENV.EPI:DSD_LAND_USE@DF_LAND_USE(1.0),Land use,I,VGB,British Virgin Islands,A,Annual,FOREST_N,Naturally regenerating forest,KM2,Square kilometres,2021,,99.6,,A,Normal value,0,Units,1,One
DATAFLOW,OECD.ENV.EPI:DSD_LAND_USE@DF_LAND_USE(1.0),Land use,I,BGR,Bulgaria,A,Annual,FOREST_N,Naturally regenerating forest,KM2,Square kilometres,2021,,31386,,A,Normal value,0,Units,1,One
DATAFLOW,OECD.ENV.EPI:DSD_LAND_USE@DF_LAND_USE(1.0),Land use,I,BFA,Burkina Faso,A,Annual,FOREST_N,Naturally regenerating forest,KM2,Square kilometres,2021,,37115.9,,A,Normal value,0,Units,1,One
DATAFLOW,OECD.ENV.EPI:DSD_LAND_USE@DF_LAND_USE(1.0),Land use,I,BDI,Burundi,A,Annual,FOREST_N,Naturally regenerating forest,KM2,Square kilometres,2021,,1666.7,,A,Normal value,0,Units,1,One
DATAFLOW,OECD.ENV.EPI:DSD_LAND_USE@DF_LAND_USE(1.0),Land use,I,CPV,Cabo Verde,A,Annual,FOREST_N,Naturally regenerating forest,KM2,Square kilometres,2021,,136.8,,A,Normal value,0,Units,1,One
DATAFLOW,OECD.ENV.EPI:DSD_LAND_USE@DF_LAND_USE(1.0),Land use,I,KHM,Cambodia,A,Annual,FOREST_N,Naturally regenerating forest,KM2,Square kilometres,2021,,70003.2,,A,Normal value,0,Units,1,One
DATAFLOW,OECD.ENV.EPI:DSD_LAND_USE@DF_LAND_USE(1.0),Land use,I,CMR,Cameroon,A,Annual,FOREST_N,Naturally regenerating forest,KM2,Square kilometres,2021,,194899.4,,A,Normal value,0,Units,1,One
DATAFLOW,OECD.ENV.EPI:DSD_LAND_USE@DF_LAND_USE(1.0),Land use,I,CYM,Cayman Islands,A,Annual,FOREST_N,Naturally regenerating forest,KM2,Square kilometres,2021,,127.2,,A,Normal value,0,Units,1,One
DATAFLOW,OECD.ENV.EPI:DSD_LAND_USE@DF_LAND_USE(1.0),Land use,I,CAF,Central African Republic,A,Annual,FOREST_N,Naturally regenerating forest,KM2,Square kilometres,2021,,452772.7,,A,Normal value,0,Units,1,One
DATAFLOW,OECD.ENV.EPI:DSD_LAND_USE@DF_LAND_USE(1.0),Land use,I,CHN,China (People’s Republic of),A,Annual,FOREST_N,Naturally regenerating forest,KM2,Square kilometres,2021,,1317500,,A,Normal value,0,Units,1,One
DATAFLOW,OECD.ENV.EPI:DSD_LAND_USE@DF_LAND_USE(1.0),Land use,I,COM,Comoros,A,Annual,FOREST_N,Naturally regenerating forest,KM2,Square kilometres,2021,,316.1,,A,Normal value,0,Units,1,One
DATAFLOW,OECD.ENV.EPI:DSD_LAND_USE@DF_LAND_USE(1.0),Land use,I,COG,Congo,A,Annual,FOREST_N,Naturally regenerating forest,KM2,Square kilometres,2021,,217237,,A,Normal value,0,Units,1,One
DATAFLOW,OECD.ENV.EPI:DSD_LAND_USE@DF_LAND_USE(1.0),Land use,I,COK,Cook Islands,A,Annual,FOREST_N,Naturally regenerating forest,KM2,Square kilometres,2021,,144,,A,Normal value,0,Units,1,One
DATAFLOW,OECD.ENV.EPI:DSD_LAND_USE@DF_LAND_USE(1.0),Land use,I,CIV,Côte d’Ivoire,A,Annual,FOREST_N,Naturally regenerating forest,KM2,Square kilometres,2021,,32401.9,,A,Normal value,0,Units,1,One
DATAFLOW,OECD.ENV.EPI:DSD_LAND_USE@DF_LAND_USE(1.0),Land use,I,CUW,Curaçao,A,Annual,FOREST_N,Naturally regenerating forest,KM2,Square kilometres,2021,,0.7,,A,Normal value,0,Units,1,One
DATAFLOW,OECD.ENV.EPI:DSD_LAND_USE@DF_LAND_USE(1.0),Land use,I,COD,Democratic Republic of the Congo,A,Annual,FOREST_N,Naturally regenerating forest,KM2,Square kilometres,2021,,1401990,,A,Normal value,0,Units,1,One
DATAFLOW,OECD.ENV.EPI:DSD_LAND_USE@DF_LAND_USE(1.0),Land use,I,DJI,Djibouti,A,Annual,FOREST_N,Naturally regenerating forest,KM2,Square kilometres,2021,,56,,A,Normal value,0,Units,1,One
DATAFLOW,OECD.ENV.EPI:DSD_LAND_USE@DF_LAND_USE(1.0),Land use,I,ECU,Ecuador,A,Annual,FOREST_N,Naturally regenerating forest,KM2,Square kilometres,2021,,123101.7,,A,Normal value,0,Units,1,One
DATAFLOW,OECD.ENV.EPI:DSD_LAND_USE@DF_LAND_USE(1.0),Land use,I,EGY,Egypt,A,Annual,FOREST_N,Naturally regenerating forest,KM2,Square kilometres,2021,,7,,A,Normal value,0,Units,1,One
DATAFLOW,OECD.ENV.EPI:DSD_LAND_USE@DF_LAND_USE(1.0),Land use,I,GNQ,Equatorial Guinea,A,Annual,FOREST_N,Naturally regenerating forest,KM2,Square kilometres,2021,,24400.6,,A,Normal value,0,Units,1,One
DATAFLOW,OECD.ENV.EPI:DSD_LAND_USE@DF_LAND_USE(1.0),Land use,I,SWZ,Eswatini,A,Annual,FOREST_N,Naturally regenerating forest,KM2,Square kilometres,2021,,2938.6,,A,Normal value,0,Units,1,One
DATAFLOW,OECD.ENV.EPI:DSD_LAND_USE@DF_LAND_USE(1.0),Land use,I,ETH,Ethiopia,A,Annual,FOREST_N,Naturally regenerating forest,KM2,Square kilometres,2021,,258765.2,,A,Normal value,0,Units,1,One
DATAFLOW,OECD.ENV.EPI:DSD_LAND_USE@DF_LAND_USE(1.0),Land use,I,FJI,Fiji,A,Annual,FOREST_N,Naturally regenerating forest,KM2,Square kilometres,2021,,9070.7,,A,Normal value,0,Units,1,One
DATAFLOW,OECD.ENV.EPI:DSD_LAND_USE@DF_LAND_USE(1.0),Land use,I,GUF,French Guiana,A,Annual,FOREST_N,Naturally regenerating forest,KM2,Square kilometres,2021,,79978.7,,A,Normal value,0,Units,1,One
DATAFLOW,OECD.ENV.EPI:DSD_LAND_USE@DF_LAND_USE(1.0),Land use,I,PYF,French Polynesia,A,Annual,FOREST_N,Naturally regenerating forest,KM2,Square kilometres,2021,,1400,,A,Normal value,0,Units,1,One
DATAFLOW,OECD.ENV.EPI:DSD_LAND_USE@DF_LAND_USE(1.0),Land use,I,GAB,Gabon,A,Annual,FOREST_N,Naturally regenerating forest,KM2,Square kilometres,2021,,235343.5,,A,Normal value,0,Units,1,One
DATAFLOW,OECD.ENV.EPI:DSD_LAND_USE@DF_LAND_USE(1.0),Land use,I,GHA,Ghana,A,Annual,FOREST_N,Naturally regenerating forest,KM2,Square kilometres,2021,,66347.8,,A,Normal value,0,Units,1,One
DATAFLOW,OECD.ENV.EPI:DSD_LAND_USE@DF_LAND_USE(1.0),Land use,I,GRD,Grenada,A,Annual,FOREST_N,Naturally regenerating forest,KM2,Square kilometres,2021,,174.9,,A,Normal value,0,Units,1,One
DATAFLOW,OECD.ENV.EPI:DSD_LAND_USE@DF_LAND_USE(1.0),Land use,I,GLP,Guadeloupe,A,Annual,FOREST_N,Naturally regenerating forest,KM2,Square kilometres,2021,,740.2,,A,Normal value,0,Units,1,One
DATAFLOW,OECD.ENV.EPI:DSD_LAND_USE@DF_LAND_USE(1.0),Land use,I,GUM,Guam,A,Annual,FOREST_N,Naturally regenerating forest,KM2,Square kilometres,2021,,282.7,,A,Normal value,0,Units,1,One
DATAFLOW,OECD.ENV.EPI:DSD_LAND_USE@DF_LAND_USE(1.0),Land use,I,GTM,Guatemala,A,Annual,FOREST_N,Naturally regenerating forest,KM2,Square kilometres,2021,,33827,,A,Normal value,0,Units,1,One
DATAFLOW,OECD.ENV.EPI:DSD_LAND_USE@DF_LAND_USE(1.0),Land use,I,GUY,Guyana,A,Annual,FOREST_N,Naturally regenerating forest,KM2,Square kilometres,2021,,184077.1,,A,Normal value,0,Units,1,One
DATAFLOW,OECD.ENV.EPI:DSD_LAND_USE@DF_LAND_USE(1.0),Land use,I,HTI,Haiti,A,Annual,FOREST_N,Naturally regenerating forest,KM2,Square kilometres,2021,,3665,,A,Normal value,0,Units,1,One
DATAFLOW,OECD.ENV.EPI:DSD_LAND_USE@DF_LAND_USE(1.0),Land use,I,IND,India,A,Annual,FOREST_N,Naturally regenerating forest,KM2,Square kilometres,2021,,590886.9,,A,Normal value,0,Units,1,One
DATAFLOW,OECD.ENV.EPI:DSD_LAND_USE@DF_LAND_USE(1.0),Land use,I,IDN,Indonesia,A,Annual,FOREST_N,Naturally regenerating forest,KM2,Square kilometres,2021,,901867.2,,A,Normal value,0,Units,1,One
DATAFLOW,OECD.ENV.EPI:DSD_LAND_USE@DF_LAND_USE(1.0),Land use,I,IRN,Iran,A,Annual,FOREST_N,Naturally regenerating forest,KM2,Square kilometres,2021,,91921.1,,A,Normal value,0,Units,1,One
DATAFLOW,OECD.ENV.EPI:DSD_LAND_USE@DF_LAND_USE(1.0),Land use,I,IRQ,Iraq,A,Annual,FOREST_N,Naturally regenerating forest,KM2,Square kilometres,2021,,7035,,A,Normal value,0,Units,1,One
DATAFLOW,OECD.ENV.EPI:DSD_LAND_USE@DF_LAND_USE(1.0),Land use,I,KAZ,Kazakhstan,A,Annual,FOREST_N,Naturally regenerating forest,KM2,Square kilometres,2021,,30408,,A,Normal value,0,Units,1,One
DATAFLOW,OECD.ENV.EPI:DSD_LAND_USE@DF_LAND_USE(1.0),Land use,I,KEN,Kenya,A,Annual,FOREST_N,Naturally regenerating forest,KM2,Square kilometres,2021,,35032.3,,A,Normal value,0,Units,1,One
DATAFLOW,OECD.ENV.EPI:DSD_LAND_USE@DF_LAND_USE(1.0),Land use,I,KGZ,Kyrgyzstan,A,Annual,FOREST_N,Naturally regenerating forest,KM2,Square kilometres,2021,,11695.3,,A,Normal value,0,Units,1,One
DATAFLOW,OECD.ENV.EPI:DSD_LAND_USE@DF_LAND_USE(1.0),Land use,I,LAO,Lao People’s Democratic Republic,A,Annual,FOREST_N,Naturally regenerating forest,KM2,Square kilometres,2021,,129091.2,,A,Normal value,0,Units,1,One
DATAFLOW,OECD.ENV.EPI:DSD_LAND_USE@DF_LAND_USE(1.0),Land use,I,LSO,Lesotho,A,Annual,FOREST_N,Naturally regenerating forest,KM2,Square kilometres,2021,,258.5,,A,Normal value,0,Units,1,One
DATAFLOW,OECD.ENV.EPI:DSD_LAND_USE@DF_LAND_USE(1.0),Land use,I,LBR,Liberia,A,Annual,FOREST_N,Naturally regenerating forest,KM2,Square kilometres,2021,,62888.4,,A,Normal value,0,Units,1,One
DATAFLOW,OECD.ENV.EPI:DSD_LAND_USE@DF_LAND_USE(1.0),Land use,I,MDG,Madagascar,A,Annual,FOREST_N,Naturally regenerating forest,KM2,Square kilometres,2021,,101708.8,,A,Normal value,0,Units,1,One
DATAFLOW,OECD.ENV.EPI:DSD_LAND_USE@DF_LAND_USE(1.0),Land use,I,MYS,Malaysia,A,Annual,FOREST_N,Naturally regenerating forest,KM2,Square kilometres,2021,,169978.4,,A,Normal value,0,Units,1,One
DATAFLOW,OECD.ENV.EPI:DSD_LAND_USE@DF_LAND_USE(1.0),Land use,I,MDV,Maldives,A,Annual,FOREST_N,Naturally regenerating forest,KM2,Square kilometres,2021,,37.2,,A,Normal value,0,Units,1,One
DATAFLOW,OECD.ENV.EPI:DSD_LAND_USE@DF_LAND_USE(1.0),Land use,I,MLI,Mali,A,Annual,FOREST_N,Naturally regenerating forest,KM2,Square kilometres,2021,,103831.9,,A,Normal value,0,Units,1,One
DATAFLOW,OECD.ENV.EPI:DSD_LAND_USE@DF_LAND_USE(1.0),Land use,I,MLT,Malta,A,Annual,FOREST_N,Naturally regenerating forest,KM2,Square kilometres,2021,,3.5,,A,Normal value,0,Units,1,One
DATAFLOW,OECD.ENV.EPI:DSD_LAND_USE@DF_LAND_USE(1.0),Land use,I,MHL,Marshall Islands,A,Annual,FOREST_N,Naturally regenerating forest,KM2,Square kilometres,2021,,66.3,,A,Normal value,0,Units,1,One
DATAFLOW,OECD.ENV.EPI:DSD_LAND_USE@DF_LAND_USE(1.0),Land use,I,MUS,Mauritius,A,Annual,FOREST_N,Naturally regenerating forest,KM2,Square kilometres,2021,,203,,A,Normal value,0,Units,1,One
DATAFLOW,OECD.ENV.EPI:DSD_LAND_USE@DF_LAND_USE(1.0),Land use,I,FSM,Micronesia,A,Annual,FOREST_N,Naturally regenerating forest,KM2,Square kilometres,2021,,502.4,,A,Normal value,0,Units,1,One
DATAFLOW,OECD.ENV.EPI:DSD_LAND_USE@DF_LAND_USE(1.0),Land use,I,MDA,Moldova,A,Annual,FOREST_N,Naturally regenerating forest,KM2,Square kilometres,2021,,1617.4,,A,Normal value,0,Units,1,One
DATAFLOW,OECD.ENV.EPI:DSD_LAND_USE@DF_LAND_USE(1.0),Land use,I,MNG,Mongolia,A,Annual,FOREST_N,Naturally regenerating forest,KM2,Square kilometres,2021,,141704.2,,A,Normal value,0,Units,1,One
DATAFLOW,OECD.ENV.EPI:DSD_LAND_USE@DF_LAND_USE(1.0),Land use,I,MSR,Montserrat,A,Annual,FOREST_N,Naturally regenerating forest,KM2,Square kilometres,2021,,24.2,,A,Normal value,0,Units,1,One
DATAFLOW,OECD.ENV.EPI:DSD_LAND_USE@DF_LAND_USE(1.0),Land use,I,MOZ,Mozambique,A,Annual,FOREST_N,Naturally regenerating forest,KM2,Square kilometres,2021,,332347.4,,A,Normal value,0,Units,1,One
DATAFLOW,OECD.ENV.EPI:DSD_LAND_USE@DF_LAND_USE(1.0),Land use,I,MMR,Myanmar,A,Annual,FOREST_N,Naturally regenerating forest,KM2,Square kilometres,2021,,269239.6,,A,Normal value,0,Units,1,One
DATAFLOW,OECD.ENV.EPI:DSD_LAND_USE@DF_LAND_USE(1.0),Land use,I,NPL,Nepal,A,Annual,FOREST_N,Naturally regenerating forest,KM2,Square kilometres,2021,,58299.2,,A,Normal value,0,Units,1,One
DATAFLOW,OECD.ENV.EPI:DSD_LAND_USE@DF_LAND_USE(1.0),Land use,I,NCL,New Caledonia,A,Annual,FOREST_N,Naturally regenerating forest,KM2,Square kilometres,2021,,8873.1,,A,Normal value,0,Units,1,One
DATAFLOW,OECD.ENV.EPI:DSD_LAND_USE@DF_LAND_USE(1.0),Land use,I,NIC,Nicaragua,A,Annual,FOREST_N,Naturally regenerating forest,KM2,Square kilometres,2021,,47643.2,,A,Normal value,0,Units,1,One
DATAFLOW,OECD.ENV.EPI:DSD_LAND_USE@DF_LAND_USE(1.0),Land use,I,NER,Niger,A,Annual,FOREST_N,Naturally regenerating forest,KM2,Square kilometres,2021,,9372.801,,A,Normal value,0,Units,1,One
DATAFLOW,OECD.ENV.EPI:DSD_LAND_USE@DF_LAND_USE(1.0),Land use,I,NGA,Nigeria,A,Annual,FOREST_N,Naturally regenerating forest,KM2,Square kilometres,2021,,150990.7,,A,Normal value,0,Units,1,One
DATAFLOW,OECD.ENV.EPI:DSD_LAND_USE@DF_LAND_USE(1.0),Land use,I,NIU,Niue,A,Annual,FOREST_N,Naturally regenerating forest,KM2,Square kilometres,2021,,188.7,,A,Normal value,0,Units,1,One
DATAFLOW,OECD.ENV.EPI:DSD_LAND_USE@DF_LAND_USE(1.0),Land use,I,NFK,Norfolk Island,A,Annual,FOREST_N,Naturally regenerating forest,KM2,Square kilometres,2021,,4.4,,A,Normal value,0,Units,1,One
DATAFLOW,OECD.ENV.EPI:DSD_LAND_USE@DF_LAND_USE(1.0),Land use,I,MNP,Northern Mariana Islands,A,Annual,FOREST_N,Naturally regenerating forest,KM2,Square kilometres,2021,,243.6,,A,Normal value,0,Units,1,One
DATAFLOW,OECD.ENV.EPI:DSD_LAND_USE@DF_LAND_USE(1.0),Land use,I,OMN,Oman,A,Annual,FOREST_N,Naturally regenerating forest,KM2,Square kilometres,2021,,15.7,,A,Normal value,0,Units,1,One
DATAFLOW,OECD.ENV.EPI:DSD_LAND_USE@DF_LAND_USE(1.0),Land use,I,PAN,Panama,A,Annual,FOREST_N,Naturally regenerating forest,KM2,Square kilometres,2021,,45591,,A,Normal value,0,Units,1,One
DATAFLOW,OECD.ENV.EPI:DSD_LAND_USE@DF_LAND_USE(1.0),Land use,I,PNG,Papua New Guinea,A,Annual,FOREST_N,Naturally regenerating forest,KM2,Square kilometres,2021,,339892.3,,A,Normal value,0,Units,1,One
DATAFLOW,OECD.ENV.EPI:DSD_LAND_USE@DF_LAND_USE(1.0),Land use,I,PRY,Paraguay,A,Annual,FOREST_N,Naturally regenerating forest,KM2,Square kilometres,2021,,148461.9,,A,Normal value,0,Units,1,One
DATAFLOW,OECD.ENV.EPI:DSD_LAND_USE@DF_LAND_USE(1.0),Land use,I,PER,Peru,A,Annual,FOREST_N,Naturally regenerating forest,KM2,Square kilometres,2021,,681909.8,,A,Normal value,0,Units,1,One
DATAFLOW,OECD.ENV.EPI:DSD_LAND_USE@DF_LAND_USE(1.0),Land use,I,PRI,Puerto Rico,A,Annual,FOREST_N,Naturally regenerating forest,KM2,Square kilometres,2021,,4569,,A,Normal value,0,Units,1,One
DATAFLOW,OECD.ENV.EPI:DSD_LAND_USE@DF_LAND_USE(1.0),Land use,I,QAT,Qatar,A,Annual,FOREST_N,Naturally regenerating forest,KM2,Square kilometres,2021,,13.3,,A,Normal value,0,Units,1,One
DATAFLOW,OECD.ENV.EPI:DSD_LAND_USE@DF_LAND_USE(1.0),Land use,I,RUS,Russia,A,Annual,FOREST_N,Naturally regenerating forest,KM2,Square kilometres,2021,,8086139,,A,Normal value,0,Units,1,One
DATAFLOW,OECD.ENV.EPI:DSD_LAND_USE@DF_LAND_USE(1.0),Land use,I,RWA,Rwanda,A,Annual,FOREST_N,Naturally regenerating forest,KM2,Square kilometres,2021,,2111.2,,A,Normal value,0,Units,1,One
DATAFLOW,OECD.ENV.EPI:DSD_LAND_USE@DF_LAND_USE(1.0),Land use,I,KNA,Saint Kitts and Nevis,A,Annual,FOREST_N,Naturally regenerating forest,KM2,Square kilometres,2021,,110,,A,Normal value,0,Units,1,One
DATAFLOW,OECD.ENV.EPI:DSD_LAND_USE@DF_LAND_USE(1.0),Land use,I,LCA,Saint Lucia,A,Annual,FOREST_N,Naturally regenerating forest,KM2,Square kilometres,2021,,326.4,,A,Normal value,0,Units,1,One
DATAFLOW,OECD.ENV.EPI:DSD_LAND_USE@DF_LAND_USE(1.0),Land use,I,VCT,Saint Vincent and the Grenadines,A,Annual,FOREST_N,Naturally regenerating forest,KM2,Square kilometres,2021,,280.6,,A,Normal value,0,Units,1,One
DATAFLOW,OECD.ENV.EPI:DSD_LAND_USE@DF_LAND_USE(1.0),Land use,I,WSM,Samoa,A,Annual,FOREST_N,Naturally regenerating forest,KM2,Square kilometres,2021,,1150,,A,Normal value,0,Units,1,One
DATAFLOW,OECD.ENV.EPI:DSD_LAND_USE@DF_LAND_USE(1.0),Land use,I,SMR,San Marino,A,Annual,FOREST_N,Naturally regenerating forest,KM2,Square kilometres,2021,,10,,A,Normal value,0,Units,1,One
DATAFLOW,OECD.ENV.EPI:DSD_LAND_USE@DF_LAND_USE(1.0),Land use,I,SAU,Saudi Arabia,A,Annual,FOREST_N,Naturally regenerating forest,KM2,Square kilometres,2021,,26999.6,,A,Normal value,0,Units,1,One
DATAFLOW,OECD.ENV.EPI:DSD_LAND_USE@DF_LAND_USE(1.0),Land use,I,SLE,Sierra Leone,A,Annual,FOREST_N,Naturally regenerating forest,KM2,Square kilometres,2021,,24931.9,,A,Normal value,0,Units,1,One
DATAFLOW,OECD.ENV.EPI:DSD_LAND_USE@DF_LAND_USE(1.0),Land use,I,SGP,Singapore,A,Annual,FOREST_N,Naturally regenerating forest,KM2,Square kilometres,2021,,158,,A,Normal value,0,Units,1,One
DATAFLOW,OECD.ENV.EPI:DSD_LAND_USE@DF_LAND_USE(1.0),Land use,I,SOM,Somalia,A,Annual,FOREST_N,Naturally regenerating forest,KM2,Square kilometres,2021,,51295.5,,A,Normal value,0,Units,1,One
DATAFLOW,OECD.ENV.EPI:DSD_LAND_USE@DF_LAND_USE(1.0),Land use,I,ZAF,South Africa,A,Annual,FOREST_N,Naturally regenerating forest,KM2,Square kilometres,2021,,201660.1,,A,Normal value,0,Units,1,One
DATAFLOW,OECD.ENV.EPI:DSD_LAND_USE@DF_LAND_USE(1.0),Land use,I,SDN,Sudan,A,Annual,FOREST_N,Naturally regenerating forest,KM2,Square kilometres,2021,,225467.1,,A,Normal value,0,Units,1,One
DATAFLOW,OECD.ENV.EPI:DSD_LAND_USE@DF_LAND_USE(1.0),Land use,I,SUR,Suriname,A,Annual,FOREST_N,Naturally regenerating forest,KM2,Square kilometres,2021,,147330.6,,A,Normal value,0,Units,1,One
DATAFLOW,OECD.ENV.EPI:DSD_LAND_USE@DF_LAND_USE(1.0),Land use,I,SYR,Syrian Arab Republic,A,Annual,FOREST_N,Naturally regenerating forest,KM2,Square kilometres,2021,,2328.4,,A,Normal value,0,Units,1,One
DATAFLOW,OECD.ENV.EPI:DSD_LAND_USE@DF_LAND_USE(1.0),Land use,I,TZA,Tanzania,A,Annual,FOREST_N,Naturally regenerating forest,KM2,Square kilometres,2021,,447229.7,,A,Normal value,0,Units,1,One
DATAFLOW,OECD.ENV.EPI:DSD_LAND_USE@DF_LAND_USE(1.0),Land use,I,THA,Thailand,A,Annual,FOREST_N,Naturally regenerating forest,KM2,Square kilometres,2021,,163679.4,,A,Normal value,0,Units,1,One
DATAFLOW,OECD.ENV.EPI:DSD_LAND_USE@DF_LAND_USE(1.0),Land use,I,TON,Tonga,A,Annual,FOREST_N,Naturally regenerating forest,KM2,Square kilometres,2021,,82.3,,A,Normal value,0,Units,1,One
DATAFLOW,OECD.ENV.EPI:DSD_LAND_USE@DF_LAND_USE(1.0),Land use,I,TUN,Tunisia,A,Annual,FOREST_N,Naturally regenerating forest,KM2,Square kilometres,2021,,5405.7,,A,Normal value,0,Units,1,One
DATAFLOW,OECD.ENV.EPI:DSD_LAND_USE@DF_LAND_USE(1.0),Land use,I,TKM,Turkmenistan,A,Annual,FOREST_N,Naturally regenerating forest,KM2,Square kilometres,2021,,21800,,A,Normal value,0,Units,1,One
DATAFLOW,OECD.ENV.EPI:DSD_LAND_USE@DF_LAND_USE(1.0),Land use,I,TCA,Turks and Caicos Islands,A,Annual,FOREST_N,Naturally regenerating forest,KM2,Square kilometres,2021,,105.2,,A,Normal value,0,Units,1,One
DATAFLOW,OECD.ENV.EPI:DSD_LAND_USE@DF_LAND_USE(1.0),Land use,I,TUV,Tuvalu,A,Annual,FOREST_N,Naturally regenerating forest,KM2,Square kilometres,2021,,10.3,,A,Normal value,0,Units,1,One
DATAFLOW,OECD.ENV.EPI:DSD_LAND_USE@DF_LAND_USE(1.0),Land use,I,UKR,Ukraine,A,Annual,FOREST_N,Naturally regenerating forest,KM2,Square kilometres,2021,,50900,,A,Normal value,0,Units,1,One
DATAFLOW,OECD.ENV.EPI:DSD_LAND_USE@DF_LAND_USE(1.0),Land use,I,ARE,United Arab Emirates,A,Annual,FOREST_N,Naturally regenerating forest,KM2,Square kilometres,2021,,3109.7,,A,Normal value,0,Units,1,One
DATAFLOW,OECD.ENV.EPI:DSD_LAND_USE@DF_LAND_USE(1.0),Land use,I,VIR,United States Virgin Islands,A,Annual,FOREST_N,Naturally regenerating forest,KM2,Square kilometres,2021,,200.6,,A,Normal value,0,Units,1,One
DATAFLOW,OECD.ENV.EPI:DSD_LAND_USE@DF_LAND_USE(1.0),Land use,I,URY,Uruguay,A,Annual,FOREST_N,Naturally regenerating forest,KM2,Square kilometres,2021,,8473.2,,A,Normal value,0,Units,1,One
DATAFLOW,OECD.ENV.EPI:DSD_LAND_USE@DF_LAND_USE(1.0),Land use,I,VEN,Venezuela,A,Annual,FOREST_N,Naturally regenerating forest,KM2,Square kilometres,2021,,462184.5,,A,Normal value,0,Units,1,One
DATAFLOW,OECD.ENV.EPI:DSD_LAND_USE@DF_LAND_USE(1.0),Land use,I,VNM,Viet Nam,A,Annual,FOREST_N,Naturally regenerating forest,KM2,Square kilometres,2021,,109606.6,,A,Normal value,0,Units,1,One
DATAFLOW,OECD.ENV.EPI:DSD_LAND_USE@DF_LAND_USE(1.0),Land use,I,YEM,Yemen,A,Annual,FOREST_N,Naturally regenerating forest,KM2,Square kilometres,2021,,3843,,A,Normal value,0,Units,1,One
DATAFLOW,OECD.ENV.EPI:DSD_LAND_USE@DF_LAND_USE(1.0),Land use,I,ZMB,Zambia,A,Annual,FOREST_N,Naturally regenerating forest,KM2,Square kilometres,2021,,452086,,A,Normal value,0,Units,1,One
DATAFLOW,OECD.ENV.EPI:DSD_LAND_USE@DF_LAND_USE(1.0),Land use,I,ZWE,Zimbabwe,A,Annual,FOREST_N,Naturally regenerating forest,KM2,Square kilometres,2021,,136523.2,,A,Normal value,0,Units,1,One
DATAFLOW,OECD.ENV.EPI:DSD_LAND_USE@DF_LAND_USE(1.0),Land use,I,CHL,Chile,A,Annual,AREA,Total area,KM2,Square kilometres,2021,,757270,,A,Normal value,0,Units,1,One
DATAFLOW,OECD.ENV.EPI:DSD_LAND_USE@DF_LAND_USE(1.0),Land use,I,OECD,OECD,A,Annual,AREA,Total area,KM2,Square kilometres,2021,,43547504,,A,Normal value,0,Units,1,One
DATAFLOW,OECD.ENV.EPI:DSD_LAND_USE@DF_LAND_USE(1.0),Land use,I,OECDA,OECD America,A,Annual,AREA,Total area,KM2,Square kilometres,2021,,29375556,,A,Normal value,0,Units,1,One
DATAFLOW,OECD.ENV.EPI:DSD_LAND_USE@DF_LAND_USE(1.0),Land use,I,BLR,Belarus,A,Annual,AREA,Total area,KM2,Square kilometres,2021,,207628,,A,Normal value,0,Units,1,One
DATAFLOW,OECD.ENV.EPI:DSD_LAND_USE@DF_LAND_USE(1.0),Land use,I,CMR,Cameroon,A,Annual,AREA,Total area,KM2,Square kilometres,2021,,475442,,A,Normal value,0,Units,1,One
DATAFLOW,OECD.ENV.EPI:DSD_LAND_USE@DF_LAND_USE(1.0),Land use,I,COD,Democratic Republic of the Congo,A,Annual,AREA,Total area,KM2,Square kilometres,2021,,2345410,,A,Normal value,0,Units,1,One
DATAFLOW,OECD.ENV.EPI:DSD_LAND_USE@DF_LAND_USE(1.0),Land use,I,ERI,Eritrea,A,Annual,AREA,Total area,KM2,Square kilometres,2021,,121630,,A,Normal value,0,Units,1,One
DATAFLOW,OECD.ENV.EPI:DSD_LAND_USE@DF_LAND_USE(1.0),Land use,I,SWZ,Eswatini,A,Annual,AREA,Total area,KM2,Square kilometres,2021,,17364,,A,Normal value,0,Units,1,One
DATAFLOW,OECD.ENV.EPI:DSD_LAND_USE@DF_LAND_USE(1.0),Land use,I,ETH,Ethiopia,A,Annual,AREA,Total area,KM2,Square kilometres,2021,,1129819,,A,Normal value,0,Units,1,One
DATAFLOW,OECD.ENV.EPI:DSD_LAND_USE@DF_LAND_USE(1.0),Land use,I,MYS,Malaysia,A,Annual,AREA,Total area,KM2,Square kilometres,2021,,330241,,A,Normal value,0,Units,1,One
DATAFLOW,OECD.ENV.EPI:DSD_LAND_USE@DF_LAND_USE(1.0),Land use,I,MLT,Malta,A,Annual,AREA,Total area,KM2,Square kilometres,2021,,315.15,,A,Normal value,0,Units,1,One
DATAFLOW,OECD.ENV.EPI:DSD_LAND_USE@DF_LAND_USE(1.0),Land use,I,NCL,New Caledonia,A,Annual,AREA,Total area,KM2,Square kilometres,2021,,18576,,A,Normal value,0,Units,1,One
DATAFLOW,OECD.ENV.EPI:DSD_LAND_USE@DF_LAND_USE(1.0),Land use,I,NFK,Norfolk Island,A,Annual,AREA,Total area,KM2,Square kilometres,2021,,36,,A,Normal value,0,Units,1,One
DATAFLOW,OECD.ENV.EPI:DSD_LAND_USE@DF_LAND_USE(1.0),Land use,I,PLW,Palau,A,Annual,AREA,Total area,KM2,Square kilometres,2021,,459,,A,Normal value,0,Units,1,One
DATAFLOW,OECD.ENV.EPI:DSD_LAND_USE@DF_LAND_USE(1.0),Land use,I,REU,Réunion,A,Annual,AREA,Total area,KM2,Square kilometres,2021,,2510,,A,Normal value,0,Units,1,One
DATAFLOW,OECD.ENV.EPI:DSD_LAND_USE@DF_LAND_USE(1.0),Land use,I,SGP,Singapore,A,Annual,AREA,Total area,KM2,Square kilometres,2021,,728.6,,A,Normal value,0,Units,1,One
DATAFLOW,OECD.ENV.EPI:DSD_LAND_USE@DF_LAND_USE(1.0),Land use,I,SLB,Solomon Islands,A,Annual,AREA,Total area,KM2,Square kilometres,2021,,28896,,A,Normal value,0,Units,1,One
DATAFLOW,OECD.ENV.EPI:DSD_LAND_USE@DF_LAND_USE(1.0),Land use,I,SOM,Somalia,A,Annual,AREA,Total area,KM2,Square kilometres,2021,,637657,,A,Normal value,0,Units,1,One
DATAFLOW,OECD.ENV.EPI:DSD_LAND_USE@DF_LAND_USE(1.0),Land use,I,TZA,Tanzania,A,Annual,AREA,Total area,KM2,Square kilometres,2021,,945500,,A,Normal value,0,Units,1,One
DATAFLOW,OECD.ENV.EPI:DSD_LAND_USE@DF_LAND_USE(1.0),Land use,I,AUS,Australia,A,Annual,AREA,Total area,KM2,Square kilometres,2021,,7741220,,A,Normal value,0,Units,1,One
DATAFLOW,OECD.ENV.EPI:DSD_LAND_USE@DF_LAND_USE(1.0),Land use,I,AUT,Austria,A,Annual,AREA,Total area,KM2,Square kilometres,2021,,83879,,A,Normal value,0,Units,1,One
DATAFLOW,OECD.ENV.EPI:DSD_LAND_USE@DF_LAND_USE(1.0),Land use,I,BEL,Belgium,A,Annual,AREA,Total area,KM2,Square kilometres,2021,,30689,,A,Normal value,0,Units,1,One
DATAFLOW,OECD.ENV.EPI:DSD_LAND_USE@DF_LAND_USE(1.0),Land use,I,CAN,Canada,A,Annual,AREA,Total area,KM2,Square kilometres,2021,,15634410,,A,Normal value,0,Units,1,One
DATAFLOW,OECD.ENV.EPI:DSD_LAND_USE@DF_LAND_USE(1.0),Land use,I,COL,Colombia,A,Annual,AREA,Total area,KM2,Square kilometres,2021,,1140619,,A,Normal value,0,Units,1,One
DATAFLOW,OECD.ENV.EPI:DSD_LAND_USE@DF_LAND_USE(1.0),Land use,I,CRI,Costa Rica,A,Annual,AREA,Total area,KM2,Square kilometres,2021,,51100,,A,Normal value,0,Units,1,One
DATAFLOW,OECD.ENV.EPI:DSD_LAND_USE@DF_LAND_USE(1.0),Land use,I,CZE,Czechia,A,Annual,AREA,Total area,KM2,Square kilometres,2021,,78871.04,,A,Normal value,0,Units,1,One
DATAFLOW,OECD.ENV.EPI:DSD_LAND_USE@DF_LAND_USE(1.0),Land use,I,DNK,Denmark,A,Annual,AREA,Total area,KM2,Square kilometres,2021,,42920,,A,Normal value,0,Units,1,One
DATAFLOW,OECD.ENV.EPI:DSD_LAND_USE@DF_LAND_USE(1.0),Land use,I,EST,Estonia,A,Annual,AREA,Total area,KM2,Square kilometres,2021,,45340,,A,Normal value,0,Units,1,One
DATAFLOW,OECD.ENV.EPI:DSD_LAND_USE@DF_LAND_USE(1.0),Land use,I,FIN,Finland,A,Annual,AREA,Total area,KM2,Square kilometres,2021,,338470,,A,Normal value,0,Units,1,One
DATAFLOW,OECD.ENV.EPI:DSD_LAND_USE@DF_LAND_USE(1.0),Land use,I,FRA,France,A,Annual,AREA,Total area,KM2,Square kilometres,2021,,606410,,A,Normal value,0,Units,1,One
DATAFLOW,OECD.ENV.EPI:DSD_LAND_USE@DF_LAND_USE(1.0),Land use,I,DEU,Germany,A,Annual,AREA,Total area,KM2,Square kilometres,2021,,357590,,A,Normal value,0,Units,1,One
DATAFLOW,OECD.ENV.EPI:DSD_LAND_USE@DF_LAND_USE(1.0),Land use,I,GRC,Greece,A,Annual,AREA,Total area,KM2,Square kilometres,2021,,131960,,A,Normal value,0,Units,1,One
DATAFLOW,OECD.ENV.EPI:DSD_LAND_USE@DF_LAND_USE(1.0),Land use,I,HUN,Hungary,A,Annual,AREA,Total area,KM2,Square kilometres,2021,,93030,,A,Normal value,0,Units,1,One
DATAFLOW,OECD.ENV.EPI:DSD_LAND_USE@DF_LAND_USE(1.0),Land use,I,ISL,Iceland,A,Annual,AREA,Total area,KM2,Square kilometres,2021,,103000,,A,Normal value,0,Units,1,One
DATAFLOW,OECD.ENV.EPI:DSD_LAND_USE@DF_LAND_USE(1.0),Land use,I,IRL,Ireland,A,Annual,AREA,Total area,KM2,Square kilometres,2021,,70280,,A,Normal value,0,Units,1,One
DATAFLOW,OECD.ENV.EPI:DSD_LAND_USE@DF_LAND_USE(1.0),Land use,I,ISR,Israel,A,Annual,AREA,Total area,KM2,Square kilometres,2021,,22070,,A,Normal value,0,Units,1,One
DATAFLOW,OECD.ENV.EPI:DSD_LAND_USE@DF_LAND_USE(1.0),Land use,I,ITA,Italy,A,Annual,AREA,Total area,KM2,Square kilometres,2021,,302068,,A,Normal value,0,Units,1,One
DATAFLOW,OECD.ENV.EPI:DSD_LAND_USE@DF_LAND_USE(1.0),Land use,I,JPN,Japan,A,Annual,AREA,Total area,KM2,Square kilometres,2021,,377974,,A,Normal value,0,Units,1,One
DATAFLOW,OECD.ENV.EPI:DSD_LAND_USE@DF_LAND_USE(1.0),Land use,I,KOR,Korea,A,Annual,AREA,Total area,KM2,Square kilometres,2021,,100430,,A,Normal value,0,Units,1,One
DATAFLOW,OECD.ENV.EPI:DSD_LAND_USE@DF_LAND_USE(1.0),Land use,I,LVA,Latvia,A,Annual,AREA,Total area,KM2,Square kilometres,2021,,64590,,A,Normal value,0,Units,1,One
DATAFLOW,OECD.ENV.EPI:DSD_LAND_USE@DF_LAND_USE(1.0),Land use,I,LTU,Lithuania,A,Annual,AREA,Total area,KM2,Square kilometres,2021,,65290,,A,Normal value,0,Units,1,One
DATAFLOW,OECD.ENV.EPI:DSD_LAND_USE@DF_LAND_USE(1.0),Land use,I,LUX,Luxembourg,A,Annual,AREA,Total area,KM2,Square kilometres,2021,,2590,,A,Normal value,0,Units,1,One
DATAFLOW,OECD.ENV.EPI:DSD_LAND_USE@DF_LAND_USE(1.0),Land use,I,MEX,Mexico,A,Annual,AREA,Total area,KM2,Square kilometres,2021,,1960647,,A,Normal value,0,Units,1,One
DATAFLOW,OECD.ENV.EPI:DSD_LAND_USE@DF_LAND_USE(1.0),Land use,I,NLD,Netherlands,A,Annual,AREA,Total area,KM2,Square kilometres,2021,,41540,,A,Normal value,0,Units,1,One
DATAFLOW,OECD.ENV.EPI:DSD_LAND_USE@DF_LAND_USE(1.0),Land use,I,NZL,New Zealand,A,Annual,AREA,Total area,KM2,Square kilometres,2021,,267710,,A,Normal value,0,Units,1,One
DATAFLOW,OECD.ENV.EPI:DSD_LAND_USE@DF_LAND_USE(1.0),Land use,I,NOR,Norway,A,Annual,AREA,Total area,KM2,Square kilometres,2021,,624500,,A,Normal value,0,Units,1,One
DATAFLOW,OECD.ENV.EPI:DSD_LAND_USE@DF_LAND_USE(1.0),Land use,I,POL,Poland,A,Annual,AREA,Total area,KM2,Square kilometres,2021,,312710,,A,Normal value,0,Units,1,One
DATAFLOW,OECD.ENV.EPI:DSD_LAND_USE@DF_LAND_USE(1.0),Land use,I,PRT,Portugal,A,Annual,AREA,Total area,KM2,Square kilometres,2021,,92230,,A,Normal value,0,Units,1,One
DATAFLOW,OECD.ENV.EPI:DSD_LAND_USE@DF_LAND_USE(1.0),Land use,I,SVK,Slovak Republic,A,Annual,AREA,Total area,KM2,Square kilometres,2021,,49030,,A,Normal value,0,Units,1,One
DATAFLOW,OECD.ENV.EPI:DSD_LAND_USE@DF_LAND_USE(1.0),Land use,I,SVN,Slovenia,A,Annual,AREA,Total area,KM2,Square kilometres,2021,,20480,,A,Normal value,0,Units,1,One
DATAFLOW,OECD.ENV.EPI:DSD_LAND_USE@DF_LAND_USE(1.0),Land use,I,ESP,Spain,A,Annual,AREA,Total area,KM2,Square kilometres,2021,,505964.6,,A,Normal value,0,Units,1,One
DATAFLOW,OECD.ENV.EPI:DSD_LAND_USE@DF_LAND_USE(1.0),Land use,I,SWE,Sweden,A,Annual,AREA,Total area,KM2,Square kilometres,2021,,528860,,A,Normal value,0,Units,1,One
DATAFLOW,OECD.ENV.EPI:DSD_LAND_USE@DF_LAND_USE(1.0),Land use,I,CHE,Switzerland,A,Annual,AREA,Total area,KM2,Square kilometres,2021,,41290.7,,A,Normal value,0,Units,1,One
DATAFLOW,OECD.ENV.EPI:DSD_LAND_USE@DF_LAND_USE(1.0),Land use,I,TUR,Türkiye,A,Annual,AREA,Total area,KM2,Square kilometres,2021,,785350,,A,Normal value,0,Units,1,One
DATAFLOW,OECD.ENV.EPI:DSD_LAND_USE@DF_LAND_USE(1.0),Land use,I,GBR,United Kingdom,A,Annual,AREA,Total area,KM2,Square kilometres,2021,,243610,,A,Normal value,0,Units,1,One
DATAFLOW,OECD.ENV.EPI:DSD_LAND_USE@DF_LAND_USE(1.0),Land use,I,USA,United States,A,Annual,AREA,Total area,KM2,Square kilometres,2021,,9831510,,A,Normal value,0,Units,1,One
DATAFLOW,OECD.ENV.EPI:DSD_LAND_USE@DF_LAND_USE(1.0),Land use,I,OECDSO,OECD Asia Oceania,A,Annual,AREA,Total area,KM2,Square kilometres,2021,,8509404,,A,Normal value,0,Units,1,One
DATAFLOW,OECD.ENV.EPI:DSD_LAND_USE@DF_LAND_USE(1.0),Land use,I,OECDE,OECD Europe,A,Annual,AREA,Total area,KM2,Square kilometres,2021,,5662542.5,,A,Normal value,0,Units,1,One
DATAFLOW,OECD.ENV.EPI:DSD_LAND_USE@DF_LAND_USE(1.0),Land use,I,AFG,Afghanistan,A,Annual,AREA,Total area,KM2,Square kilometres,2021,,652860,,A,Normal value,0,Units,1,One
DATAFLOW,OECD.ENV.EPI:DSD_LAND_USE@DF_LAND_USE(1.0),Land use,I,ALB,Albania,A,Annual,AREA,Total area,KM2,Square kilometres,2021,,28750,,A,Normal value,0,Units,1,One
DATAFLOW,OECD.ENV.EPI:DSD_LAND_USE@DF_LAND_USE(1.0),Land use,I,DZA,Algeria,A,Annual,AREA,Total area,KM2,Square kilometres,2021,,2381740,,A,Normal value,0,Units,1,One
DATAFLOW,OECD.ENV.EPI:DSD_LAND_USE@DF_LAND_USE(1.0),Land use,I,ASM,American Samoa,A,Annual,AREA,Total area,KM2,Square kilometres,2021,,200,,A,Normal value,0,Units,1,One
DATAFLOW,OECD.ENV.EPI:DSD_LAND_USE@DF_LAND_USE(1.0),Land use,I,AGO,Angola,A,Annual,AREA,Total area,KM2,Square kilometres,2021,,1246700,,A,Normal value,0,Units,1,One
DATAFLOW,OECD.ENV.EPI:DSD_LAND_USE@DF_LAND_USE(1.0),Land use,I,AND,Andorra,A,Annual,AREA,Total area,KM2,Square kilometres,2021,,470,,A,Normal value,0,Units,1,One
DATAFLOW,OECD.ENV.EPI:DSD_LAND_USE@DF_LAND_USE(1.0),Land use,I,AIA,Anguilla,A,Annual,AREA,Total area,KM2,Square kilometres,2021,,90,,A,Normal value,0,Units,1,One
DATAFLOW,OECD.ENV.EPI:DSD_LAND_USE@DF_LAND_USE(1.0),Land use,I,ATG,Antigua and Barbuda,A,Annual,AREA,Total area,KM2,Square kilometres,2021,,440,,A,Normal value,0,Units,1,One
DATAFLOW,OECD.ENV.EPI:DSD_LAND_USE@DF_LAND_USE(1.0),Land use,I,ARG,Argentina,A,Annual,AREA,Total area,KM2,Square kilometres,2021,,2780400,,A,Normal value,0,Units,1,One
DATAFLOW,OECD.ENV.EPI:DSD_LAND_USE@DF_LAND_USE(1.0),Land use,I,ARM,Armenia,A,Annual,AREA,Total area,KM2,Square kilometres,2021,,29740,,A,Normal value,0,Units,1,One
DATAFLOW,OECD.ENV.EPI:DSD_LAND_USE@DF_LAND_USE(1.0),Land use,I,AZE,Azerbaijan,A,Annual,AREA,Total area,KM2,Square kilometres,2021,,86600,,A,Normal value,0,Units,1,One
DATAFLOW,OECD.ENV.EPI:DSD_LAND_USE@DF_LAND_USE(1.0),Land use,I,BHS,Bahamas,A,Annual,AREA,Total area,KM2,Square kilometres,2021,,13880,,A,Normal value,0,Units,1,One
DATAFLOW,OECD.ENV.EPI:DSD_LAND_USE@DF_LAND_USE(1.0),Land use,I,BHR,Bahrain,A,Annual,AREA,Total area,KM2,Square kilometres,2021,,790,,A,Normal value,0,Units,1,One
DATAFLOW,OECD.ENV.EPI:DSD_LAND_USE@DF_LAND_USE(1.0),Land use,I,BGD,Bangladesh,A,Annual,AREA,Total area,KM2,Square kilometres,2021,,147570,,A,Normal value,0,Units,1,One
DATAFLOW,OECD.ENV.EPI:DSD_LAND_USE@DF_LAND_USE(1.0),Land use,I,BRB,Barbados,A,Annual,AREA,Total area,KM2,Square kilometres,2021,,430,,A,Normal value,0,Units,1,One
DATAFLOW,OECD.ENV.EPI:DSD_LAND_USE@DF_LAND_USE(1.0),Land use,I,BLZ,Belize,A,Annual,AREA,Total area,KM2,Square kilometres,2021,,22970,,A,Normal value,0,Units,1,One
DATAFLOW,OECD.ENV.EPI:DSD_LAND_USE@DF_LAND_USE(1.0),Land use,I,BEN,Benin,A,Annual,AREA,Total area,KM2,Square kilometres,2021,,114760,,A,Normal value,0,Units,1,One
DATAFLOW,OECD.ENV.EPI:DSD_LAND_USE@DF_LAND_USE(1.0),Land use,I,BMU,Bermuda,A,Annual,AREA,Total area,KM2,Square kilometres,2021,,4290,,A,Normal value,0,Units,1,One
DATAFLOW,OECD.ENV.EPI:DSD_LAND_USE@DF_LAND_USE(1.0),Land use,I,BTN,Bhutan,A,Annual,AREA,Total area,KM2,Square kilometres,2021,,38390,,A,Normal value,0,Units,1,One
DATAFLOW,OECD.ENV.EPI:DSD_LAND_USE@DF_LAND_USE(1.0),Land use,I,BOL,Bolivia,A,Annual,AREA,Total area,KM2,Square kilometres,2021,,1098580,,A,Normal value,0,Units,1,One
DATAFLOW,OECD.ENV.EPI:DSD_LAND_USE@DF_LAND_USE(1.0),Land use,I,BIH,Bosnia and Herzegovina,A,Annual,AREA,Total area,KM2,Square kilometres,2021,,51210,,A,Normal value,0,Units,1,One
DATAFLOW,OECD.ENV.EPI:DSD_LAND_USE@DF_LAND_USE(1.0),Land use,I,BWA,Botswana,A,Annual,AREA,Total area,KM2,Square kilometres,2021,,581730,,A,Normal value,0,Units,1,One
DATAFLOW,OECD.ENV.EPI:DSD_LAND_USE@DF_LAND_USE(1.0),Land use,I,BRA,Brazil,A,Annual,AREA,Total area,KM2,Square kilometres,2021,,8515770,,A,Normal value,0,Units,1,One
DATAFLOW,OECD.ENV.EPI:DSD_LAND_USE@DF_LAND_USE(1.0),Land use,I,VGB,British Virgin Islands,A,Annual,AREA,Total area,KM2,Square kilometres,2021,,150,,A,Normal value,0,Units,1,One
DATAFLOW,OECD.ENV.EPI:DSD_LAND_USE@DF_LAND_USE(1.0),Land use,I,BRN,Brunei Darussalam,A,Annual,AREA,Total area,KM2,Square kilometres,2021,,5770,,A,Normal value,0,Units,1,One
DATAFLOW,OECD.ENV.EPI:DSD_LAND_USE@DF_LAND_USE(1.0),Land use,I,BGR,Bulgaria,A,Annual,AREA,Total area,KM2,Square kilometres,2021,,111000,,A,Normal value,0,Units,1,One
DATAFLOW,OECD.ENV.EPI:DSD_LAND_USE@DF_LAND_USE(1.0),Land use,I,BFA,Burkina Faso,A,Annual,AREA,Total area,KM2,Square kilometres,2021,,274200,,A,Normal value,0,Units,1,One
DATAFLOW,OECD.ENV.EPI:DSD_LAND_USE@DF_LAND_USE(1.0),Land use,I,BDI,Burundi,A,Annual,AREA,Total area,KM2,Square kilometres,2021,,27830,,A,Normal value,0,Units,1,One
DATAFLOW,OECD.ENV.EPI:DSD_LAND_USE@DF_LAND_USE(1.0),Land use,I,CPV,Cabo Verde,A,Annual,AREA,Total area,KM2,Square kilometres,2021,,4030,,A,Normal value,0,Units,1,One
DATAFLOW,OECD.ENV.EPI:DSD_LAND_USE@DF_LAND_USE(1.0),Land use,I,KHM,Cambodia,A,Annual,AREA,Total area,KM2,Square kilometres,2021,,181040,,A,Normal value,0,Units,1,One
DATAFLOW,OECD.ENV.EPI:DSD_LAND_USE@DF_LAND_USE(1.0),Land use,I,CYM,Cayman Islands,A,Annual,AREA,Total area,KM2,Square kilometres,2021,,264,,A,Normal value,0,Units,1,One
DATAFLOW,OECD.ENV.EPI:DSD_LAND_USE@DF_LAND_USE(1.0),Land use,I,CAF,Central African Republic,A,Annual,AREA,Total area,KM2,Square kilometres,2021,,622980,,A,Normal value,0,Units,1,One
DATAFLOW,OECD.ENV.EPI:DSD_LAND_USE@DF_LAND_USE(1.0),Land use,I,TCD,Chad,A,Annual,AREA,Total area,KM2,Square kilometres,2021,,1284000,,A,Normal value,0,Units,1,One
DATAFLOW,OECD.ENV.EPI:DSD_LAND_USE@DF_LAND_USE(1.0),Land use,I,CHN,China (People’s Republic of),A,Annual,AREA,Total area,KM2,Square kilometres,2021,,9600013,,A,Normal value,0,Units,1,One
DATAFLOW,OECD.ENV.EPI:DSD_LAND_USE@DF_LAND_USE(1.0),Land use,I,COM,Comoros,A,Annual,AREA,Total area,KM2,Square kilometres,2021,,1861,,A,Normal value,0,Units,1,One
DATAFLOW,OECD.ENV.EPI:DSD_LAND_USE@DF_LAND_USE(1.0),Land use,I,COG,Congo,A,Annual,AREA,Total area,KM2,Square kilometres,2021,,342000,,A,Normal value,0,Units,1,One
DATAFLOW,OECD.ENV.EPI:DSD_LAND_USE@DF_LAND_USE(1.0),Land use,I,CIV,Côte d’Ivoire,A,Annual,AREA,Total area,KM2,Square kilometres,2021,,322460,,A,Normal value,0,Units,1,One
DATAFLOW,OECD.ENV.EPI:DSD_LAND_USE@DF_LAND_USE(1.0),Land use,I,HRV,Croatia,A,Annual,AREA,Total area,KM2,Square kilometres,2021,,88070,,A,Normal value,0,Units,1,One
DATAFLOW,OECD.ENV.EPI:DSD_LAND_USE@DF_LAND_USE(1.0),Land use,I,CUB,Cuba,A,Annual,AREA,Total area,KM2,Square kilometres,2021,,109880,,A,Normal value,0,Units,1,One
DATAFLOW,OECD.ENV.EPI:DSD_LAND_USE@DF_LAND_USE(1.0),Land use,I,CUW,Curaçao,A,Annual,AREA,Total area,KM2,Square kilometres,2021,,444,,A,Normal value,0,Units,1,One
DATAFLOW,OECD.ENV.EPI:DSD_LAND_USE@DF_LAND_USE(1.0),Land use,I,CYP,Cyprus,A,Annual,AREA,Total area,KM2,Square kilometres,2021,,9250,,A,Normal value,0,Units,1,One
DATAFLOW,OECD.ENV.EPI:DSD_LAND_USE@DF_LAND_USE(1.0),Land use,I,PRK,Democratic People’s Republic of Korea,A,Annual,AREA,Total area,KM2,Square kilometres,2021,,120540,,A,Normal value,0,Units,1,One
DATAFLOW,OECD.ENV.EPI:DSD_LAND_USE@DF_LAND_USE(1.0),Land use,I,DJI,Djibouti,A,Annual,AREA,Total area,KM2,Square kilometres,2021,,23200,,A,Normal value,0,Units,1,One
DATAFLOW,OECD.ENV.EPI:DSD_LAND_USE@DF_LAND_USE(1.0),Land use,I,DOM,Dominican Republic,A,Annual,AREA,Total area,KM2,Square kilometres,2021,,146839.5,,A,Normal value,0,Units,1,One
DATAFLOW,OECD.ENV.EPI:DSD_LAND_USE@DF_LAND_USE(1.0),Land use,I,ECU,Ecuador,A,Annual,AREA,Total area,KM2,Square kilometres,2021,,256370,,A,Normal value,0,Units,1,One
DATAFLOW,OECD.ENV.EPI:DSD_LAND_USE@DF_LAND_USE(1.0),Land use,I,EGY,Egypt,A,Annual,AREA,Total area,KM2,Square kilometres,2021,,1001450,,A,Normal value,0,Units,1,One
DATAFLOW,OECD.ENV.EPI:DSD_LAND_USE@DF_LAND_USE(1.0),Land use,I,SLV,El Salvador,A,Annual,AREA,Total area,KM2,Square kilometres,2021,,21040,,A,Normal value,0,Units,1,One
DATAFLOW,OECD.ENV.EPI:DSD_LAND_USE@DF_LAND_USE(1.0),Land use,I,GNQ,Equatorial Guinea,A,Annual,AREA,Total area,KM2,Square kilometres,2021,,28050,,A,Normal value,0,Units,1,One
DATAFLOW,OECD.ENV.EPI:DSD_LAND_USE@DF_LAND_USE(1.0),Land use,I,FLK,Falkland Islands (Malvinas),A,Annual,AREA,Total area,KM2,Square kilometres,2021,,12170,,A,Normal value,0,Units,1,One
DATAFLOW,OECD.ENV.EPI:DSD_LAND_USE@DF_LAND_USE(1.0),Land use,I,FRO,Faroe Islands,A,Annual,AREA,Total area,KM2,Square kilometres,2021,,12960,,A,Normal value,0,Units,1,One
DATAFLOW,OECD.ENV.EPI:DSD_LAND_USE@DF_LAND_USE(1.0),Land use,I,FJI,Fiji,A,Annual,AREA,Total area,KM2,Square kilometres,2021,,18270,,A,Normal value,0,Units,1,One
DATAFLOW,OECD.ENV.EPI:DSD_LAND_USE@DF_LAND_USE(1.0),Land use,I,GUF,French Guiana,A,Annual,AREA,Total area,KM2,Square kilometres,2021,,83600,,A,Normal value,0,Units,1,One
DATAFLOW,OECD.ENV.EPI:DSD_LAND_USE@DF_LAND_USE(1.0),Land use,I,PYF,French Polynesia,A,Annual,AREA,Total area,KM2,Square kilometres,2021,,3471,,A,Normal value,0,Units,1,One
DATAFLOW,OECD.ENV.EPI:DSD_LAND_USE@DF_LAND_USE(1.0),Land use,I,GAB,Gabon,A,Annual,AREA,Total area,KM2,Square kilometres,2021,,267670,,A,Normal value,0,Units,1,One
DATAFLOW,OECD.ENV.EPI:DSD_LAND_USE@DF_LAND_USE(1.0),Land use,I,GMB,Gambia,A,Annual,AREA,Total area,KM2,Square kilometres,2021,,11300,,A,Normal value,0,Units,1,One
DATAFLOW,OECD.ENV.EPI:DSD_LAND_USE@DF_LAND_USE(1.0),Land use,I,GEO,Georgia,A,Annual,AREA,Total area,KM2,Square kilometres,2021,,69700,,A,Normal value,0,Units,1,One
DATAFLOW,OECD.ENV.EPI:DSD_LAND_USE@DF_LAND_USE(1.0),Land use,I,GHA,Ghana,A,Annual,AREA,Total area,KM2,Square kilometres,2021,,238533,,A,Normal value,0,Units,1,One
DATAFLOW,OECD.ENV.EPI:DSD_LAND_USE@DF_LAND_USE(1.0),Land use,I,GRL,Greenland,A,Annual,AREA,Total area,KM2,Square kilometres,2021,,410450,,A,Normal value,0,Units,1,One
DATAFLOW,OECD.ENV.EPI:DSD_LAND_USE@DF_LAND_USE(1.0),Land use,I,GRD,Grenada,A,Annual,AREA,Total area,KM2,Square kilometres,2021,,340,,A,Normal value,0,Units,1,One
DATAFLOW,OECD.ENV.EPI:DSD_LAND_USE@DF_LAND_USE(1.0),Land use,I,GLP,Guadeloupe,A,Annual,AREA,Total area,KM2,Square kilometres,2021,,1630,,A,Normal value,0,Units,1,One
DATAFLOW,OECD.ENV.EPI:DSD_LAND_USE@DF_LAND_USE(1.0),Land use,I,GUM,Guam,A,Annual,AREA,Total area,KM2,Square kilometres,2021,,540,,A,Normal value,0,Units,1,One
DATAFLOW,OECD.ENV.EPI:DSD_LAND_USE@DF_LAND_USE(1.0),Land use,I,GTM,Guatemala,A,Annual,AREA,Total area,KM2,Square kilometres,2021,,108890,,A,Normal value,0,Units,1,One
DATAFLOW,OECD.ENV.EPI:DSD_LAND_USE@DF_LAND_USE(1.0),Land use,I,GIN,Guinea,A,Annual,AREA,Total area,KM2,Square kilometres,2021,,245860,,A,Normal value,0,Units,1,One
DATAFLOW,OECD.ENV.EPI:DSD_LAND_USE@DF_LAND_USE(1.0),Land use,I,GNB,Guinea-Bissau,A,Annual,AREA,Total area,KM2,Square kilometres,2021,,36130,,A,Normal value,0,Units,1,One
DATAFLOW,OECD.ENV.EPI:DSD_LAND_USE@DF_LAND_USE(1.0),Land use,I,GUY,Guyana,A,Annual,AREA,Total area,KM2,Square kilometres,2021,,214970,,A,Normal value,0,Units,1,One
DATAFLOW,OECD.ENV.EPI:DSD_LAND_USE@DF_LAND_USE(1.0),Land use,I,HTI,Haiti,A,Annual,AREA,Total area,KM2,Square kilometres,2021,,27750,,A,Normal value,0,Units,1,One
DATAFLOW,OECD.ENV.EPI:DSD_LAND_USE@DF_LAND_USE(1.0),Land use,I,VAT,Holy See,A,Annual,AREA,Total area,KM2,Square kilometres,2021,,0.44,,A,Normal value,0,Units,1,One
DATAFLOW,OECD.ENV.EPI:DSD_LAND_USE@DF_LAND_USE(1.0),Land use,I,HND,Honduras,A,Annual,AREA,Total area,KM2,Square kilometres,2021,,112490,,A,Normal value,0,Units,1,One
DATAFLOW,OECD.ENV.EPI:DSD_LAND_USE@DF_LAND_USE(1.0),Land use,I,HKG,Hong Kong (China),A,Annual,AREA,Total area,KM2,Square kilometres,2021,,1110,,A,Normal value,0,Units,1,One
DATAFLOW,OECD.ENV.EPI:DSD_LAND_USE@DF_LAND_USE(1.0),Land use,I,IND,India,A,Annual,AREA,Total area,KM2,Square kilometres,2021,,3287260,,A,Normal value,0,Units,1,One
DATAFLOW,OECD.ENV.EPI:DSD_LAND_USE@DF_LAND_USE(1.0),Land use,I,IDN,Indonesia,A,Annual,AREA,Total area,KM2,Square kilometres,2021,,1916907,,A,Normal value,0,Units,1,One
DATAFLOW,OECD.ENV.EPI:DSD_LAND_USE@DF_LAND_USE(1.0),Land use,I,IRN,Iran,A,Annual,AREA,Total area,KM2,Square kilometres,2021,,1745150,,A,Normal value,0,Units,1,One
DATAFLOW,OECD.ENV.EPI:DSD_LAND_USE@DF_LAND_USE(1.0),Land use,I,IRQ,Iraq,A,Annual,AREA,Total area,KM2,Square kilometres,2021,,435050,,A,Normal value,0,Units,1,One
DATAFLOW,OECD.ENV.EPI:DSD_LAND_USE@DF_LAND_USE(1.0),Land use,I,JAM,Jamaica,A,Annual,AREA,Total area,KM2,Square kilometres,2021,,10990,,A,Normal value,0,Units,1,One
DATAFLOW,OECD.ENV.EPI:DSD_LAND_USE@DF_LAND_USE(1.0),Land use,I,JOR,Jordan,A,Annual,AREA,Total area,KM2,Square kilometres,2021,,89318,,A,Normal value,0,Units,1,One
DATAFLOW,OECD.ENV.EPI:DSD_LAND_USE@DF_LAND_USE(1.0),Land use,I,KAZ,Kazakhstan,A,Annual,AREA,Total area,KM2,Square kilometres,2021,,2724900,,A,Normal value,0,Units,1,One
DATAFLOW,OECD.ENV.EPI:DSD_LAND_USE@DF_LAND_USE(1.0),Land use,I,KEN,Kenya,A,Annual,AREA,Total area,KM2,Square kilometres,2021,,591969,,A,Normal value,0,Units,1,One
DATAFLOW,OECD.ENV.EPI:DSD_LAND_USE@DF_LAND_USE(1.0),Land use,I,KIR,Kiribati,A,Annual,AREA,Total area,KM2,Square kilometres,2021,,810,,A,Normal value,0,Units,1,One
DATAFLOW,OECD.ENV.EPI:DSD_LAND_USE@DF_LAND_USE(1.0),Land use,I,KWT,Kuwait,A,Annual,AREA,Total area,KM2,Square kilometres,2021,,17820,,A,Normal value,0,Units,1,One
DATAFLOW,OECD.ENV.EPI:DSD_LAND_USE@DF_LAND_USE(1.0),Land use,I,KGZ,Kyrgyzstan,A,Annual,AREA,Total area,KM2,Square kilometres,2021,,199950,,A,Normal value,0,Units,1,One
DATAFLOW,OECD.ENV.EPI:DSD_LAND_USE@DF_LAND_USE(1.0),Land use,I,LAO,Lao People’s Democratic Republic,A,Annual,AREA,Total area,KM2,Square kilometres,2021,,236800,,A,Normal value,0,Units,1,One
DATAFLOW,OECD.ENV.EPI:DSD_LAND_USE@DF_LAND_USE(1.0),Land use,I,LBN,Lebanon,A,Annual,AREA,Total area,KM2,Square kilometres,2021,,10450,,A,Normal value,0,Units,1,One
DATAFLOW,OECD.ENV.EPI:DSD_LAND_USE@DF_LAND_USE(1.0),Land use,I,LSO,Lesotho,A,Annual,AREA,Total area,KM2,Square kilometres,2021,,30360,,A,Normal value,0,Units,1,One
DATAFLOW,OECD.ENV.EPI:DSD_LAND_USE@DF_LAND_USE(1.0),Land use,I,LBR,Liberia,A,Annual,AREA,Total area,KM2,Square kilometres,2021,,111370,,A,Normal value,0,Units,1,One
DATAFLOW,OECD.ENV.EPI:DSD_LAND_USE@DF_LAND_USE(1.0),Land use,I,LBY,Libya,A,Annual,AREA,Total area,KM2,Square kilometres,2021,,1759540,,A,Normal value,0,Units,1,One
DATAFLOW,OECD.ENV.EPI:DSD_LAND_USE@DF_LAND_USE(1.0),Land use,I,LIE,Liechtenstein,A,Annual,AREA,Total area,KM2,Square kilometres,2021,,160,,A,Normal value,0,Units,1,One
DATAFLOW,OECD.ENV.EPI:DSD_LAND_USE@DF_LAND_USE(1.0),Land use,I,MAC,Macau (China),A,Annual,AREA,Total area,KM2,Square kilometres,2021,,33,,A,Normal value,0,Units,1,One
DATAFLOW,OECD.ENV.EPI:DSD_LAND_USE@DF_LAND_USE(1.0),Land use,I,MDG,Madagascar,A,Annual,AREA,Total area,KM2,Square kilometres,2021,,587295,,A,Normal value,0,Units,1,One
DATAFLOW,OECD.ENV.EPI:DSD_LAND_USE@DF_LAND_USE(1.0),Land use,I,MWI,Malawi,A,Annual,AREA,Total area,KM2,Square kilometres,2021,,118480,,A,Normal value,0,Units,1,One
DATAFLOW,OECD.ENV.EPI:DSD_LAND_USE@DF_LAND_USE(1.0),Land use,I,MDV,Maldives,A,Annual,AREA,Total area,KM2,Square kilometres,2021,,300,,A,Normal value,0,Units,1,One
DATAFLOW,OECD.ENV.EPI:DSD_LAND_USE@DF_LAND_USE(1.0),Land use,I,MLI,Mali,A,Annual,AREA,Total area,KM2,Square kilometres,2021,,1240190,,A,Normal value,0,Units,1,One
DATAFLOW,OECD.ENV.EPI:DSD_LAND_USE@DF_LAND_USE(1.0),Land use,I,MTQ,Martinique,A,Annual,AREA,Total area,KM2,Square kilometres,2021,,1087.43,,A,Normal value,0,Units,1,One
DATAFLOW,OECD.ENV.EPI:DSD_LAND_USE@DF_LAND_USE(1.0),Land use,I,MRT,Mauritania,A,Annual,AREA,Total area,KM2,Square kilometres,2021,,1030700,,A,Normal value,0,Units,1,One
DATAFLOW,OECD.ENV.EPI:DSD_LAND_USE@DF_LAND_USE(1.0),Land use,I,MUS,Mauritius,A,Annual,AREA,Total area,KM2,Square kilometres,2021,,2007,,A,Normal value,0,Units,1,One
DATAFLOW,OECD.ENV.EPI:DSD_LAND_USE@DF_LAND_USE(1.0),Land use,I,MYT,Mayotte,A,Annual,AREA,Total area,KM2,Square kilometres,2021,,366.26,,A,Normal value,0,Units,1,One
DATAFLOW,OECD.ENV.EPI:DSD_LAND_USE@DF_LAND_USE(1.0),Land use,I,FSM,Micronesia,A,Annual,AREA,Total area,KM2,Square kilometres,2021,,700,,A,Normal value,0,Units,1,One
DATAFLOW,OECD.ENV.EPI:DSD_LAND_USE@DF_LAND_USE(1.0),Land use,I,MDA,Moldova,A,Annual,AREA,Total area,KM2,Square kilometres,2021,,33850,,A,Normal value,0,Units,1,One
DATAFLOW,OECD.ENV.EPI:DSD_LAND_USE@DF_LAND_USE(1.0),Land use,I,MCO,Monaco,A,Annual,AREA,Total area,KM2,Square kilometres,2021,,74.89999,,A,Normal value,0,Units,1,One
DATAFLOW,OECD.ENV.EPI:DSD_LAND_USE@DF_LAND_USE(1.0),Land use,I,MNG,Mongolia,A,Annual,AREA,Total area,KM2,Square kilometres,2021,,1564116,,A,Normal value,0,Units,1,One
DATAFLOW,OECD.ENV.EPI:DSD_LAND_USE@DF_LAND_USE(1.0),Land use,I,MSR,Montserrat,A,Annual,AREA,Total area,KM2,Square kilometres,2021,,100,,A,Normal value,0,Units,1,One
DATAFLOW,OECD.ENV.EPI:DSD_LAND_USE@DF_LAND_USE(1.0),Land use,I,MAR,Morocco,A,Annual,AREA,Total area,KM2,Square kilometres,2021,,446550,,A,Normal value,0,Units,1,One
DATAFLOW,OECD.ENV.EPI:DSD_LAND_USE@DF_LAND_USE(1.0),Land use,I,MOZ,Mozambique,A,Annual,AREA,Total area,KM2,Square kilometres,2021,,799380,,A,Normal value,0,Units,1,One
DATAFLOW,OECD.ENV.EPI:DSD_LAND_USE@DF_LAND_USE(1.0),Land use,I,MMR,Myanmar,A,Annual,AREA,Total area,KM2,Square kilometres,2021,,676590,,A,Normal value,0,Units,1,One
DATAFLOW,OECD.ENV.EPI:DSD_LAND_USE@DF_LAND_USE(1.0),Land use,I,NAM,Namibia,A,Annual,AREA,Total area,KM2,Square kilometres,2021,,824290,,A,Normal value,0,Units,1,One
DATAFLOW,OECD.ENV.EPI:DSD_LAND_USE@DF_LAND_USE(1.0),Land use,I,NPL,Nepal,A,Annual,AREA,Total area,KM2,Square kilometres,2021,,147180,,A,Normal value,0,Units,1,One
DATAFLOW,OECD.ENV.EPI:DSD_LAND_USE@DF_LAND_USE(1.0),Land use,I,NIC,Nicaragua,A,Annual,AREA,Total area,KM2,Square kilometres,2021,,130370,,A,Normal value,0,Units,1,One
DATAFLOW,OECD.ENV.EPI:DSD_LAND_USE@DF_LAND_USE(1.0),Land use,I,NER,Niger,A,Annual,AREA,Total area,KM2,Square kilometres,2021,,1267000,,A,Normal value,0,Units,1,One
DATAFLOW,OECD.ENV.EPI:DSD_LAND_USE@DF_LAND_USE(1.0),Land use,I,NGA,Nigeria,A,Annual,AREA,Total area,KM2,Square kilometres,2021,,923770,,A,Normal value,0,Units,1,One
DATAFLOW,OECD.ENV.EPI:DSD_LAND_USE@DF_LAND_USE(1.0),Land use,I,MKD,North Macedonia,A,Annual,AREA,Total area,KM2,Square kilometres,2021,,25710,,A,Normal value,0,Units,1,One
DATAFLOW,OECD.ENV.EPI:DSD_LAND_USE@DF_LAND_USE(1.0),Land use,I,OMN,Oman,A,Annual,AREA,Total area,KM2,Square kilometres,2021,,309500,,A,Normal value,0,Units,1,One
DATAFLOW,OECD.ENV.EPI:DSD_LAND_USE@DF_LAND_USE(1.0),Land use,I,PAK,Pakistan,A,Annual,AREA,Total area,KM2,Square kilometres,2021,,796100,,A,Normal value,0,Units,1,One
DATAFLOW,OECD.ENV.EPI:DSD_LAND_USE@DF_LAND_USE(1.0),Land use,I,PAN,Panama,A,Annual,AREA,Total area,KM2,Square kilometres,2021,,75320,,A,Normal value,0,Units,1,One
DATAFLOW,OECD.ENV.EPI:DSD_LAND_USE@DF_LAND_USE(1.0),Land use,I,PNG,Papua New Guinea,A,Annual,AREA,Total area,KM2,Square kilometres,2021,,462840,,A,Normal value,0,Units,1,One
DATAFLOW,OECD.ENV.EPI:DSD_LAND_USE@DF_LAND_USE(1.0),Land use,I,PRY,Paraguay,A,Annual,AREA,Total area,KM2,Square kilometres,2021,,406752,,A,Normal value,0,Units,1,One
DATAFLOW,OECD.ENV.EPI:DSD_LAND_USE@DF_LAND_USE(1.0),Land use,I,PER,Peru,A,Annual,AREA,Total area,KM2,Square kilometres,2021,,1285220,,A,Normal value,0,Units,1,One
DATAFLOW,OECD.ENV.EPI:DSD_LAND_USE@DF_LAND_USE(1.0),Land use,I,PHL,Philippines,A,Annual,AREA,Total area,KM2,Square kilometres,2021,,300000,,A,Normal value,0,Units,1,One
DATAFLOW,OECD.ENV.EPI:DSD_LAND_USE@DF_LAND_USE(1.0),Land use,I,PCN,Pitcairn,A,Annual,AREA,Total area,KM2,Square kilometres,2021,,47,,A,Normal value,0,Units,1,One
DATAFLOW,OECD.ENV.EPI:DSD_LAND_USE@DF_LAND_USE(1.0),Land use,I,PRI,Puerto Rico,A,Annual,AREA,Total area,KM2,Square kilometres,2021,,8870,,A,Normal value,0,Units,1,One
DATAFLOW,OECD.ENV.EPI:DSD_LAND_USE@DF_LAND_USE(1.0),Land use,I,QAT,Qatar,A,Annual,AREA,Total area,KM2,Square kilometres,2021,,11490,,A,Normal value,0,Units,1,One
DATAFLOW,OECD.ENV.EPI:DSD_LAND_USE@DF_LAND_USE(1.0),Land use,I,ROU,Romania,A,Annual,AREA,Total area,KM2,Square kilometres,2021,,238400,,A,Normal value,0,Units,1,One
DATAFLOW,OECD.ENV.EPI:DSD_LAND_USE@DF_LAND_USE(1.0),Land use,I,RUS,Russia,A,Annual,AREA,Total area,KM2,Square kilometres,2021,,17125190,,A,Normal value,0,Units,1,One
DATAFLOW,OECD.ENV.EPI:DSD_LAND_USE@DF_LAND_USE(1.0),Land use,I,RWA,Rwanda,A,Annual,AREA,Total area,KM2,Square kilometres,2021,,26340,,A,Normal value,0,Units,1,One
DATAFLOW,OECD.ENV.EPI:DSD_LAND_USE@DF_LAND_USE(1.0),Land use,I,LCA,Saint Lucia,A,Annual,AREA,Total area,KM2,Square kilometres,2021,,620,,A,Normal value,0,Units,1,One
DATAFLOW,OECD.ENV.EPI:DSD_LAND_USE@DF_LAND_USE(1.0),Land use,I,WSM,Samoa,A,Annual,AREA,Total area,KM2,Square kilometres,2021,,2840,,A,Normal value,0,Units,1,One
DATAFLOW,OECD.ENV.EPI:DSD_LAND_USE@DF_LAND_USE(1.0),Land use,I,SMR,San Marino,A,Annual,AREA,Total area,KM2,Square kilometres,2021,,60,,A,Normal value,0,Units,1,One
DATAFLOW,OECD.ENV.EPI:DSD_LAND_USE@DF_LAND_USE(1.0),Land use,I,STP,Sao Tome and Principe,A,Annual,AREA,Total area,KM2,Square kilometres,2021,,960,,A,Normal value,0,Units,1,One
DATAFLOW,OECD.ENV.EPI:DSD_LAND_USE@DF_LAND_USE(1.0),Land use,I,SAU,Saudi Arabia,A,Annual,AREA,Total area,KM2,Square kilometres,2021,,2149690,,A,Normal value,0,Units,1,One
DATAFLOW,OECD.ENV.EPI:DSD_LAND_USE@DF_LAND_USE(1.0),Land use,I,SEN,Senegal,A,Annual,AREA,Total area,KM2,Square kilometres,2021,,196710,,A,Normal value,0,Units,1,One
DATAFLOW,OECD.ENV.EPI:DSD_LAND_USE@DF_LAND_USE(1.0),Land use,I,SLE,Sierra Leone,A,Annual,AREA,Total area,KM2,Square kilometres,2021,,72300,,A,Normal value,0,Units,1,One
DATAFLOW,OECD.ENV.EPI:DSD_LAND_USE@DF_LAND_USE(1.0),Land use,I,ZAF,South Africa,A,Annual,AREA,Total area,KM2,Square kilometres,2021,,1219090,,A,Normal value,0,Units,1,One
DATAFLOW,OECD.ENV.EPI:DSD_LAND_USE@DF_LAND_USE(1.0),Land use,I,LKA,Sri Lanka,A,Annual,AREA,Total area,KM2,Square kilometres,2021,,65610,,A,Normal value,0,Units,1,One
DATAFLOW,OECD.ENV.EPI:DSD_LAND_USE@DF_LAND_USE(1.0),Land use,I,SDN,Sudan,A,Annual,AREA,Total area,KM2,Square kilometres,2021,,1878000,,A,Normal value,0,Units,1,One
DATAFLOW,OECD.ENV.EPI:DSD_LAND_USE@DF_LAND_USE(1.0),Land use,I,SUR,Suriname,A,Annual,AREA,Total area,KM2,Square kilometres,2021,,163820,,A,Normal value,0,Units,1,One
DATAFLOW,OECD.ENV.EPI:DSD_LAND_USE@DF_LAND_USE(1.0),Land use,I,SYR,Syrian Arab Republic,A,Annual,AREA,Total area,KM2,Square kilometres,2021,,185180,,A,Normal value,0,Units,1,One
DATAFLOW,OECD.ENV.EPI:DSD_LAND_USE@DF_LAND_USE(1.0),Land use,I,TWN,Chinese Taipei,A,Annual,AREA,Total area,KM2,Square kilometres,2021,,35960,,A,Normal value,0,Units,1,One
DATAFLOW,OECD.ENV.EPI:DSD_LAND_USE@DF_LAND_USE(1.0),Land use,I,TJK,Tajikistan,A,Annual,AREA,Total area,KM2,Square kilometres,2021,,141379,,A,Normal value,0,Units,1,One
DATAFLOW,OECD.ENV.EPI:DSD_LAND_USE@DF_LAND_USE(1.0),Land use,I,THA,Thailand,A,Annual,AREA,Total area,KM2,Square kilometres,2021,,513120,,A,Normal value,0,Units,1,One
DATAFLOW,OECD.ENV.EPI:DSD_LAND_USE@DF_LAND_USE(1.0),Land use,I,TLS,Timor-Leste,A,Annual,AREA,Total area,KM2,Square kilometres,2021,,14870,,A,Normal value,0,Units,1,One
DATAFLOW,OECD.ENV.EPI:DSD_LAND_USE@DF_LAND_USE(1.0),Land use,I,TGO,Togo,A,Annual,AREA,Total area,KM2,Square kilometres,2021,,56790,,A,Normal value,0,Units,1,One
DATAFLOW,OECD.ENV.EPI:DSD_LAND_USE@DF_LAND_USE(1.0),Land use,I,TTO,Trinidad and Tobago,A,Annual,AREA,Total area,KM2,Square kilometres,2021,,5130,,A,Normal value,0,Units,1,One
DATAFLOW,OECD.ENV.EPI:DSD_LAND_USE@DF_LAND_USE(1.0),Land use,I,TUN,Tunisia,A,Annual,AREA,Total area,KM2,Square kilometres,2021,,163610,,A,Normal value,0,Units,1,One
DATAFLOW,OECD.ENV.EPI:DSD_LAND_USE@DF_LAND_USE(1.0),Land use,I,TKM,Turkmenistan,A,Annual,AREA,Total area,KM2,Square kilometres,2021,,491209,,A,Normal value,0,Units,1,One
DATAFLOW,OECD.ENV.EPI:DSD_LAND_USE@DF_LAND_USE(1.0),Land use,I,TCA,Turks and Caicos Islands,A,Annual,AREA,Total area,KM2,Square kilometres,2021,,950,,A,Normal value,0,Units,1,One
DATAFLOW,OECD.ENV.EPI:DSD_LAND_USE@DF_LAND_USE(1.0),Land use,I,TUV,Tuvalu,A,Annual,AREA,Total area,KM2,Square kilometres,2021,,30,,A,Normal value,0,Units,1,One
DATAFLOW,OECD.ENV.EPI:DSD_LAND_USE@DF_LAND_USE(1.0),Land use,I,UGA,Uganda,A,Annual,AREA,Total area,KM2,Square kilometres,2021,,241550,,A,Normal value,0,Units,1,One
DATAFLOW,OECD.ENV.EPI:DSD_LAND_USE@DF_LAND_USE(1.0),Land use,I,UKR,Ukraine,A,Annual,AREA,Total area,KM2,Square kilometres,2021,,603550,,A,Normal value,0,Units,1,One
DATAFLOW,OECD.ENV.EPI:DSD_LAND_USE@DF_LAND_USE(1.0),Land use,I,ARE,United Arab Emirates,A,Annual,AREA,Total area,KM2,Square kilometres,2021,,98647.9,,A,Normal value,0,Units,1,One
DATAFLOW,OECD.ENV.EPI:DSD_LAND_USE@DF_LAND_USE(1.0),Land use,I,URY,Uruguay,A,Annual,AREA,Total area,KM2,Square kilometres,2021,,176220,,A,Normal value,0,Units,1,One
DATAFLOW,OECD.ENV.EPI:DSD_LAND_USE@DF_LAND_USE(1.0),Land use,I,UZB,Uzbekistan,A,Annual,AREA,Total area,KM2,Square kilometres,2021,,448924,,A,Normal value,0,Units,1,One
DATAFLOW,OECD.ENV.EPI:DSD_LAND_USE@DF_LAND_USE(1.0),Land use,I,VUT,Vanuatu,A,Annual,AREA,Total area,KM2,Square kilometres,2021,,12190,,A,Normal value,0,Units,1,One
DATAFLOW,OECD.ENV.EPI:DSD_LAND_USE@DF_LAND_USE(1.0),Land use,I,VEN,Venezuela,A,Annual,AREA,Total area,KM2,Square kilometres,2021,,912050,,A,Normal value,0,Units,1,One
DATAFLOW,OECD.ENV.EPI:DSD_LAND_USE@DF_LAND_USE(1.0),Land use,I,VNM,Viet Nam,A,Annual,AREA,Total area,KM2,Square kilometres,2021,,331344.8,,A,Normal value,0,Units,1,One
DATAFLOW,OECD.ENV.EPI:DSD_LAND_USE@DF_LAND_USE(1.0),Land use,I,WLF,Wallis and Futuna,A,Annual,AREA,Total area,KM2,Square kilometres,2021,,140,,A,Normal value,0,Units,1,One
DATAFLOW,OECD.ENV.EPI:DSD_LAND_USE@DF_LAND_USE(1.0),Land use,I,YEM,Yemen,A,Annual,AREA,Total area,KM2,Square kilometres,2021,,527970,,A,Normal value,0,Units,1,One
DATAFLOW,OECD.ENV.EPI:DSD_LAND_USE@DF_LAND_USE(1.0),Land use,I,ZMB,Zambia,A,Annual,AREA,Total area,KM2,Square kilometres,2021,,752610,,A,Normal value,0,Units,1,One
DATAFLOW,OECD.ENV.EPI:DSD_LAND_USE@DF_LAND_USE(1.0),Land use,I,ZWE,Zimbabwe,A,Annual,AREA,Total area,KM2,Square kilometres,2021,,390760,,A,Normal value,0,Units,1,One
DATAFLOW,OECD.ENV.EPI:DSD_LAND_USE@DF_LAND_USE(1.0),Land use,I,VIR,United States Virgin Islands,A,Annual,AREA,Total area,KM2,Square kilometres,2021,,350,,A,Normal value,0,Units,1,One
DATAFLOW,OECD.ENV.EPI:DSD_LAND_USE@DF_LAND_USE(1.0),Land use,I,ABW,Aruba,A,Annual,AREA,Total area,KM2,Square kilometres,2021,,180,,A,Normal value,0,Units,1,One
DATAFLOW,OECD.ENV.EPI:DSD_LAND_USE@DF_LAND_USE(1.0),Land use,I,MHL,Marshall Islands,A,Annual,AREA,Total area,KM2,Square kilometres,2021,,180,,A,Normal value,0,Units,1,One
DATAFLOW,OECD.ENV.EPI:DSD_LAND_USE@DF_LAND_USE(1.0),Land use,I,NIU,Niue,A,Annual,AREA,Total area,KM2,Square kilometres,2021,,260,,A,Normal value,0,Units,1,One
DATAFLOW,OECD.ENV.EPI:DSD_LAND_USE@DF_LAND_USE(1.0),Land use,I,KNA,Saint Kitts and Nevis,A,Annual,AREA,Total area,KM2,Square kilometres,2021,,260,,A,Normal value,0,Units,1,One
DATAFLOW,OECD.ENV.EPI:DSD_LAND_USE@DF_LAND_USE(1.0),Land use,I,NRU,Nauru,A,Annual,AREA,Total area,KM2,Square kilometres,2021,,20,,A,Normal value,0,Units,1,One
DATAFLOW,OECD.ENV.EPI:DSD_LAND_USE@DF_LAND_USE(1.0),Land use,I,VCT,Saint Vincent and the Grenadines,A,Annual,AREA,Total area,KM2,Square kilometres,2021,,390,,A,Normal value,0,Units,1,One
DATAFLOW,OECD.ENV.EPI:DSD_LAND_USE@DF_LAND_USE(1.0),Land use,I,MNP,Northern Mariana Islands,A,Annual,AREA,Total area,KM2,Square kilometres,2021,,460,,A,Normal value,0,Units,1,One
DATAFLOW,OECD.ENV.EPI:DSD_LAND_USE@DF_LAND_USE(1.0),Land use,I,SYC,Seychelles,A,Annual,AREA,Total area,KM2,Square kilometres,2021,,460,,A,Normal value,0,Units,1,One
DATAFLOW,OECD.ENV.EPI:DSD_LAND_USE@DF_LAND_USE(1.0),Land use,I,GIB,Gibraltar,A,Annual,AREA,Total area,KM2,Square kilometres,2021,,10,,A,Normal value,0,Units,1,One
DATAFLOW,OECD.ENV.EPI:DSD_LAND_USE@DF_LAND_USE(1.0),Land use,I,TKL,Tokelau,A,Annual,AREA,Total area,KM2,Square kilometres,2021,,10,,A,Normal value,0,Units,1,One
DATAFLOW,OECD.ENV.EPI:DSD_LAND_USE@DF_LAND_USE(1.0),Land use,I,DMA,Dominica,A,Annual,AREA,Total area,KM2,Square kilometres,2021,,750,,A,Normal value,0,Units,1,One
DATAFLOW,OECD.ENV.EPI:DSD_LAND_USE@DF_LAND_USE(1.0),Land use,I,TON,Tonga,A,Annual,AREA,Total area,KM2,Square kilometres,2021,,750,,A,Normal value,0,Units,1,One
DATAFLOW,OECD.ENV.EPI:DSD_LAND_USE@DF_LAND_USE(1.0),Land use,I,COK,Cook Islands,A,Annual,AREA,Total area,KM2,Square kilometres,2021,,240,,A,Normal value,0,Units,1,One
DATAFLOW,OECD.ENV.EPI:DSD_LAND_USE@DF_LAND_USE(1.0),Land use,I,SPM,Saint Pierre and Miquelon,A,Annual,AREA,Total area,KM2,Square kilometres,2021,,240,,A,Normal value,0,Units,1,One
DATAFLOW,OECD.ENV.EPI:DSD_LAND_USE@DF_LAND_USE(1.0),Land use,I,CHL,Chile,A,Annual,LAND,Land area,KM2,Square kilometres,2021,,742960,,A,Normal value,0,Units,1,One
DATAFLOW,OECD.ENV.EPI:DSD_LAND_USE@DF_LAND_USE(1.0),Land use,I,CRI,Costa Rica,A,Annual,LAND,Land area,KM2,Square kilometres,2021,,50560,,A,Normal value,0,Units,1,One
DATAFLOW,OECD.ENV.EPI:DSD_LAND_USE@DF_LAND_USE(1.0),Land use,I,OECD,OECD,A,Annual,LAND,Land area,KM2,Square kilometres,2021,,35322356,,A,Normal value,0,Units,1,One
DATAFLOW,OECD.ENV.EPI:DSD_LAND_USE@DF_LAND_USE(1.0),Land use,I,OECDA,OECD America,A,Annual,LAND,Land area,KM2,Square kilometres,2021,,21783090,,A,Normal value,0,Units,1,One
DATAFLOW,OECD.ENV.EPI:DSD_LAND_USE@DF_LAND_USE(1.0),Land use,I,ARM,Armenia,A,Annual,LAND,Land area,KM2,Square kilometres,2021,,28197.1,,A,Normal value,0,Units,1,One
DATAFLOW,OECD.ENV.EPI:DSD_LAND_USE@DF_LAND_USE(1.0),Land use,I,BLR,Belarus,A,Annual,LAND,Land area,KM2,Square kilometres,2021,,202953,,A,Normal value,0,Units,1,One
DATAFLOW,OECD.ENV.EPI:DSD_LAND_USE@DF_LAND_USE(1.0),Land use,I,BOL,Bolivia,A,Annual,LAND,Land area,KM2,Square kilometres,2021,,1087959,,A,Normal value,0,Units,1,One
DATAFLOW,OECD.ENV.EPI:DSD_LAND_USE@DF_LAND_USE(1.0),Land use,I,ERI,Eritrea,A,Annual,LAND,Land area,KM2,Square kilometres,2021,,120800,,A,Normal value,0,Units,1,One
DATAFLOW,OECD.ENV.EPI:DSD_LAND_USE@DF_LAND_USE(1.0),Land use,I,ETH,Ethiopia,A,Annual,LAND,Land area,KM2,Square kilometres,2021,,1122591,,A,Normal value,0,Units,1,One
DATAFLOW,OECD.ENV.EPI:DSD_LAND_USE@DF_LAND_USE(1.0),Land use,I,MLT,Malta,A,Annual,LAND,Land area,KM2,Square kilometres,2021,,315.15,,A,Normal value,0,Units,1,One
DATAFLOW,OECD.ENV.EPI:DSD_LAND_USE@DF_LAND_USE(1.0),Land use,I,MUS,Mauritius,A,Annual,LAND,Land area,KM2,Square kilometres,2021,,2000,,A,Normal value,0,Units,1,One
DATAFLOW,OECD.ENV.EPI:DSD_LAND_USE@DF_LAND_USE(1.0),Land use,I,NCL,New Caledonia,A,Annual,LAND,Land area,KM2,Square kilometres,2021,,18576,,A,Normal value,0,Units,1,One
DATAFLOW,OECD.ENV.EPI:DSD_LAND_USE@DF_LAND_USE(1.0),Land use,I,NFK,Norfolk Island,A,Annual,LAND,Land area,KM2,Square kilometres,2021,,36,,A,Normal value,0,Units,1,One
DATAFLOW,OECD.ENV.EPI:DSD_LAND_USE@DF_LAND_USE(1.0),Land use,I,PLW,Palau,A,Annual,LAND,Land area,KM2,Square kilometres,2021,,459,,A,Normal value,0,Units,1,One
DATAFLOW,OECD.ENV.EPI:DSD_LAND_USE@DF_LAND_USE(1.0),Land use,I,REU,Réunion,A,Annual,LAND,Land area,KM2,Square kilometres,2021,,2502.79,,A,Normal value,0,Units,1,One
DATAFLOW,OECD.ENV.EPI:DSD_LAND_USE@DF_LAND_USE(1.0),Land use,I,RWA,Rwanda,A,Annual,LAND,Land area,KM2,Square kilometres,2021,,23771,,A,Normal value,0,Units,1,One
DATAFLOW,OECD.ENV.EPI:DSD_LAND_USE@DF_LAND_USE(1.0),Land use,I,SGP,Singapore,A,Annual,LAND,Land area,KM2,Square kilometres,2021,,717.9,,A,Normal value,0,Units,1,One
DATAFLOW,OECD.ENV.EPI:DSD_LAND_USE@DF_LAND_USE(1.0),Land use,I,SOM,Somalia,A,Annual,LAND,Land area,KM2,Square kilometres,2021,,627337,,A,Normal value,0,Units,1,One
DATAFLOW,OECD.ENV.EPI:DSD_LAND_USE@DF_LAND_USE(1.0),Land use,I,TZA,Tanzania,A,Annual,LAND,Land area,KM2,Square kilometres,2021,,884000,,A,Normal value,0,Units,1,One
DATAFLOW,OECD.ENV.EPI:DSD_LAND_USE@DF_LAND_USE(1.0),Land use,I,AUS,Australia,A,Annual,LAND,Land area,KM2,Square kilometres,2021,,7692020,,A,Normal value,0,Units,1,One
DATAFLOW,OECD.ENV.EPI:DSD_LAND_USE@DF_LAND_USE(1.0),Land use,I,AUT,Austria,A,Annual,LAND,Land area,KM2,Square kilometres,2021,,82520,,A,Normal value,0,Units,1,One
DATAFLOW,OECD.ENV.EPI:DSD_LAND_USE@DF_LAND_USE(1.0),Land use,I,BEL,Belgium,A,Annual,LAND,Land area,KM2,Square kilometres,2021,,30494,,A,Normal value,0,Units,1,One
DATAFLOW,OECD.ENV.EPI:DSD_LAND_USE@DF_LAND_USE(1.0),Land use,I,CAN,Canada,A,Annual,LAND,Land area,KM2,Square kilometres,2021,,8788700,,A,Normal value,0,Units,1,One
DATAFLOW,OECD.ENV.EPI:DSD_LAND_USE@DF_LAND_USE(1.0),Land use,I,COL,Colombia,A,Annual,LAND,Land area,KM2,Square kilometres,2021,,1109500,,A,Normal value,0,Units,1,One
DATAFLOW,OECD.ENV.EPI:DSD_LAND_USE@DF_LAND_USE(1.0),Land use,I,CZE,Czechia,A,Annual,LAND,Land area,KM2,Square kilometres,2021,,77186.83,,A,Normal value,0,Units,1,One
DATAFLOW,OECD.ENV.EPI:DSD_LAND_USE@DF_LAND_USE(1.0),Land use,I,DNK,Denmark,A,Annual,LAND,Land area,KM2,Square kilometres,2021,,40000,,A,Normal value,0,Units,1,One
DATAFLOW,OECD.ENV.EPI:DSD_LAND_USE@DF_LAND_USE(1.0),Land use,I,EST,Estonia,A,Annual,LAND,Land area,KM2,Square kilometres,2021,,42750,,A,Normal value,0,Units,1,One
DATAFLOW,OECD.ENV.EPI:DSD_LAND_USE@DF_LAND_USE(1.0),Land use,I,FIN,Finland,A,Annual,LAND,Land area,KM2,Square kilometres,2021,,303947.7,,A,Normal value,0,Units,1,One
DATAFLOW,OECD.ENV.EPI:DSD_LAND_USE@DF_LAND_USE(1.0),Land use,I,FRA,France,A,Annual,LAND,Land area,KM2,Square kilometres,2021,,538950,,A,Normal value,0,Units,1,One
DATAFLOW,OECD.ENV.EPI:DSD_LAND_USE@DF_LAND_USE(1.0),Land use,I,DEU,Germany,A,Annual,LAND,Land area,KM2,Square kilometres,2021,,349390,,A,Normal value,0,Units,1,One
DATAFLOW,OECD.ENV.EPI:DSD_LAND_USE@DF_LAND_USE(1.0),Land use,I,GRC,Greece,A,Annual,LAND,Land area,KM2,Square kilometres,2021,,128900,,A,Normal value,0,Units,1,One
DATAFLOW,OECD.ENV.EPI:DSD_LAND_USE@DF_LAND_USE(1.0),Land use,I,HUN,Hungary,A,Annual,LAND,Land area,KM2,Square kilometres,2021,,91260,,A,Normal value,0,Units,1,One
DATAFLOW,OECD.ENV.EPI:DSD_LAND_USE@DF_LAND_USE(1.0),Land use,I,ISL,Iceland,A,Annual,LAND,Land area,KM2,Square kilometres,2021,,100830,,A,Normal value,0,Units,1,One
DATAFLOW,OECD.ENV.EPI:DSD_LAND_USE@DF_LAND_USE(1.0),Land use,I,IRL,Ireland,A,Annual,LAND,Land area,KM2,Square kilometres,2021,,68890,,A,Normal value,0,Units,1,One
DATAFLOW,OECD.ENV.EPI:DSD_LAND_USE@DF_LAND_USE(1.0),Land use,I,ISR,Israel,A,Annual,LAND,Land area,KM2,Square kilometres,2021,,21640,,A,Normal value,0,Units,1,One
DATAFLOW,OECD.ENV.EPI:DSD_LAND_USE@DF_LAND_USE(1.0),Land use,I,ITA,Italy,A,Annual,LAND,Land area,KM2,Square kilometres,2021,,295717,,A,Normal value,0,Units,1,One
DATAFLOW,OECD.ENV.EPI:DSD_LAND_USE@DF_LAND_USE(1.0),Land use,I,JPN,Japan,A,Annual,LAND,Land area,KM2,Square kilometres,2021,,364500,,A,Normal value,0,Units,1,One
DATAFLOW,OECD.ENV.EPI:DSD_LAND_USE@DF_LAND_USE(1.0),Land use,I,KOR,Korea,A,Annual,LAND,Land area,KM2,Square kilometres,2021,,97600,,A,Normal value,0,Units,1,One
DATAFLOW,OECD.ENV.EPI:DSD_LAND_USE@DF_LAND_USE(1.0),Land use,I,LVA,Latvia,A,Annual,LAND,Land area,KM2,Square kilometres,2021,,62230,,A,Normal value,0,Units,1,One
DATAFLOW,OECD.ENV.EPI:DSD_LAND_USE@DF_LAND_USE(1.0),Land use,I,LTU,Lithuania,A,Annual,LAND,Land area,KM2,Square kilometres,2021,,62610,,A,Normal value,0,Units,1,One
DATAFLOW,OECD.ENV.EPI:DSD_LAND_USE@DF_LAND_USE(1.0),Land use,I,LUX,Luxembourg,A,Annual,LAND,Land area,KM2,Square kilometres,2021,,2574.46,,A,Normal value,0,Units,1,One
DATAFLOW,OECD.ENV.EPI:DSD_LAND_USE@DF_LAND_USE(1.0),Land use,I,MEX,Mexico,A,Annual,LAND,Land area,KM2,Square kilometres,2021,,1943950,,A,Normal value,0,Units,1,One
DATAFLOW,OECD.ENV.EPI:DSD_LAND_USE@DF_LAND_USE(1.0),Land use,I,NLD,Netherlands,A,Annual,LAND,Land area,KM2,Square kilometres,2021,,33670,,A,Normal value,0,Units,1,One
DATAFLOW,OECD.ENV.EPI:DSD_LAND_USE@DF_LAND_USE(1.0),Land use,I,NZL,New Zealand,A,Annual,LAND,Land area,KM2,Square kilometres,2021,,263310,,A,Normal value,0,Units,1,One
DATAFLOW,OECD.ENV.EPI:DSD_LAND_USE@DF_LAND_USE(1.0),Land use,I,NOR,Norway,A,Annual,LAND,Land area,KM2,Square kilometres,2021,,364270,,A,Normal value,0,Units,1,One
DATAFLOW,OECD.ENV.EPI:DSD_LAND_USE@DF_LAND_USE(1.0),Land use,I,POL,Poland,A,Annual,LAND,Land area,KM2,Square kilometres,2021,,306100,,A,Normal value,0,Units,1,One
DATAFLOW,OECD.ENV.EPI:DSD_LAND_USE@DF_LAND_USE(1.0),Land use,I,PRT,Portugal,A,Annual,LAND,Land area,KM2,Square kilometres,2021,,91605.59,,A,Normal value,0,Units,1,One
DATAFLOW,OECD.ENV.EPI:DSD_LAND_USE@DF_LAND_USE(1.0),Land use,I,SVK,Slovak Republic,A,Annual,LAND,Land area,KM2,Square kilometres,2021,,48080,,A,Normal value,0,Units,1,One
DATAFLOW,OECD.ENV.EPI:DSD_LAND_USE@DF_LAND_USE(1.0),Land use,I,SVN,Slovenia,A,Annual,LAND,Land area,KM2,Square kilometres,2021,,20136.4,,A,Normal value,0,Units,1,One
DATAFLOW,OECD.ENV.EPI:DSD_LAND_USE@DF_LAND_USE(1.0),Land use,I,ESP,Spain,A,Annual,LAND,Land area,KM2,Square kilometres,2021,,499733.3,,A,Normal value,0,Units,1,One
DATAFLOW,OECD.ENV.EPI:DSD_LAND_USE@DF_LAND_USE(1.0),Land use,I,SWE,Sweden,A,Annual,LAND,Land area,KM2,Square kilometres,2021,,407280,,A,Normal value,0,Units,1,One
DATAFLOW,OECD.ENV.EPI:DSD_LAND_USE@DF_LAND_USE(1.0),Land use,I,CHE,Switzerland,A,Annual,LAND,Land area,KM2,Square kilometres,2021,,39509.63,,A,Normal value,0,Units,1,One
DATAFLOW,OECD.ENV.EPI:DSD_LAND_USE@DF_LAND_USE(1.0),Land use,I,TUR,Türkiye,A,Annual,LAND,Land area,KM2,Square kilometres,2021,,769630,,A,Normal value,0,Units,1,One
DATAFLOW,OECD.ENV.EPI:DSD_LAND_USE@DF_LAND_USE(1.0),Land use,I,GBR,United Kingdom,A,Annual,LAND,Land area,KM2,Square kilometres,2021,,241930,,A,Normal value,0,Units,1,One
DATAFLOW,OECD.ENV.EPI:DSD_LAND_USE@DF_LAND_USE(1.0),Land use,I,USA,United States,A,Annual,LAND,Land area,KM2,Square kilometres,2021,,9147420,,A,Normal value,0,Units,1,One
DATAFLOW,OECD.ENV.EPI:DSD_LAND_USE@DF_LAND_USE(1.0),Land use,I,OECDSO,OECD Asia Oceania,A,Annual,LAND,Land area,KM2,Square kilometres,2021,,8439070,,A,Normal value,0,Units,1,One
DATAFLOW,OECD.ENV.EPI:DSD_LAND_USE@DF_LAND_USE(1.0),Land use,I,OECDE,OECD Europe,A,Annual,LAND,Land area,KM2,Square kilometres,2021,,5100195,,A,Normal value,0,Units,1,One
DATAFLOW,OECD.ENV.EPI:DSD_LAND_USE@DF_LAND_USE(1.0),Land use,I,AFG,Afghanistan,A,Annual,LAND,Land area,KM2,Square kilometres,2021,,652230,,A,Normal value,0,Units,1,One
DATAFLOW,OECD.ENV.EPI:DSD_LAND_USE@DF_LAND_USE(1.0),Land use,I,ALB,Albania,A,Annual,LAND,Land area,KM2,Square kilometres,2021,,27400,,A,Normal value,0,Units,1,One
DATAFLOW,OECD.ENV.EPI:DSD_LAND_USE@DF_LAND_USE(1.0),Land use,I,DZA,Algeria,A,Annual,LAND,Land area,KM2,Square kilometres,2021,,2381740,,A,Normal value,0,Units,1,One
DATAFLOW,OECD.ENV.EPI:DSD_LAND_USE@DF_LAND_USE(1.0),Land use,I,ASM,American Samoa,A,Annual,LAND,Land area,KM2,Square kilometres,2021,,200,,A,Normal value,0,Units,1,One
DATAFLOW,OECD.ENV.EPI:DSD_LAND_USE@DF_LAND_USE(1.0),Land use,I,AGO,Angola,A,Annual,LAND,Land area,KM2,Square kilometres,2021,,1246700,,A,Normal value,0,Units,1,One
DATAFLOW,OECD.ENV.EPI:DSD_LAND_USE@DF_LAND_USE(1.0),Land use,I,AND,Andorra,A,Annual,LAND,Land area,KM2,Square kilometres,2021,,470,,A,Normal value,0,Units,1,One
DATAFLOW,OECD.ENV.EPI:DSD_LAND_USE@DF_LAND_USE(1.0),Land use,I,AIA,Anguilla,A,Annual,LAND,Land area,KM2,Square kilometres,2021,,90,,A,Normal value,0,Units,1,One
DATAFLOW,OECD.ENV.EPI:DSD_LAND_USE@DF_LAND_USE(1.0),Land use,I,ATG,Antigua and Barbuda,A,Annual,LAND,Land area,KM2,Square kilometres,2021,,440,,A,Normal value,0,Units,1,One
DATAFLOW,OECD.ENV.EPI:DSD_LAND_USE@DF_LAND_USE(1.0),Land use,I,ARG,Argentina,A,Annual,LAND,Land area,KM2,Square kilometres,2021,,2736690,,A,Normal value,0,Units,1,One
DATAFLOW,OECD.ENV.EPI:DSD_LAND_USE@DF_LAND_USE(1.0),Land use,I,AZE,Azerbaijan,A,Annual,LAND,Land area,KM2,Square kilometres,2021,,82650,,A,Normal value,0,Units,1,One
DATAFLOW,OECD.ENV.EPI:DSD_LAND_USE@DF_LAND_USE(1.0),Land use,I,BHS,Bahamas,A,Annual,LAND,Land area,KM2,Square kilometres,2021,,10010,,A,Normal value,0,Units,1,One
DATAFLOW,OECD.ENV.EPI:DSD_LAND_USE@DF_LAND_USE(1.0),Land use,I,BHR,Bahrain,A,Annual,LAND,Land area,KM2,Square kilometres,2021,,790,,A,Normal value,0,Units,1,One
DATAFLOW,OECD.ENV.EPI:DSD_LAND_USE@DF_LAND_USE(1.0),Land use,I,BGD,Bangladesh,A,Annual,LAND,Land area,KM2,Square kilometres,2021,,130170,,A,Normal value,0,Units,1,One
DATAFLOW,OECD.ENV.EPI:DSD_LAND_USE@DF_LAND_USE(1.0),Land use,I,BRB,Barbados,A,Annual,LAND,Land area,KM2,Square kilometres,2021,,430,,A,Normal value,0,Units,1,One
DATAFLOW,OECD.ENV.EPI:DSD_LAND_USE@DF_LAND_USE(1.0),Land use,I,BLZ,Belize,A,Annual,LAND,Land area,KM2,Square kilometres,2021,,22810,,A,Normal value,0,Units,1,One
DATAFLOW,OECD.ENV.EPI:DSD_LAND_USE@DF_LAND_USE(1.0),Land use,I,BEN,Benin,A,Annual,LAND,Land area,KM2,Square kilometres,2021,,112760,,A,Normal value,0,Units,1,One
DATAFLOW,OECD.ENV.EPI:DSD_LAND_USE@DF_LAND_USE(1.0),Land use,I,BMU,Bermuda,A,Annual,LAND,Land area,KM2,Square kilometres,2021,,54,,A,Normal value,0,Units,1,One
DATAFLOW,OECD.ENV.EPI:DSD_LAND_USE@DF_LAND_USE(1.0),Land use,I,BTN,Bhutan,A,Annual,LAND,Land area,KM2,Square kilometres,2021,,38140,,A,Normal value,0,Units,1,One
DATAFLOW,OECD.ENV.EPI:DSD_LAND_USE@DF_LAND_USE(1.0),Land use,I,BIH,Bosnia and Herzegovina,A,Annual,LAND,Land area,KM2,Square kilometres,2021,,51200,,A,Normal value,0,Units,1,One
DATAFLOW,OECD.ENV.EPI:DSD_LAND_USE@DF_LAND_USE(1.0),Land use,I,BWA,Botswana,A,Annual,LAND,Land area,KM2,Square kilometres,2021,,566730,,A,Normal value,0,Units,1,One
DATAFLOW,OECD.ENV.EPI:DSD_LAND_USE@DF_LAND_USE(1.0),Land use,I,BRA,Brazil,A,Annual,LAND,Land area,KM2,Square kilometres,2021,,8358140,,A,Normal value,0,Units,1,One
DATAFLOW,OECD.ENV.EPI:DSD_LAND_USE@DF_LAND_USE(1.0),Land use,I,VGB,British Virgin Islands,A,Annual,LAND,Land area,KM2,Square kilometres,2021,,150,,A,Normal value,0,Units,1,One
DATAFLOW,OECD.ENV.EPI:DSD_LAND_USE@DF_LAND_USE(1.0),Land use,I,BRN,Brunei Darussalam,A,Annual,LAND,Land area,KM2,Square kilometres,2021,,5270,,A,Normal value,0,Units,1,One
DATAFLOW,OECD.ENV.EPI:DSD_LAND_USE@DF_LAND_USE(1.0),Land use,I,BGR,Bulgaria,A,Annual,LAND,Land area,KM2,Square kilometres,2021,,108560,,A,Normal value,0,Units,1,One
DATAFLOW,OECD.ENV.EPI:DSD_LAND_USE@DF_LAND_USE(1.0),Land use,I,BFA,Burkina Faso,A,Annual,LAND,Land area,KM2,Square kilometres,2021,,273600,,A,Normal value,0,Units,1,One
DATAFLOW,OECD.ENV.EPI:DSD_LAND_USE@DF_LAND_USE(1.0),Land use,I,BDI,Burundi,A,Annual,LAND,Land area,KM2,Square kilometres,2021,,25680,,A,Normal value,0,Units,1,One
DATAFLOW,OECD.ENV.EPI:DSD_LAND_USE@DF_LAND_USE(1.0),Land use,I,CPV,Cabo Verde,A,Annual,LAND,Land area,KM2,Square kilometres,2021,,4030,,A,Normal value,0,Units,1,One
DATAFLOW,OECD.ENV.EPI:DSD_LAND_USE@DF_LAND_USE(1.0),Land use,I,KHM,Cambodia,A,Annual,LAND,Land area,KM2,Square kilometres,2021,,176520,,A,Normal value,0,Units,1,One
DATAFLOW,OECD.ENV.EPI:DSD_LAND_USE@DF_LAND_USE(1.0),Land use,I,CMR,Cameroon,A,Annual,LAND,Land area,KM2,Square kilometres,2021,,472710,,A,Normal value,0,Units,1,One
DATAFLOW,OECD.ENV.EPI:DSD_LAND_USE@DF_LAND_USE(1.0),Land use,I,CAF,Central African Republic,A,Annual,LAND,Land area,KM2,Square kilometres,2021,,622980,,A,Normal value,0,Units,1,One
DATAFLOW,OECD.ENV.EPI:DSD_LAND_USE@DF_LAND_USE(1.0),Land use,I,TCD,Chad,A,Annual,LAND,Land area,KM2,Square kilometres,2021,,1259200,,A,Normal value,0,Units,1,One
DATAFLOW,OECD.ENV.EPI:DSD_LAND_USE@DF_LAND_USE(1.0),Land use,I,CHN,China (People’s Republic of),A,Annual,LAND,Land area,KM2,Square kilometres,2021,,9424703,,A,Normal value,0,Units,1,One
DATAFLOW,OECD.ENV.EPI:DSD_LAND_USE@DF_LAND_USE(1.0),Land use,I,COM,Comoros,A,Annual,LAND,Land area,KM2,Square kilometres,2021,,1861,,A,Normal value,0,Units,1,One
DATAFLOW,OECD.ENV.EPI:DSD_LAND_USE@DF_LAND_USE(1.0),Land use,I,COG,Congo,A,Annual,LAND,Land area,KM2,Square kilometres,2021,,341500,,A,Normal value,0,Units,1,One
DATAFLOW,OECD.ENV.EPI:DSD_LAND_USE@DF_LAND_USE(1.0),Land use,I,CIV,Côte d’Ivoire,A,Annual,LAND,Land area,KM2,Square kilometres,2021,,318000,,A,Normal value,0,Units,1,One
DATAFLOW,OECD.ENV.EPI:DSD_LAND_USE@DF_LAND_USE(1.0),Land use,I,HRV,Croatia,A,Annual,LAND,Land area,KM2,Square kilometres,2021,,55960,,A,Normal value,0,Units,1,One
DATAFLOW,OECD.ENV.EPI:DSD_LAND_USE@DF_LAND_USE(1.0),Land use,I,CUB,Cuba,A,Annual,LAND,Land area,KM2,Square kilometres,2021,,103800,,A,Normal value,0,Units,1,One
DATAFLOW,OECD.ENV.EPI:DSD_LAND_USE@DF_LAND_USE(1.0),Land use,I,CUW,Curaçao,A,Annual,LAND,Land area,KM2,Square kilometres,2021,,444,,A,Normal value,0,Units,1,One
DATAFLOW,OECD.ENV.EPI:DSD_LAND_USE@DF_LAND_USE(1.0),Land use,I,CYP,Cyprus,A,Annual,LAND,Land area,KM2,Square kilometres,2021,,9240,,A,Normal value,0,Units,1,One
DATAFLOW,OECD.ENV.EPI:DSD_LAND_USE@DF_LAND_USE(1.0),Land use,I,PRK,Democratic People’s Republic of Korea,A,Annual,LAND,Land area,KM2,Square kilometres,2021,,120410,,A,Normal value,0,Units,1,One
DATAFLOW,OECD.ENV.EPI:DSD_LAND_USE@DF_LAND_USE(1.0),Land use,I,COD,Democratic Republic of the Congo,A,Annual,LAND,Land area,KM2,Square kilometres,2021,,2267050,,A,Normal value,0,Units,1,One
DATAFLOW,OECD.ENV.EPI:DSD_LAND_USE@DF_LAND_USE(1.0),Land use,I,DJI,Djibouti,A,Annual,LAND,Land area,KM2,Square kilometres,2021,,23180,,A,Normal value,0,Units,1,One
DATAFLOW,OECD.ENV.EPI:DSD_LAND_USE@DF_LAND_USE(1.0),Land use,I,DMA,Dominica,A,Annual,LAND,Land area,KM2,Square kilometres,2021,,750,,A,Normal value,0,Units,1,One
DATAFLOW,OECD.ENV.EPI:DSD_LAND_USE@DF_LAND_USE(1.0),Land use,I,DOM,Dominican Republic,A,Annual,LAND,Land area,KM2,Square kilometres,2021,,48198.02,,A,Normal value,0,Units,1,One
DATAFLOW,OECD.ENV.EPI:DSD_LAND_USE@DF_LAND_USE(1.0),Land use,I,ECU,Ecuador,A,Annual,LAND,Land area,KM2,Square kilometres,2021,,248360,,A,Normal value,0,Units,1,One
DATAFLOW,OECD.ENV.EPI:DSD_LAND_USE@DF_LAND_USE(1.0),Land use,I,EGY,Egypt,A,Annual,LAND,Land area,KM2,Square kilometres,2021,,995450,,A,Normal value,0,Units,1,One
DATAFLOW,OECD.ENV.EPI:DSD_LAND_USE@DF_LAND_USE(1.0),Land use,I,SLV,El Salvador,A,Annual,LAND,Land area,KM2,Square kilometres,2021,,20720,,A,Normal value,0,Units,1,One
DATAFLOW,OECD.ENV.EPI:DSD_LAND_USE@DF_LAND_USE(1.0),Land use,I,GNQ,Equatorial Guinea,A,Annual,LAND,Land area,KM2,Square kilometres,2021,,28050,,A,Normal value,0,Units,1,One
DATAFLOW,OECD.ENV.EPI:DSD_LAND_USE@DF_LAND_USE(1.0),Land use,I,SWZ,Eswatini,A,Annual,LAND,Land area,KM2,Square kilometres,2021,,17200,,A,Normal value,0,Units,1,One
DATAFLOW,OECD.ENV.EPI:DSD_LAND_USE@DF_LAND_USE(1.0),Land use,I,FLK,Falkland Islands (Malvinas),A,Annual,LAND,Land area,KM2,Square kilometres,2021,,12170,,A,Normal value,0,Units,1,One
DATAFLOW,OECD.ENV.EPI:DSD_LAND_USE@DF_LAND_USE(1.0),Land use,I,FRO,Faroe Islands,A,Annual,LAND,Land area,KM2,Square kilometres,2021,,1370,,A,Normal value,0,Units,1,One
DATAFLOW,OECD.ENV.EPI:DSD_LAND_USE@DF_LAND_USE(1.0),Land use,I,FJI,Fiji,A,Annual,LAND,Land area,KM2,Square kilometres,2021,,18270,,A,Normal value,0,Units,1,One
DATAFLOW,OECD.ENV.EPI:DSD_LAND_USE@DF_LAND_USE(1.0),Land use,I,GUF,French Guiana,A,Annual,LAND,Land area,KM2,Square kilometres,2021,,82810,,A,Normal value,0,Units,1,One
DATAFLOW,OECD.ENV.EPI:DSD_LAND_USE@DF_LAND_USE(1.0),Land use,I,PYF,French Polynesia,A,Annual,LAND,Land area,KM2,Square kilometres,2021,,3471,,A,Normal value,0,Units,1,One
DATAFLOW,OECD.ENV.EPI:DSD_LAND_USE@DF_LAND_USE(1.0),Land use,I,GAB,Gabon,A,Annual,LAND,Land area,KM2,Square kilometres,2021,,257670,,A,Normal value,0,Units,1,One
DATAFLOW,OECD.ENV.EPI:DSD_LAND_USE@DF_LAND_USE(1.0),Land use,I,GMB,Gambia,A,Annual,LAND,Land area,KM2,Square kilometres,2021,,10120,,A,Normal value,0,Units,1,One
DATAFLOW,OECD.ENV.EPI:DSD_LAND_USE@DF_LAND_USE(1.0),Land use,I,GEO,Georgia,A,Annual,LAND,Land area,KM2,Square kilometres,2021,,69490,,A,Normal value,0,Units,1,One
DATAFLOW,OECD.ENV.EPI:DSD_LAND_USE@DF_LAND_USE(1.0),Land use,I,GHA,Ghana,A,Annual,LAND,Land area,KM2,Square kilometres,2021,,227533,,A,Normal value,0,Units,1,One
DATAFLOW,OECD.ENV.EPI:DSD_LAND_USE@DF_LAND_USE(1.0),Land use,I,GRL,Greenland,A,Annual,LAND,Land area,KM2,Square kilometres,2021,,410450,,A,Normal value,0,Units,1,One
DATAFLOW,OECD.ENV.EPI:DSD_LAND_USE@DF_LAND_USE(1.0),Land use,I,GRD,Grenada,A,Annual,LAND,Land area,KM2,Square kilometres,2021,,340,,A,Normal value,0,Units,1,One
DATAFLOW,OECD.ENV.EPI:DSD_LAND_USE@DF_LAND_USE(1.0),Land use,I,GLP,Guadeloupe,A,Annual,LAND,Land area,KM2,Square kilometres,2021,,1620,,A,Normal value,0,Units,1,One
DATAFLOW,OECD.ENV.EPI:DSD_LAND_USE@DF_LAND_USE(1.0),Land use,I,GUM,Guam,A,Annual,LAND,Land area,KM2,Square kilometres,2021,,540,,A,Normal value,0,Units,1,One
DATAFLOW,OECD.ENV.EPI:DSD_LAND_USE@DF_LAND_USE(1.0),Land use,I,GTM,Guatemala,A,Annual,LAND,Land area,KM2,Square kilometres,2021,,107160,,A,Normal value,0,Units,1,One
DATAFLOW,OECD.ENV.EPI:DSD_LAND_USE@DF_LAND_USE(1.0),Land use,I,GIN,Guinea,A,Annual,LAND,Land area,KM2,Square kilometres,2021,,245720,,A,Normal value,0,Units,1,One
DATAFLOW,OECD.ENV.EPI:DSD_LAND_USE@DF_LAND_USE(1.0),Land use,I,GNB,Guinea-Bissau,A,Annual,LAND,Land area,KM2,Square kilometres,2021,,28120,,A,Normal value,0,Units,1,One
DATAFLOW,OECD.ENV.EPI:DSD_LAND_USE@DF_LAND_USE(1.0),Land use,I,GUY,Guyana,A,Annual,LAND,Land area,KM2,Square kilometres,2021,,211140,,A,Normal value,0,Units,1,One
DATAFLOW,OECD.ENV.EPI:DSD_LAND_USE@DF_LAND_USE(1.0),Land use,I,HTI,Haiti,A,Annual,LAND,Land area,KM2,Square kilometres,2021,,27560,,A,Normal value,0,Units,1,One
DATAFLOW,OECD.ENV.EPI:DSD_LAND_USE@DF_LAND_USE(1.0),Land use,I,VAT,Holy See,A,Annual,LAND,Land area,KM2,Square kilometres,2021,,0.44,,A,Normal value,0,Units,1,One
DATAFLOW,OECD.ENV.EPI:DSD_LAND_USE@DF_LAND_USE(1.0),Land use,I,HND,Honduras,A,Annual,LAND,Land area,KM2,Square kilometres,2021,,111890,,A,Normal value,0,Units,1,One
DATAFLOW,OECD.ENV.EPI:DSD_LAND_USE@DF_LAND_USE(1.0),Land use,I,HKG,Hong Kong (China),A,Annual,LAND,Land area,KM2,Square kilometres,2021,,1050,,A,Normal value,0,Units,1,One
DATAFLOW,OECD.ENV.EPI:DSD_LAND_USE@DF_LAND_USE(1.0),Land use,I,IND,India,A,Annual,LAND,Land area,KM2,Square kilometres,2021,,2973190,,A,Normal value,0,Units,1,One
DATAFLOW,OECD.ENV.EPI:DSD_LAND_USE@DF_LAND_USE(1.0),Land use,I,IDN,Indonesia,A,Annual,LAND,Land area,KM2,Square kilometres,2021,,1892556,,A,Normal value,0,Units,1,One
DATAFLOW,OECD.ENV.EPI:DSD_LAND_USE@DF_LAND_USE(1.0),Land use,I,IRN,Iran,A,Annual,LAND,Land area,KM2,Square kilometres,2021,,1622500,,A,Normal value,0,Units,1,One
DATAFLOW,OECD.ENV.EPI:DSD_LAND_USE@DF_LAND_USE(1.0),Land use,I,IRQ,Iraq,A,Annual,LAND,Land area,KM2,Square kilometres,2021,,434130,,A,Normal value,0,Units,1,One
DATAFLOW,OECD.ENV.EPI:DSD_LAND_USE@DF_LAND_USE(1.0),Land use,I,JAM,Jamaica,A,Annual,LAND,Land area,KM2,Square kilometres,2021,,10830,,A,Normal value,0,Units,1,One
DATAFLOW,OECD.ENV.EPI:DSD_LAND_USE@DF_LAND_USE(1.0),Land use,I,JOR,Jordan,A,Annual,LAND,Land area,KM2,Square kilometres,2021,,88794,,A,Normal value,0,Units,1,One
DATAFLOW,OECD.ENV.EPI:DSD_LAND_USE@DF_LAND_USE(1.0),Land use,I,KAZ,Kazakhstan,A,Annual,LAND,Land area,KM2,Square kilometres,2021,,2699700,,A,Normal value,0,Units,1,One
DATAFLOW,OECD.ENV.EPI:DSD_LAND_USE@DF_LAND_USE(1.0),Land use,I,KEN,Kenya,A,Annual,LAND,Land area,KM2,Square kilometres,2021,,580876.3,,A,Normal value,0,Units,1,One
DATAFLOW,OECD.ENV.EPI:DSD_LAND_USE@DF_LAND_USE(1.0),Land use,I,KIR,Kiribati,A,Annual,LAND,Land area,KM2,Square kilometres,2021,,810,,A,Normal value,0,Units,1,One
DATAFLOW,OECD.ENV.EPI:DSD_LAND_USE@DF_LAND_USE(1.0),Land use,I,KWT,Kuwait,A,Annual,LAND,Land area,KM2,Square kilometres,2021,,17820,,A,Normal value,0,Units,1,One
DATAFLOW,OECD.ENV.EPI:DSD_LAND_USE@DF_LAND_USE(1.0),Land use,I,KGZ,Kyrgyzstan,A,Annual,LAND,Land area,KM2,Square kilometres,2021,,191800,,A,Normal value,0,Units,1,One
DATAFLOW,OECD.ENV.EPI:DSD_LAND_USE@DF_LAND_USE(1.0),Land use,I,LAO,Lao People’s Democratic Republic,A,Annual,LAND,Land area,KM2,Square kilometres,2021,,230800,,A,Normal value,0,Units,1,One
DATAFLOW,OECD.ENV.EPI:DSD_LAND_USE@DF_LAND_USE(1.0),Land use,I,LBN,Lebanon,A,Annual,LAND,Land area,KM2,Square kilometres,2021,,10230,,A,Normal value,0,Units,1,One
DATAFLOW,OECD.ENV.EPI:DSD_LAND_USE@DF_LAND_USE(1.0),Land use,I,LSO,Lesotho,A,Annual,LAND,Land area,KM2,Square kilometres,2021,,30360,,A,Normal value,0,Units,1,One
DATAFLOW,OECD.ENV.EPI:DSD_LAND_USE@DF_LAND_USE(1.0),Land use,I,LBR,Liberia,A,Annual,LAND,Land area,KM2,Square kilometres,2021,,96320,,A,Normal value,0,Units,1,One
DATAFLOW,OECD.ENV.EPI:DSD_LAND_USE@DF_LAND_USE(1.0),Land use,I,LBY,Libya,A,Annual,LAND,Land area,KM2,Square kilometres,2021,,1759540,,A,Normal value,0,Units,1,One
DATAFLOW,OECD.ENV.EPI:DSD_LAND_USE@DF_LAND_USE(1.0),Land use,I,LIE,Liechtenstein,A,Annual,LAND,Land area,KM2,Square kilometres,2021,,160,,A,Normal value,0,Units,1,One
DATAFLOW,OECD.ENV.EPI:DSD_LAND_USE@DF_LAND_USE(1.0),Land use,I,MAC,Macau (China),A,Annual,LAND,Land area,KM2,Square kilometres,2021,,33,,A,Normal value,0,Units,1,One
DATAFLOW,OECD.ENV.EPI:DSD_LAND_USE@DF_LAND_USE(1.0),Land use,I,MDG,Madagascar,A,Annual,LAND,Land area,KM2,Square kilometres,2021,,581800,,A,Normal value,0,Units,1,One
DATAFLOW,OECD.ENV.EPI:DSD_LAND_USE@DF_LAND_USE(1.0),Land use,I,MWI,Malawi,A,Annual,LAND,Land area,KM2,Square kilometres,2021,,94280,,A,Normal value,0,Units,1,One
DATAFLOW,OECD.ENV.EPI:DSD_LAND_USE@DF_LAND_USE(1.0),Land use,I,MYS,Malaysia,A,Annual,LAND,Land area,KM2,Square kilometres,2021,,328550,,A,Normal value,0,Units,1,One
DATAFLOW,OECD.ENV.EPI:DSD_LAND_USE@DF_LAND_USE(1.0),Land use,I,MDV,Maldives,A,Annual,LAND,Land area,KM2,Square kilometres,2021,,300,,A,Normal value,0,Units,1,One
DATAFLOW,OECD.ENV.EPI:DSD_LAND_USE@DF_LAND_USE(1.0),Land use,I,MLI,Mali,A,Annual,LAND,Land area,KM2,Square kilometres,2021,,1220190,,A,Normal value,0,Units,1,One
DATAFLOW,OECD.ENV.EPI:DSD_LAND_USE@DF_LAND_USE(1.0),Land use,I,MTQ,Martinique,A,Annual,LAND,Land area,KM2,Square kilometres,2021,,1060,,A,Normal value,0,Units,1,One
DATAFLOW,OECD.ENV.EPI:DSD_LAND_USE@DF_LAND_USE(1.0),Land use,I,MRT,Mauritania,A,Annual,LAND,Land area,KM2,Square kilometres,2021,,1030700,,A,Normal value,0,Units,1,One
DATAFLOW,OECD.ENV.EPI:DSD_LAND_USE@DF_LAND_USE(1.0),Land use,I,MYT,Mayotte,A,Annual,LAND,Land area,KM2,Square kilometres,2021,,366.26,,A,Normal value,0,Units,1,One
DATAFLOW,OECD.ENV.EPI:DSD_LAND_USE@DF_LAND_USE(1.0),Land use,I,FSM,Micronesia,A,Annual,LAND,Land area,KM2,Square kilometres,2021,,700,,A,Normal value,0,Units,1,One
DATAFLOW,OECD.ENV.EPI:DSD_LAND_USE@DF_LAND_USE(1.0),Land use,I,MDA,Moldova,A,Annual,LAND,Land area,KM2,Square kilometres,2021,,32890,,A,Normal value,0,Units,1,One
DATAFLOW,OECD.ENV.EPI:DSD_LAND_USE@DF_LAND_USE(1.0),Land use,I,MCO,Monaco,A,Annual,LAND,Land area,KM2,Square kilometres,2021,,2.084,,A,Normal value,0,Units,1,One
DATAFLOW,OECD.ENV.EPI:DSD_LAND_USE@DF_LAND_USE(1.0),Land use,I,MNG,Mongolia,A,Annual,LAND,Land area,KM2,Square kilometres,2021,,1557507,,A,Normal value,0,Units,1,One
DATAFLOW,OECD.ENV.EPI:DSD_LAND_USE@DF_LAND_USE(1.0),Land use,I,MSR,Montserrat,A,Annual,LAND,Land area,KM2,Square kilometres,2021,,100,,A,Normal value,0,Units,1,One
DATAFLOW,OECD.ENV.EPI:DSD_LAND_USE@DF_LAND_USE(1.0),Land use,I,MAR,Morocco,A,Annual,LAND,Land area,KM2,Square kilometres,2021,,446300,,A,Normal value,0,Units,1,One
DATAFLOW,OECD.ENV.EPI:DSD_LAND_USE@DF_LAND_USE(1.0),Land use,I,MOZ,Mozambique,A,Annual,LAND,Land area,KM2,Square kilometres,2021,,786380,,A,Normal value,0,Units,1,One
DATAFLOW,OECD.ENV.EPI:DSD_LAND_USE@DF_LAND_USE(1.0),Land use,I,MMR,Myanmar,A,Annual,LAND,Land area,KM2,Square kilometres,2021,,652670,,A,Normal value,0,Units,1,One
DATAFLOW,OECD.ENV.EPI:DSD_LAND_USE@DF_LAND_USE(1.0),Land use,I,NAM,Namibia,A,Annual,LAND,Land area,KM2,Square kilometres,2021,,823290,,A,Normal value,0,Units,1,One
DATAFLOW,OECD.ENV.EPI:DSD_LAND_USE@DF_LAND_USE(1.0),Land use,I,NPL,Nepal,A,Annual,LAND,Land area,KM2,Square kilometres,2021,,143350,,A,Normal value,0,Units,1,One
DATAFLOW,OECD.ENV.EPI:DSD_LAND_USE@DF_LAND_USE(1.0),Land use,I,NIC,Nicaragua,A,Annual,LAND,Land area,KM2,Square kilometres,2021,,120340,,A,Normal value,0,Units,1,One
DATAFLOW,OECD.ENV.EPI:DSD_LAND_USE@DF_LAND_USE(1.0),Land use,I,NER,Niger,A,Annual,LAND,Land area,KM2,Square kilometres,2021,,1266700,,A,Normal value,0,Units,1,One
DATAFLOW,OECD.ENV.EPI:DSD_LAND_USE@DF_LAND_USE(1.0),Land use,I,NGA,Nigeria,A,Annual,LAND,Land area,KM2,Square kilometres,2021,,910770,,A,Normal value,0,Units,1,One
DATAFLOW,OECD.ENV.EPI:DSD_LAND_USE@DF_LAND_USE(1.0),Land use,I,MKD,North Macedonia,A,Annual,LAND,Land area,KM2,Square kilometres,2021,,25220,,A,Normal value,0,Units,1,One
DATAFLOW,OECD.ENV.EPI:DSD_LAND_USE@DF_LAND_USE(1.0),Land use,I,OMN,Oman,A,Annual,LAND,Land area,KM2,Square kilometres,2021,,309500,,A,Normal value,0,Units,1,One
DATAFLOW,OECD.ENV.EPI:DSD_LAND_USE@DF_LAND_USE(1.0),Land use,I,PAK,Pakistan,A,Annual,LAND,Land area,KM2,Square kilometres,2021,,770880,,A,Normal value,0,Units,1,One
DATAFLOW,OECD.ENV.EPI:DSD_LAND_USE@DF_LAND_USE(1.0),Land use,I,PAN,Panama,A,Annual,LAND,Land area,KM2,Square kilometres,2021,,74180,,A,Normal value,0,Units,1,One
DATAFLOW,OECD.ENV.EPI:DSD_LAND_USE@DF_LAND_USE(1.0),Land use,I,PNG,Papua New Guinea,A,Annual,LAND,Land area,KM2,Square kilometres,2021,,452860,,A,Normal value,0,Units,1,One
DATAFLOW,OECD.ENV.EPI:DSD_LAND_USE@DF_LAND_USE(1.0),Land use,I,PRY,Paraguay,A,Annual,LAND,Land area,KM2,Square kilometres,2021,,397300,,A,Normal value,0,Units,1,One
DATAFLOW,OECD.ENV.EPI:DSD_LAND_USE@DF_LAND_USE(1.0),Land use,I,PER,Peru,A,Annual,LAND,Land area,KM2,Square kilometres,2021,,1280000,,A,Normal value,0,Units,1,One
DATAFLOW,OECD.ENV.EPI:DSD_LAND_USE@DF_LAND_USE(1.0),Land use,I,PHL,Philippines,A,Annual,LAND,Land area,KM2,Square kilometres,2021,,298170,,A,Normal value,0,Units,1,One
DATAFLOW,OECD.ENV.EPI:DSD_LAND_USE@DF_LAND_USE(1.0),Land use,I,PCN,Pitcairn,A,Annual,LAND,Land area,KM2,Square kilometres,2021,,47,,A,Normal value,0,Units,1,One
DATAFLOW,OECD.ENV.EPI:DSD_LAND_USE@DF_LAND_USE(1.0),Land use,I,PRI,Puerto Rico,A,Annual,LAND,Land area,KM2,Square kilometres,2021,,8870,,A,Normal value,0,Units,1,One
DATAFLOW,OECD.ENV.EPI:DSD_LAND_USE@DF_LAND_USE(1.0),Land use,I,QAT,Qatar,A,Annual,LAND,Land area,KM2,Square kilometres,2021,,11490,,A,Normal value,0,Units,1,One
DATAFLOW,OECD.ENV.EPI:DSD_LAND_USE@DF_LAND_USE(1.0),Land use,I,ROU,Romania,A,Annual,LAND,Land area,KM2,Square kilometres,2021,,230080,,A,Normal value,0,Units,1,One
DATAFLOW,OECD.ENV.EPI:DSD_LAND_USE@DF_LAND_USE(1.0),Land use,I,RUS,Russia,A,Annual,LAND,Land area,KM2,Square kilometres,2021,,16376870,,A,Normal value,0,Units,1,One
DATAFLOW,OECD.ENV.EPI:DSD_LAND_USE@DF_LAND_USE(1.0),Land use,I,LCA,Saint Lucia,A,Annual,LAND,Land area,KM2,Square kilometres,2021,,610,,A,Normal value,0,Units,1,One
DATAFLOW,OECD.ENV.EPI:DSD_LAND_USE@DF_LAND_USE(1.0),Land use,I,SPM,Saint Pierre and Miquelon,A,Annual,LAND,Land area,KM2,Square kilometres,2021,,230,,A,Normal value,0,Units,1,One
DATAFLOW,OECD.ENV.EPI:DSD_LAND_USE@DF_LAND_USE(1.0),Land use,I,WSM,Samoa,A,Annual,LAND,Land area,KM2,Square kilometres,2021,,2780,,A,Normal value,0,Units,1,One
DATAFLOW,OECD.ENV.EPI:DSD_LAND_USE@DF_LAND_USE(1.0),Land use,I,SMR,San Marino,A,Annual,LAND,Land area,KM2,Square kilometres,2021,,60,,A,Normal value,0,Units,1,One
DATAFLOW,OECD.ENV.EPI:DSD_LAND_USE@DF_LAND_USE(1.0),Land use,I,STP,Sao Tome and Principe,A,Annual,LAND,Land area,KM2,Square kilometres,2021,,960,,A,Normal value,0,Units,1,One
DATAFLOW,OECD.ENV.EPI:DSD_LAND_USE@DF_LAND_USE(1.0),Land use,I,SAU,Saudi Arabia,A,Annual,LAND,Land area,KM2,Square kilometres,2021,,2149690,,A,Normal value,0,Units,1,One
DATAFLOW,OECD.ENV.EPI:DSD_LAND_USE@DF_LAND_USE(1.0),Land use,I,SEN,Senegal,A,Annual,LAND,Land area,KM2,Square kilometres,2021,,192530,,A,Normal value,0,Units,1,One
DATAFLOW,OECD.ENV.EPI:DSD_LAND_USE@DF_LAND_USE(1.0),Land use,I,SLE,Sierra Leone,A,Annual,LAND,Land area,KM2,Square kilometres,2021,,72180,,A,Normal value,0,Units,1,One
DATAFLOW,OECD.ENV.EPI:DSD_LAND_USE@DF_LAND_USE(1.0),Land use,I,SLB,Solomon Islands,A,Annual,LAND,Land area,KM2,Square kilometres,2021,,27990,,A,Normal value,0,Units,1,One
DATAFLOW,OECD.ENV.EPI:DSD_LAND_USE@DF_LAND_USE(1.0),Land use,I,ZAF,South Africa,A,Annual,LAND,Land area,KM2,Square kilometres,2021,,1213090,,A,Normal value,0,Units,1,One
DATAFLOW,OECD.ENV.EPI:DSD_LAND_USE@DF_LAND_USE(1.0),Land use,I,LKA,Sri Lanka,A,Annual,LAND,Land area,KM2,Square kilometres,2021,,61860,,A,Normal value,0,Units,1,One
DATAFLOW,OECD.ENV.EPI:DSD_LAND_USE@DF_LAND_USE(1.0),Land use,I,SDN,Sudan,A,Annual,LAND,Land area,KM2,Square kilometres,2021,,1868000,,A,Normal value,0,Units,1,One
DATAFLOW,OECD.ENV.EPI:DSD_LAND_USE@DF_LAND_USE(1.0),Land use,I,SUR,Suriname,A,Annual,LAND,Land area,KM2,Square kilometres,2021,,160507.6,,A,Normal value,0,Units,1,One
DATAFLOW,OECD.ENV.EPI:DSD_LAND_USE@DF_LAND_USE(1.0),Land use,I,SYR,Syrian Arab Republic,A,Annual,LAND,Land area,KM2,Square kilometres,2021,,183630,,A,Normal value,0,Units,1,One
DATAFLOW,OECD.ENV.EPI:DSD_LAND_USE@DF_LAND_USE(1.0),Land use,I,TWN,Chinese Taipei,A,Annual,LAND,Land area,KM2,Square kilometres,2021,,35410,,A,Normal value,0,Units,1,One
DATAFLOW,OECD.ENV.EPI:DSD_LAND_USE@DF_LAND_USE(1.0),Land use,I,TJK,Tajikistan,A,Annual,LAND,Land area,KM2,Square kilometres,2021,,138790,,A,Normal value,0,Units,1,One
DATAFLOW,OECD.ENV.EPI:DSD_LAND_USE@DF_LAND_USE(1.0),Land use,I,THA,Thailand,A,Annual,LAND,Land area,KM2,Square kilometres,2021,,510890,,A,Normal value,0,Units,1,One
DATAFLOW,OECD.ENV.EPI:DSD_LAND_USE@DF_LAND_USE(1.0),Land use,I,TLS,Timor-Leste,A,Annual,LAND,Land area,KM2,Square kilometres,2021,,14870,,A,Normal value,0,Units,1,One
DATAFLOW,OECD.ENV.EPI:DSD_LAND_USE@DF_LAND_USE(1.0),Land use,I,TGO,Togo,A,Annual,LAND,Land area,KM2,Square kilometres,2021,,54390,,A,Normal value,0,Units,1,One
DATAFLOW,OECD.ENV.EPI:DSD_LAND_USE@DF_LAND_USE(1.0),Land use,I,TON,Tonga,A,Annual,LAND,Land area,KM2,Square kilometres,2021,,720,,A,Normal value,0,Units,1,One
DATAFLOW,OECD.ENV.EPI:DSD_LAND_USE@DF_LAND_USE(1.0),Land use,I,TTO,Trinidad and Tobago,A,Annual,LAND,Land area,KM2,Square kilometres,2021,,5130,,A,Normal value,0,Units,1,One
DATAFLOW,OECD.ENV.EPI:DSD_LAND_USE@DF_LAND_USE(1.0),Land use,I,TUN,Tunisia,A,Annual,LAND,Land area,KM2,Square kilometres,2021,,155360,,A,Normal value,0,Units,1,One
DATAFLOW,OECD.ENV.EPI:DSD_LAND_USE@DF_LAND_USE(1.0),Land use,I,TKM,Turkmenistan,A,Annual,LAND,Land area,KM2,Square kilometres,2021,,469930,,A,Normal value,0,Units,1,One
DATAFLOW,OECD.ENV.EPI:DSD_LAND_USE@DF_LAND_USE(1.0),Land use,I,TCA,Turks and Caicos Islands,A,Annual,LAND,Land area,KM2,Square kilometres,2021,,950,,A,Normal value,0,Units,1,One
DATAFLOW,OECD.ENV.EPI:DSD_LAND_USE@DF_LAND_USE(1.0),Land use,I,TUV,Tuvalu,A,Annual,LAND,Land area,KM2,Square kilometres,2021,,30,,A,Normal value,0,Units,1,One
DATAFLOW,OECD.ENV.EPI:DSD_LAND_USE@DF_LAND_USE(1.0),Land use,I,UGA,Uganda,A,Annual,LAND,Land area,KM2,Square kilometres,2021,,200520,,A,Normal value,0,Units,1,One
DATAFLOW,OECD.ENV.EPI:DSD_LAND_USE@DF_LAND_USE(1.0),Land use,I,UKR,Ukraine,A,Annual,LAND,Land area,KM2,Square kilometres,2021,,579400,,A,Normal value,0,Units,1,One
DATAFLOW,OECD.ENV.EPI:DSD_LAND_USE@DF_LAND_USE(1.0),Land use,I,ARE,United Arab Emirates,A,Annual,LAND,Land area,KM2,Square kilometres,2021,,71020,,A,Normal value,0,Units,1,One
DATAFLOW,OECD.ENV.EPI:DSD_LAND_USE@DF_LAND_USE(1.0),Land use,I,URY,Uruguay,A,Annual,LAND,Land area,KM2,Square kilometres,2021,,175020,,A,Normal value,0,Units,1,One
DATAFLOW,OECD.ENV.EPI:DSD_LAND_USE@DF_LAND_USE(1.0),Land use,I,UZB,Uzbekistan,A,Annual,LAND,Land area,KM2,Square kilometres,2021,,440653,,A,Normal value,0,Units,1,One
DATAFLOW,OECD.ENV.EPI:DSD_LAND_USE@DF_LAND_USE(1.0),Land use,I,VUT,Vanuatu,A,Annual,LAND,Land area,KM2,Square kilometres,2021,,12190,,A,Normal value,0,Units,1,One
DATAFLOW,OECD.ENV.EPI:DSD_LAND_USE@DF_LAND_USE(1.0),Land use,I,VEN,Venezuela,A,Annual,LAND,Land area,KM2,Square kilometres,2021,,882050,,A,Normal value,0,Units,1,One
DATAFLOW,OECD.ENV.EPI:DSD_LAND_USE@DF_LAND_USE(1.0),Land use,I,VNM,Viet Nam,A,Annual,LAND,Land area,KM2,Square kilometres,2021,,313429,,A,Normal value,0,Units,1,One
DATAFLOW,OECD.ENV.EPI:DSD_LAND_USE@DF_LAND_USE(1.0),Land use,I,WLF,Wallis and Futuna,A,Annual,LAND,Land area,KM2,Square kilometres,2021,,140,,A,Normal value,0,Units,1,One
DATAFLOW,OECD.ENV.EPI:DSD_LAND_USE@DF_LAND_USE(1.0),Land use,I,YEM,Yemen,A,Annual,LAND,Land area,KM2,Square kilometres,2021,,527970,,A,Normal value,0,Units,1,One
DATAFLOW,OECD.ENV.EPI:DSD_LAND_USE@DF_LAND_USE(1.0),Land use,I,ZMB,Zambia,A,Annual,LAND,Land area,KM2,Square kilometres,2021,,743390,,A,Normal value,0,Units,1,One
DATAFLOW,OECD.ENV.EPI:DSD_LAND_USE@DF_LAND_USE(1.0),Land use,I,ZWE,Zimbabwe,A,Annual,LAND,Land area,KM2,Square kilometres,2021,,386850,,A,Normal value,0,Units,1,One
DATAFLOW,OECD.ENV.EPI:DSD_LAND_USE@DF_LAND_USE(1.0),Land use,I,VIR,United States Virgin Islands,A,Annual,LAND,Land area,KM2,Square kilometres,2021,,350,,A,Normal value,0,Units,1,One
DATAFLOW,OECD.ENV.EPI:DSD_LAND_USE@DF_LAND_USE(1.0),Land use,I,ABW,Aruba,A,Annual,LAND,Land area,KM2,Square kilometres,2021,,180,,A,Normal value,0,Units,1,One
DATAFLOW,OECD.ENV.EPI:DSD_LAND_USE@DF_LAND_USE(1.0),Land use,I,MHL,Marshall Islands,A,Annual,LAND,Land area,KM2,Square kilometres,2021,,180,,A,Normal value,0,Units,1,One
DATAFLOW,OECD.ENV.EPI:DSD_LAND_USE@DF_LAND_USE(1.0),Land use,I,NRU,Nauru,A,Annual,LAND,Land area,KM2,Square kilometres,2021,,20,,A,Normal value,0,Units,1,One
DATAFLOW,OECD.ENV.EPI:DSD_LAND_USE@DF_LAND_USE(1.0),Land use,I,NIU,Niue,A,Annual,LAND,Land area,KM2,Square kilometres,2021,,260,,A,Normal value,0,Units,1,One
DATAFLOW,OECD.ENV.EPI:DSD_LAND_USE@DF_LAND_USE(1.0),Land use,I,KNA,Saint Kitts and Nevis,A,Annual,LAND,Land area,KM2,Square kilometres,2021,,260,,A,Normal value,0,Units,1,One
DATAFLOW,OECD.ENV.EPI:DSD_LAND_USE@DF_LAND_USE(1.0),Land use,I,VCT,Saint Vincent and the Grenadines,A,Annual,LAND,Land area,KM2,Square kilometres,2021,,390,,A,Normal value,0,Units,1,One
DATAFLOW,OECD.ENV.EPI:DSD_LAND_USE@DF_LAND_USE(1.0),Land use,I,MNP,Northern Mariana Islands,A,Annual,LAND,Land area,KM2,Square kilometres,2021,,460,,A,Normal value,0,Units,1,One
DATAFLOW,OECD.ENV.EPI:DSD_LAND_USE@DF_LAND_USE(1.0),Land use,I,SYC,Seychelles,A,Annual,LAND,Land area,KM2,Square kilometres,2021,,460,,A,Normal value,0,Units,1,One
DATAFLOW,OECD.ENV.EPI:DSD_LAND_USE@DF_LAND_USE(1.0),Land use,I,CYM,Cayman Islands,A,Annual,LAND,Land area,KM2,Square kilometres,2021,,240,,A,Normal value,0,Units,1,One
DATAFLOW,OECD.ENV.EPI:DSD_LAND_USE@DF_LAND_USE(1.0),Land use,I,COK,Cook Islands,A,Annual,LAND,Land area,KM2,Square kilometres,2021,,240,,A,Normal value,0,Units,1,One
DATAFLOW,OECD.ENV.EPI:DSD_LAND_USE@DF_LAND_USE(1.0),Land use,I,GIB,Gibraltar,A,Annual,LAND,Land area,KM2,Square kilometres,2021,,10,,A,Normal value,0,Units,1,One
DATAFLOW,OECD.ENV.EPI:DSD_LAND_USE@DF_LAND_USE(1.0),Land use,I,TKL,Tokelau,A,Annual,LAND,Land area,KM2,Square kilometres,2021,,10,,A,Normal value,0,Units,1,One
DATAFLOW,OECD.ENV.EPI:DSD_LAND_USE@DF_LAND_USE(1.0),Land use,I,AUT,Austria,A,Annual,FOREST,Forest,PT_LAR,Percentage of land area,2021,,47.17208,,A,Normal value,0,Units,1,One
DATAFLOW,OECD.ENV.EPI:DSD_LAND_USE@DF_LAND_USE(1.0),Land use,I,CHL,Chile,A,Annual,FOREST,Forest,PT_LAR,Percentage of land area,2021,,24.47163,,A,Normal value,0,Units,1,One
DATAFLOW,OECD.ENV.EPI:DSD_LAND_USE@DF_LAND_USE(1.0),Land use,I,COL,Colombia,A,Annual,FOREST,Forest,PT_LAR,Percentage of land area,2021,,54.0694,,A,Normal value,0,Units,1,One
DATAFLOW,OECD.ENV.EPI:DSD_LAND_USE@DF_LAND_USE(1.0),Land use,I,CRI,Costa Rica,A,Annual,FOREST,Forest,PT_LAR,Percentage of land area,2021,,58.85226,,A,Normal value,0,Units,1,One
DATAFLOW,OECD.ENV.EPI:DSD_LAND_USE@DF_LAND_USE(1.0),Land use,I,EST,Estonia,A,Annual,FOREST,Forest,PT_LAR,Percentage of land area,2021,,57.18012,,A,Normal value,0,Units,1,One
DATAFLOW,OECD.ENV.EPI:DSD_LAND_USE@DF_LAND_USE(1.0),Land use,I,HUN,Hungary,A,Annual,FOREST,Forest,PT_LAR,Percentage of land area,2021,,22.60651,,A,Normal value,0,Units,1,One
DATAFLOW,OECD.ENV.EPI:DSD_LAND_USE@DF_LAND_USE(1.0),Land use,I,ISL,Iceland,A,Annual,FOREST,Forest,PT_LAR,Percentage of land area,2021,,0.5714569,,A,Normal value,0,Units,1,One
DATAFLOW,OECD.ENV.EPI:DSD_LAND_USE@DF_LAND_USE(1.0),Land use,I,IRL,Ireland,A,Annual,FOREST,Forest,PT_LAR,Percentage of land area,2021,,11.63057,,A,Normal value,0,Units,1,One
DATAFLOW,OECD.ENV.EPI:DSD_LAND_USE@DF_LAND_USE(1.0),Land use,I,KOR,Korea,A,Annual,FOREST,Forest,PT_LAR,Percentage of land area,2021,,64.49006,,A,Normal value,0,Units,1,One
DATAFLOW,OECD.ENV.EPI:DSD_LAND_USE@DF_LAND_USE(1.0),Land use,I,LVA,Latvia,A,Annual,FOREST,Forest,PT_LAR,Percentage of land area,2021,,55.29005,,A,Normal value,0,Units,1,One
DATAFLOW,OECD.ENV.EPI:DSD_LAND_USE@DF_LAND_USE(1.0),Land use,I,MEX,Mexico,A,Annual,FOREST,Forest,PT_LAR,Percentage of land area,2021,,34.35101,,A,Normal value,0,Units,1,One
DATAFLOW,OECD.ENV.EPI:DSD_LAND_USE@DF_LAND_USE(1.0),Land use,I,NZL,New Zealand,A,Annual,FOREST,Forest,PT_LAR,Percentage of land area,2021,,38.10277,,A,Normal value,0,Units,1,One
DATAFLOW,OECD.ENV.EPI:DSD_LAND_USE@DF_LAND_USE(1.0),Land use,I,NOR,Norway,A,Annual,FOREST,Forest,PT_LAR,Percentage of land area,2021,,33.26757,,A,Normal value,0,Units,1,One
DATAFLOW,OECD.ENV.EPI:DSD_LAND_USE@DF_LAND_USE(1.0),Land use,I,PRT,Portugal,A,Annual,FOREST,Forest,PT_LAR,Percentage of land area,2021,,36.46109,,A,Normal value,0,Units,1,One
DATAFLOW,OECD.ENV.EPI:DSD_LAND_USE@DF_LAND_USE(1.0),Land use,I,SVK,Slovak Republic,A,Annual,FOREST,Forest,PT_LAR,Percentage of land area,2021,,40.20528,,A,Normal value,0,Units,1,One
DATAFLOW,OECD.ENV.EPI:DSD_LAND_USE@DF_LAND_USE(1.0),Land use,I,SVN,Slovenia,A,Annual,FOREST,Forest,PT_LAR,Percentage of land area,2021,,61.76725,,A,Normal value,0,Units,1,One
DATAFLOW,OECD.ENV.EPI:DSD_LAND_USE@DF_LAND_USE(1.0),Land use,I,CHE,Switzerland,A,Annual,FOREST,Forest,PT_LAR,Percentage of land area,2021,,31.88311,,A,Normal value,0,Units,1,One
DATAFLOW,OECD.ENV.EPI:DSD_LAND_USE@DF_LAND_USE(1.0),Land use,I,OECD,OECD,A,Annual,FOREST,Forest,PT_LAR,Percentage of land area,2021,,33.62596,,A,Normal value,0,Units,1,One
DATAFLOW,OECD.ENV.EPI:DSD_LAND_USE@DF_LAND_USE(1.0),Land use,I,OECDA,OECD America,A,Annual,FOREST,Forest,PT_LAR,Percentage of land area,2021,,37.9177,,A,Normal value,0,Units,1,One
DATAFLOW,OECD.ENV.EPI:DSD_LAND_USE@DF_LAND_USE(1.0),Land use,I,OECDSO,OECD Asia Oceania,A,Annual,FOREST,Forest,PT_LAR,Percentage of land area,2021,,20.70502,,A,Normal value,0,Units,1,One
DATAFLOW,OECD.ENV.EPI:DSD_LAND_USE@DF_LAND_USE(1.0),Land use,I,DZA,Algeria,A,Annual,FOREST,Forest,PT_LAR,Percentage of land area,2021,,0.71127,,A,Normal value,0,Units,1,One
DATAFLOW,OECD.ENV.EPI:DSD_LAND_USE@DF_LAND_USE(1.0),Land use,I,AND,Andorra,A,Annual,FOREST,Forest,PT_LAR,Percentage of land area,2021,,38.65957,,A,Normal value,0,Units,1,One
DATAFLOW,OECD.ENV.EPI:DSD_LAND_USE@DF_LAND_USE(1.0),Land use,I,ATG,Antigua and Barbuda,A,Annual,FOREST,Forest,PT_LAR,Percentage of land area,2021,,18.29545,,A,Normal value,0,Units,1,One
DATAFLOW,OECD.ENV.EPI:DSD_LAND_USE@DF_LAND_USE(1.0),Land use,I,ARM,Armenia,A,Annual,FOREST,Forest,PT_LAR,Percentage of land area,2021,,11.84661,,A,Normal value,0,Units,1,One
DATAFLOW,OECD.ENV.EPI:DSD_LAND_USE@DF_LAND_USE(1.0),Land use,I,AZE,Azerbaijan,A,Annual,FOREST,Forest,PT_LAR,Percentage of land area,2021,,14.17641,,A,Normal value,0,Units,1,One
DATAFLOW,OECD.ENV.EPI:DSD_LAND_USE@DF_LAND_USE(1.0),Land use,I,BGD,Bangladesh,A,Annual,FOREST,Forest,PT_LAR,Percentage of land area,2021,,14.42245,,A,Normal value,0,Units,1,One
DATAFLOW,OECD.ENV.EPI:DSD_LAND_USE@DF_LAND_USE(1.0),Land use,I,BLR,Belarus,A,Annual,FOREST,Forest,PT_LAR,Percentage of land area,2021,,43.70233,,A,Normal value,0,Units,1,One
DATAFLOW,OECD.ENV.EPI:DSD_LAND_USE@DF_LAND_USE(1.0),Land use,I,BLZ,Belize,A,Annual,FOREST,Forest,PT_LAR,Percentage of land area,2021,,58.97326,,A,Normal value,0,Units,1,One
DATAFLOW,OECD.ENV.EPI:DSD_LAND_USE@DF_LAND_USE(1.0),Land use,I,BEN,Benin,A,Annual,FOREST,Forest,PT_LAR,Percentage of land area,2021,,29.11316,,A,Normal value,0,Units,1,One
DATAFLOW,OECD.ENV.EPI:DSD_LAND_USE@DF_LAND_USE(1.0),Land use,I,BTN,Bhutan,A,Annual,FOREST,Forest,PT_LAR,Percentage of land area,2021,,71.0194,,A,Normal value,0,Units,1,One
DATAFLOW,OECD.ENV.EPI:DSD_LAND_USE@DF_LAND_USE(1.0),Land use,I,BOL,Bolivia,A,Annual,FOREST,Forest,PT_LAR,Percentage of land area,2021,,50.85606,,A,Normal value,0,Units,1,One
DATAFLOW,OECD.ENV.EPI:DSD_LAND_USE@DF_LAND_USE(1.0),Land use,I,KHM,Cambodia,A,Annual,FOREST,Forest,PT_LAR,Percentage of land area,2021,,42.87395,,A,Normal value,0,Units,1,One
DATAFLOW,OECD.ENV.EPI:DSD_LAND_USE@DF_LAND_USE(1.0),Land use,I,CMR,Cameroon,A,Annual,FOREST,Forest,PT_LAR,Percentage of land area,2021,,41.4864,,A,Normal value,0,Units,1,One
DATAFLOW,OECD.ENV.EPI:DSD_LAND_USE@DF_LAND_USE(1.0),Land use,I,TCD,Chad,A,Annual,FOREST,Forest,PT_LAR,Percentage of land area,2021,,3.274285,,A,Normal value,0,Units,1,One
DATAFLOW,OECD.ENV.EPI:DSD_LAND_USE@DF_LAND_USE(1.0),Land use,I,CIV,Côte d’Ivoire,A,Annual,FOREST,Forest,PT_LAR,Percentage of land area,2021,,12.88497,,A,Normal value,0,Units,1,One
DATAFLOW,OECD.ENV.EPI:DSD_LAND_USE@DF_LAND_USE(1.0),Land use,I,CYP,Cyprus,A,Annual,FOREST,Forest,PT_LAR,Percentage of land area,2021,,18.65476,,A,Normal value,0,Units,1,One
DATAFLOW,OECD.ENV.EPI:DSD_LAND_USE@DF_LAND_USE(1.0),Land use,I,PRK,Democratic People’s Republic of Korea,A,Annual,FOREST,Forest,PT_LAR,Percentage of land area,2021,,63.80292,,A,Normal value,0,Units,1,One
DATAFLOW,OECD.ENV.EPI:DSD_LAND_USE@DF_LAND_USE(1.0),Land use,I,DMA,Dominica,A,Annual,FOREST,Forest,PT_LAR,Percentage of land area,2021,,76.70667,,A,Normal value,0,Units,1,One
DATAFLOW,OECD.ENV.EPI:DSD_LAND_USE@DF_LAND_USE(1.0),Land use,I,DOM,Dominican Republic,A,Annual,FOREST,Forest,PT_LAR,Percentage of land area,2021,,46.28759,,A,Normal value,0,Units,1,One
DATAFLOW,OECD.ENV.EPI:DSD_LAND_USE@DF_LAND_USE(1.0),Land use,I,ECU,Ecuador,A,Annual,FOREST,Forest,PT_LAR,Percentage of land area,2021,,50.0521,,A,Normal value,0,Units,1,One
DATAFLOW,OECD.ENV.EPI:DSD_LAND_USE@DF_LAND_USE(1.0),Land use,I,EGY,Egypt,A,Annual,FOREST,Forest,PT_LAR,Percentage of land area,2021,,0.004108695,,A,Normal value,0,Units,1,One
DATAFLOW,OECD.ENV.EPI:DSD_LAND_USE@DF_LAND_USE(1.0),Land use,I,SLV,El Salvador,A,Annual,FOREST,Forest,PT_LAR,Percentage of land area,2021,,32.89093,,A,Normal value,0,Units,1,One
DATAFLOW,OECD.ENV.EPI:DSD_LAND_USE@DF_LAND_USE(1.0),Land use,I,ERI,Eritrea,A,Annual,FOREST,Forest,PT_LAR,Percentage of land area,2021,,12.13526,,A,Normal value,0,Units,1,One
DATAFLOW,OECD.ENV.EPI:DSD_LAND_USE@DF_LAND_USE(1.0),Land use,I,ETH,Ethiopia,A,Annual,FOREST,Forest,PT_LAR,Percentage of land area,2021,,23.84018,,A,Normal value,0,Units,1,One
DATAFLOW,OECD.ENV.EPI:DSD_LAND_USE@DF_LAND_USE(1.0),Land use,I,FJI,Fiji,A,Annual,FOREST,Forest,PT_LAR,Percentage of land area,2021,,61.19704,,A,Normal value,0,Units,1,One
DATAFLOW,OECD.ENV.EPI:DSD_LAND_USE@DF_LAND_USE(1.0),Land use,I,GAB,Gabon,A,Annual,FOREST,Forest,PT_LAR,Percentage of land area,2021,,91.5211,,A,Normal value,0,Units,1,One
DATAFLOW,OECD.ENV.EPI:DSD_LAND_USE@DF_LAND_USE(1.0),Land use,I,GMB,Gambia,A,Annual,FOREST,Forest,PT_LAR,Percentage of land area,2021,,23.28162,,A,Normal value,0,Units,1,One
DATAFLOW,OECD.ENV.EPI:DSD_LAND_USE@DF_LAND_USE(1.0),Land use,I,GIN,Guinea,A,Annual,FOREST,Forest,PT_LAR,Percentage of land area,2021,,20.85829,,A,Normal value,0,Units,1,One
DATAFLOW,OECD.ENV.EPI:DSD_LAND_USE@DF_LAND_USE(1.0),Land use,I,GNB,Guinea-Bissau,A,Annual,FOREST,Forest,PT_LAR,Percentage of land area,2021,,75.26814,,A,Normal value,0,Units,1,One
DATAFLOW,OECD.ENV.EPI:DSD_LAND_USE@DF_LAND_USE(1.0),Land use,I,IRQ,Iraq,A,Annual,FOREST,Forest,PT_LAR,Percentage of land area,2021,,1.656117,,A,Normal value,0,Units,1,One
DATAFLOW,OECD.ENV.EPI:DSD_LAND_USE@DF_LAND_USE(1.0),Land use,I,JAM,Jamaica,A,Annual,FOREST,Forest,PT_LAR,Percentage of land area,2021,,55.47276,,A,Normal value,0,Units,1,One
DATAFLOW,OECD.ENV.EPI:DSD_LAND_USE@DF_LAND_USE(1.0),Land use,I,KGZ,Kyrgyzstan,A,Annual,FOREST,Forest,PT_LAR,Percentage of land area,2021,,6.544421,,A,Normal value,0,Units,1,One
DATAFLOW,OECD.ENV.EPI:DSD_LAND_USE@DF_LAND_USE(1.0),Land use,I,LAO,Lao People’s Democratic Republic,A,Annual,FOREST,Forest,PT_LAR,Percentage of land area,2021,,57.09436,,A,Normal value,0,Units,1,One
DATAFLOW,OECD.ENV.EPI:DSD_LAND_USE@DF_LAND_USE(1.0),Land use,I,LBN,Lebanon,A,Annual,FOREST,Forest,PT_LAR,Percentage of land area,2021,,13.77713,,A,Normal value,0,Units,1,One
DATAFLOW,OECD.ENV.EPI:DSD_LAND_USE@DF_LAND_USE(1.0),Land use,I,LBY,Libya,A,Annual,FOREST,Forest,PT_LAR,Percentage of land area,2021,,0.1174568,,A,Normal value,0,Units,1,One
DATAFLOW,OECD.ENV.EPI:DSD_LAND_USE@DF_LAND_USE(1.0),Land use,I,LIE,Liechtenstein,A,Annual,FOREST,Forest,PT_LAR,Percentage of land area,2021,,35.25,,A,Normal value,0,Units,1,One
DATAFLOW,OECD.ENV.EPI:DSD_LAND_USE@DF_LAND_USE(1.0),Land use,I,MDG,Madagascar,A,Annual,FOREST,Forest,PT_LAR,Percentage of land area,2021,,17.90854,,A,Normal value,0,Units,1,One
DATAFLOW,OECD.ENV.EPI:DSD_LAND_USE@DF_LAND_USE(1.0),Land use,I,MLI,Mali,A,Annual,FOREST,Forest,PT_LAR,Percentage of land area,2021,,8.917816,,A,Normal value,0,Units,1,One
DATAFLOW,OECD.ENV.EPI:DSD_LAND_USE@DF_LAND_USE(1.0),Land use,I,MLT,Malta,A,Annual,FOREST,Forest,PT_LAR,Percentage of land area,2021,,1.459622,,A,Normal value,0,Units,1,One
DATAFLOW,OECD.ENV.EPI:DSD_LAND_USE@DF_LAND_USE(1.0),Land use,I,MTQ,Martinique,A,Annual,FOREST,Forest,PT_LAR,Percentage of land area,2021,,49.40566,,A,Normal value,0,Units,1,One
DATAFLOW,OECD.ENV.EPI:DSD_LAND_USE@DF_LAND_USE(1.0),Land use,I,MUS,Mauritius,A,Annual,FOREST,Forest,PT_LAR,Percentage of land area,2021,,19.145,,A,Normal value,0,Units,1,One
DATAFLOW,OECD.ENV.EPI:DSD_LAND_USE@DF_LAND_USE(1.0),Land use,I,MYT,Mayotte,A,Annual,FOREST,Forest,PT_LAR,Percentage of land area,2021,,26.59313,,A,Normal value,0,Units,1,One
DATAFLOW,OECD.ENV.EPI:DSD_LAND_USE@DF_LAND_USE(1.0),Land use,I,MAR,Morocco,A,Annual,FOREST,Forest,PT_LAR,Percentage of land area,2021,,12.75841,,A,Normal value,0,Units,1,One
DATAFLOW,OECD.ENV.EPI:DSD_LAND_USE@DF_LAND_USE(1.0),Land use,I,NAM,Namibia,A,Annual,FOREST,Forest,PT_LAR,Percentage of land area,2021,,9.772425,,A,Normal value,0,Units,1,One
DATAFLOW,OECD.ENV.EPI:DSD_LAND_USE@DF_LAND_USE(1.0),Land use,I,NCL,New Caledonia,A,Annual,FOREST,Forest,PT_LAR,Percentage of land area,2021,,48.05178,,A,Normal value,0,Units,1,One
DATAFLOW,OECD.ENV.EPI:DSD_LAND_USE@DF_LAND_USE(1.0),Land use,I,NIC,Nicaragua,A,Annual,FOREST,Forest,PT_LAR,Percentage of land area,2021,,40.46202,,A,Normal value,0,Units,1,One
DATAFLOW,OECD.ENV.EPI:DSD_LAND_USE@DF_LAND_USE(1.0),Land use,I,NFK,Norfolk Island,A,Annual,FOREST,Forest,PT_LAR,Percentage of land area,2021,,13.61111,,A,Normal value,0,Units,1,One
DATAFLOW,OECD.ENV.EPI:DSD_LAND_USE@DF_LAND_USE(1.0),Land use,I,MKD,North Macedonia,A,Annual,FOREST,Forest,PT_LAR,Percentage of land area,2021,,41.20063,,A,Normal value,0,Units,1,One
DATAFLOW,OECD.ENV.EPI:DSD_LAND_USE@DF_LAND_USE(1.0),Land use,I,PAK,Pakistan,A,Annual,FOREST,Forest,PT_LAR,Percentage of land area,2021,,4.033468,,A,Normal value,0,Units,1,One
DATAFLOW,OECD.ENV.EPI:DSD_LAND_USE@DF_LAND_USE(1.0),Land use,I,PLW,Palau,A,Annual,FOREST,Forest,PT_LAR,Percentage of land area,2021,,90.43572,,A,Normal value,0,Units,1,One
DATAFLOW,OECD.ENV.EPI:DSD_LAND_USE@DF_LAND_USE(1.0),Land use,I,PAN,Panama,A,Annual,FOREST,Forest,PT_LAR,Percentage of land area,2021,,62.37085,,A,Normal value,0,Units,1,One
DATAFLOW,OECD.ENV.EPI:DSD_LAND_USE@DF_LAND_USE(1.0),Land use,I,REU,Réunion,A,Annual,FOREST,Forest,PT_LAR,Percentage of land area,2021,,30.80162,,A,Normal value,0,Units,1,One
DATAFLOW,OECD.ENV.EPI:DSD_LAND_USE@DF_LAND_USE(1.0),Land use,I,ROU,Romania,A,Annual,FOREST,Forest,PT_LAR,Percentage of land area,2021,,30.14026,,A,Normal value,0,Units,1,One
DATAFLOW,OECD.ENV.EPI:DSD_LAND_USE@DF_LAND_USE(1.0),Land use,I,RWA,Rwanda,A,Annual,FOREST,Forest,PT_LAR,Percentage of land area,2021,,24.24761,,A,Normal value,0,Units,1,One
DATAFLOW,OECD.ENV.EPI:DSD_LAND_USE@DF_LAND_USE(1.0),Land use,I,SPM,Saint Pierre and Miquelon,A,Annual,FOREST,Forest,PT_LAR,Percentage of land area,2021,,5.173913,,A,Normal value,0,Units,1,One
DATAFLOW,OECD.ENV.EPI:DSD_LAND_USE@DF_LAND_USE(1.0),Land use,I,STP,Sao Tome and Principe,A,Annual,FOREST,Forest,PT_LAR,Percentage of land area,2021,,57.47916,,A,Normal value,0,Units,1,One
DATAFLOW,OECD.ENV.EPI:DSD_LAND_USE@DF_LAND_USE(1.0),Land use,I,SYC,Seychelles,A,Annual,FOREST,Forest,PT_LAR,Percentage of land area,2021,,59.54348,,A,Normal value,0,Units,1,One
DATAFLOW,OECD.ENV.EPI:DSD_LAND_USE@DF_LAND_USE(1.0),Land use,I,SLE,Sierra Leone,A,Annual,FOREST,Forest,PT_LAR,Percentage of land area,2021,,34.8458,,A,Normal value,0,Units,1,One
DATAFLOW,OECD.ENV.EPI:DSD_LAND_USE@DF_LAND_USE(1.0),Land use,I,SGP,Singapore,A,Annual,FOREST,Forest,PT_LAR,Percentage of land area,2021,,22.00864,,A,Normal value,0,Units,1,One
DATAFLOW,OECD.ENV.EPI:DSD_LAND_USE@DF_LAND_USE(1.0),Land use,I,SLB,Solomon Islands,A,Annual,FOREST,Forest,PT_LAR,Percentage of land area,2021,,89.92033,,A,Normal value,0,Units,1,One
DATAFLOW,OECD.ENV.EPI:DSD_LAND_USE@DF_LAND_USE(1.0),Land use,I,SOM,Somalia,A,Annual,FOREST,Forest,PT_LAR,Percentage of land area,2021,,8.183082,,A,Normal value,0,Units,1,One
DATAFLOW,OECD.ENV.EPI:DSD_LAND_USE@DF_LAND_USE(1.0),Land use,I,LKA,Sri Lanka,A,Annual,FOREST,Forest,PT_LAR,Percentage of land area,2021,,34.60184,,A,Normal value,0,Units,1,One
DATAFLOW,OECD.ENV.EPI:DSD_LAND_USE@DF_LAND_USE(1.0),Land use,I,SUR,Suriname,A,Annual,FOREST,Forest,PT_LAR,Percentage of land area,2021,,91.87857,,A,Normal value,0,Units,1,One
DATAFLOW,OECD.ENV.EPI:DSD_LAND_USE@DF_LAND_USE(1.0),Land use,I,SYR,Syrian Arab Republic,A,Annual,FOREST,Forest,PT_LAR,Percentage of land area,2021,,2.873605,,A,Normal value,0,Units,1,One
DATAFLOW,OECD.ENV.EPI:DSD_LAND_USE@DF_LAND_USE(1.0),Land use,I,TZA,Tanzania,A,Annual,FOREST,Forest,PT_LAR,Percentage of land area,2021,,51.21719,,A,Normal value,0,Units,1,One
DATAFLOW,OECD.ENV.EPI:DSD_LAND_USE@DF_LAND_USE(1.0),Land use,I,THA,Thailand,A,Annual,FOREST,Forest,PT_LAR,Percentage of land area,2021,,39.53794,,A,Normal value,0,Units,1,One
DATAFLOW,OECD.ENV.EPI:DSD_LAND_USE@DF_LAND_USE(1.0),Land use,I,TLS,Timor-Leste,A,Annual,FOREST,Forest,PT_LAR,Percentage of land area,2021,,71.13113,,A,Normal value,0,Units,1,One
DATAFLOW,OECD.ENV.EPI:DSD_LAND_USE@DF_LAND_USE(1.0),Land use,I,TTO,Trinidad and Tobago,A,Annual,FOREST,Forest,PT_LAR,Percentage of land area,2021,,44.39571,,A,Normal value,0,Units,1,One
DATAFLOW,OECD.ENV.EPI:DSD_LAND_USE@DF_LAND_USE(1.0),Land use,I,TUN,Tunisia,A,Annual,FOREST,Forest,PT_LAR,Percentage of land area,2021,,4.484423,,A,Normal value,0,Units,1,One
DATAFLOW,OECD.ENV.EPI:DSD_LAND_USE@DF_LAND_USE(1.0),Land use,I,UGA,Uganda,A,Annual,FOREST,Forest,PT_LAR,Percentage of land area,2021,,12.36814,,A,Normal value,0,Units,1,One
DATAFLOW,OECD.ENV.EPI:DSD_LAND_USE@DF_LAND_USE(1.0),Land use,I,ARE,United Arab Emirates,A,Annual,FOREST,Forest,PT_LAR,Percentage of land area,2021,,4.551394,,A,Normal value,0,Units,1,One
DATAFLOW,OECD.ENV.EPI:DSD_LAND_USE@DF_LAND_USE(1.0),Land use,I,URY,Uruguay,A,Annual,FOREST,Forest,PT_LAR,Percentage of land area,2021,,11.14398,,A,Normal value,0,Units,1,One
DATAFLOW,OECD.ENV.EPI:DSD_LAND_USE@DF_LAND_USE(1.0),Land use,I,UZB,Uzbekistan,A,Annual,FOREST,Forest,PT_LAR,Percentage of land area,2021,,8.464801,,A,Normal value,0,Units,1,One
DATAFLOW,OECD.ENV.EPI:DSD_LAND_USE@DF_LAND_USE(1.0),Land use,I,VUT,Vanuatu,A,Annual,FOREST,Forest,PT_LAR,Percentage of land area,2021,,75.22395,,A,Normal value,0,Units,1,One
DATAFLOW,OECD.ENV.EPI:DSD_LAND_USE@DF_LAND_USE(1.0),Land use,I,VEN,Venezuela,A,Annual,FOREST,Forest,PT_LAR,Percentage of land area,2021,,53.60854,,A,Normal value,0,Units,1,One
DATAFLOW,OECD.ENV.EPI:DSD_LAND_USE@DF_LAND_USE(1.0),Land use,I,AUT,Austria,A,Annual,FOREST,Forest,KM2,Square kilometres,2021,,38926.4,,A,Normal value,0,Units,1,One
DATAFLOW,OECD.ENV.EPI:DSD_LAND_USE@DF_LAND_USE(1.0),Land use,I,COL,Colombia,A,Annual,FOREST,Forest,KM2,Square kilometres,2021,,599900,,A,Normal value,0,Units,1,One
DATAFLOW,OECD.ENV.EPI:DSD_LAND_USE@DF_LAND_USE(1.0),Land use,I,CRI,Costa Rica,A,Annual,FOREST,Forest,KM2,Square kilometres,2021,,29755.7,,A,Normal value,0,Units,1,One
DATAFLOW,OECD.ENV.EPI:DSD_LAND_USE@DF_LAND_USE(1.0),Land use,I,EST,Estonia,A,Annual,FOREST,Forest,KM2,Square kilometres,2021,,24444.5,,A,Normal value,0,Units,1,One
DATAFLOW,OECD.ENV.EPI:DSD_LAND_USE@DF_LAND_USE(1.0),Land use,I,HUN,Hungary,A,Annual,FOREST,Forest,KM2,Square kilometres,2021,,20630.7,,A,Normal value,0,Units,1,One
DATAFLOW,OECD.ENV.EPI:DSD_LAND_USE@DF_LAND_USE(1.0),Land use,I,ISL,Iceland,A,Annual,FOREST,Forest,KM2,Square kilometres,2021,,576.2,,A,Normal value,0,Units,1,One
DATAFLOW,OECD.ENV.EPI:DSD_LAND_USE@DF_LAND_USE(1.0),Land use,I,IRL,Ireland,A,Annual,FOREST,Forest,KM2,Square kilometres,2021,,8012.3,,A,Normal value,0,Units,1,One
DATAFLOW,OECD.ENV.EPI:DSD_LAND_USE@DF_LAND_USE(1.0),Land use,I,KOR,Korea,A,Annual,FOREST,Forest,KM2,Square kilometres,2021,,62942.3,,A,Normal value,0,Units,1,One
DATAFLOW,OECD.ENV.EPI:DSD_LAND_USE@DF_LAND_USE(1.0),Land use,I,LVA,Latvia,A,Annual,FOREST,Forest,KM2,Square kilometres,2021,,34407,,A,Normal value,0,Units,1,One
DATAFLOW,OECD.ENV.EPI:DSD_LAND_USE@DF_LAND_USE(1.0),Land use,I,MEX,Mexico,A,Annual,FOREST,Forest,KM2,Square kilometres,2021,,667766.5,,A,Normal value,0,Units,1,One
DATAFLOW,OECD.ENV.EPI:DSD_LAND_USE@DF_LAND_USE(1.0),Land use,I,PRT,Portugal,A,Annual,FOREST,Forest,KM2,Square kilometres,2021,,33400.4,,A,Normal value,0,Units,1,One
DATAFLOW,OECD.ENV.EPI:DSD_LAND_USE@DF_LAND_USE(1.0),Land use,I,SVK,Slovak Republic,A,Annual,FOREST,Forest,KM2,Square kilometres,2021,,19330.7,,A,Normal value,0,Units,1,One
DATAFLOW,OECD.ENV.EPI:DSD_LAND_USE@DF_LAND_USE(1.0),Land use,I,SVN,Slovenia,A,Annual,FOREST,Forest,KM2,Square kilometres,2021,,12437.7,,A,Normal value,0,Units,1,One
DATAFLOW,OECD.ENV.EPI:DSD_LAND_USE@DF_LAND_USE(1.0),Land use,I,CHE,Switzerland,A,Annual,FOREST,Forest,KM2,Square kilometres,2021,,12596.9,,A,Normal value,0,Units,1,One
DATAFLOW,OECD.ENV.EPI:DSD_LAND_USE@DF_LAND_USE(1.0),Land use,I,OECDSO,OECD Asia Oceania,A,Annual,FOREST,Forest,KM2,Square kilometres,2021,,1747310.75,,A,Normal value,0,Units,1,One
DATAFLOW,OECD.ENV.EPI:DSD_LAND_USE@DF_LAND_USE(1.0),Land use,I,DZA,Algeria,A,Annual,FOREST,Forest,KM2,Square kilometres,2021,,16940.6,,A,Normal value,0,Units,1,One
DATAFLOW,OECD.ENV.EPI:DSD_LAND_USE@DF_LAND_USE(1.0),Land use,I,AND,Andorra,A,Annual,FOREST,Forest,KM2,Square kilometres,2021,,181.7,,A,Normal value,0,Units,1,One
DATAFLOW,OECD.ENV.EPI:DSD_LAND_USE@DF_LAND_USE(1.0),Land use,I,ATG,Antigua and Barbuda,A,Annual,FOREST,Forest,KM2,Square kilometres,2021,,80.5,,A,Normal value,0,Units,1,One
DATAFLOW,OECD.ENV.EPI:DSD_LAND_USE@DF_LAND_USE(1.0),Land use,I,ARM,Armenia,A,Annual,FOREST,Forest,KM2,Square kilometres,2021,,3340.4,,A,Normal value,0,Units,1,One
DATAFLOW,OECD.ENV.EPI:DSD_LAND_USE@DF_LAND_USE(1.0),Land use,I,AZE,Azerbaijan,A,Annual,FOREST,Forest,KM2,Square kilometres,2021,,11716.8,,A,Normal value,0,Units,1,One
DATAFLOW,OECD.ENV.EPI:DSD_LAND_USE@DF_LAND_USE(1.0),Land use,I,BGD,Bangladesh,A,Annual,FOREST,Forest,KM2,Square kilometres,2021,,18773.7,,A,Normal value,0,Units,1,One
DATAFLOW,OECD.ENV.EPI:DSD_LAND_USE@DF_LAND_USE(1.0),Land use,I,BLZ,Belize,A,Annual,FOREST,Forest,KM2,Square kilometres,2021,,13451.8,,A,Normal value,0,Units,1,One
DATAFLOW,OECD.ENV.EPI:DSD_LAND_USE@DF_LAND_USE(1.0),Land use,I,BEN,Benin,A,Annual,FOREST,Forest,KM2,Square kilometres,2021,,32828,,A,Normal value,0,Units,1,One
DATAFLOW,OECD.ENV.EPI:DSD_LAND_USE@DF_LAND_USE(1.0),Land use,I,BTN,Bhutan,A,Annual,FOREST,Forest,KM2,Square kilometres,2021,,27086.8,,A,Normal value,0,Units,1,One
DATAFLOW,OECD.ENV.EPI:DSD_LAND_USE@DF_LAND_USE(1.0),Land use,I,KHM,Cambodia,A,Annual,FOREST,Forest,KM2,Square kilometres,2021,,75681.1,,A,Normal value,0,Units,1,One
DATAFLOW,OECD.ENV.EPI:DSD_LAND_USE@DF_LAND_USE(1.0),Land use,I,CMR,Cameroon,A,Annual,FOREST,Forest,KM2,Square kilometres,2021,,196110.4,,A,Normal value,0,Units,1,One
DATAFLOW,OECD.ENV.EPI:DSD_LAND_USE@DF_LAND_USE(1.0),Land use,I,TCD,Chad,A,Annual,FOREST,Forest,KM2,Square kilometres,2021,,41229.8,,A,Normal value,0,Units,1,One
DATAFLOW,OECD.ENV.EPI:DSD_LAND_USE@DF_LAND_USE(1.0),Land use,I,CIV,Côte d’Ivoire,A,Annual,FOREST,Forest,KM2,Square kilometres,2021,,40974.2,,A,Normal value,0,Units,1,One
DATAFLOW,OECD.ENV.EPI:DSD_LAND_USE@DF_LAND_USE(1.0),Land use,I,CYP,Cyprus,A,Annual,FOREST,Forest,KM2,Square kilometres,2021,,1723.7,,A,Normal value,0,Units,1,One
DATAFLOW,OECD.ENV.EPI:DSD_LAND_USE@DF_LAND_USE(1.0),Land use,I,PRK,Democratic People’s Republic of Korea,A,Annual,FOREST,Forest,KM2,Square kilometres,2021,,76825.09,,A,Normal value,0,Units,1,One
DATAFLOW,OECD.ENV.EPI:DSD_LAND_USE@DF_LAND_USE(1.0),Land use,I,DMA,Dominica,A,Annual,FOREST,Forest,KM2,Square kilometres,2021,,575.3,,A,Normal value,0,Units,1,One
DATAFLOW,OECD.ENV.EPI:DSD_LAND_USE@DF_LAND_USE(1.0),Land use,I,DOM,Dominican Republic,A,Annual,FOREST,Forest,KM2,Square kilometres,2021,,22309.7,,A,Normal value,0,Units,1,One
DATAFLOW,OECD.ENV.EPI:DSD_LAND_USE@DF_LAND_USE(1.0),Land use,I,EGY,Egypt,A,Annual,FOREST,Forest,KM2,Square kilometres,2021,,40.9,,A,Normal value,0,Units,1,One
DATAFLOW,OECD.ENV.EPI:DSD_LAND_USE@DF_LAND_USE(1.0),Land use,I,SLV,El Salvador,A,Annual,FOREST,Forest,KM2,Square kilometres,2021,,6815,,A,Normal value,0,Units,1,One
DATAFLOW,OECD.ENV.EPI:DSD_LAND_USE@DF_LAND_USE(1.0),Land use,I,FJI,Fiji,A,Annual,FOREST,Forest,KM2,Square kilometres,2021,,11180.7,,A,Normal value,0,Units,1,One
DATAFLOW,OECD.ENV.EPI:DSD_LAND_USE@DF_LAND_USE(1.0),Land use,I,GMB,Gambia,A,Annual,FOREST,Forest,KM2,Square kilometres,2021,,2356.1,,A,Normal value,0,Units,1,One
DATAFLOW,OECD.ENV.EPI:DSD_LAND_USE@DF_LAND_USE(1.0),Land use,I,GIN,Guinea,A,Annual,FOREST,Forest,KM2,Square kilometres,2021,,51253,,A,Normal value,0,Units,1,One
DATAFLOW,OECD.ENV.EPI:DSD_LAND_USE@DF_LAND_USE(1.0),Land use,I,GNB,Guinea-Bissau,A,Annual,FOREST,Forest,KM2,Square kilometres,2021,,21165.4,,A,Normal value,0,Units,1,One
DATAFLOW,OECD.ENV.EPI:DSD_LAND_USE@DF_LAND_USE(1.0),Land use,I,IRQ,Iraq,A,Annual,FOREST,Forest,KM2,Square kilometres,2021,,7189.7,,A,Normal value,0,Units,1,One
DATAFLOW,OECD.ENV.EPI:DSD_LAND_USE@DF_LAND_USE(1.0),Land use,I,JAM,Jamaica,A,Annual,FOREST,Forest,KM2,Square kilometres,2021,,6007.7,,A,Normal value,0,Units,1,One
DATAFLOW,OECD.ENV.EPI:DSD_LAND_USE@DF_LAND_USE(1.0),Land use,I,KGZ,Kyrgyzstan,A,Annual,FOREST,Forest,KM2,Square kilometres,2021,,12552.2,,A,Normal value,0,Units,1,One
DATAFLOW,OECD.ENV.EPI:DSD_LAND_USE@DF_LAND_USE(1.0),Land use,I,LBN,Lebanon,A,Annual,FOREST,Forest,KM2,Square kilometres,2021,,1409.4,,A,Normal value,0,Units,1,One
DATAFLOW,OECD.ENV.EPI:DSD_LAND_USE@DF_LAND_USE(1.0),Land use,I,LBY,Libya,A,Annual,FOREST,Forest,KM2,Square kilometres,2021,,2066.7,,A,Normal value,0,Units,1,One
DATAFLOW,OECD.ENV.EPI:DSD_LAND_USE@DF_LAND_USE(1.0),Land use,I,LIE,Liechtenstein,A,Annual,FOREST,Forest,KM2,Square kilometres,2021,,56.4,,A,Normal value,0,Units,1,One
DATAFLOW,OECD.ENV.EPI:DSD_LAND_USE@DF_LAND_USE(1.0),Land use,I,MLT,Malta,A,Annual,FOREST,Forest,KM2,Square kilometres,2021,,4.6,,A,Normal value,0,Units,1,One
DATAFLOW,OECD.ENV.EPI:DSD_LAND_USE@DF_LAND_USE(1.0),Land use,I,MTQ,Martinique,A,Annual,FOREST,Forest,KM2,Square kilometres,2021,,523.7,,A,Normal value,0,Units,1,One
DATAFLOW,OECD.ENV.EPI:DSD_LAND_USE@DF_LAND_USE(1.0),Land use,I,MYT,Mayotte,A,Annual,FOREST,Forest,KM2,Square kilometres,2021,,97.39999,,A,Normal value,0,Units,1,One
DATAFLOW,OECD.ENV.EPI:DSD_LAND_USE@DF_LAND_USE(1.0),Land use,I,MAR,Morocco,A,Annual,FOREST,Forest,KM2,Square kilometres,2021,,56940.8,,A,Normal value,0,Units,1,One
DATAFLOW,OECD.ENV.EPI:DSD_LAND_USE@DF_LAND_USE(1.0),Land use,I,NAM,Namibia,A,Annual,FOREST,Forest,KM2,Square kilometres,2021,,80455.4,,A,Normal value,0,Units,1,One
DATAFLOW,OECD.ENV.EPI:DSD_LAND_USE@DF_LAND_USE(1.0),Land use,I,NIC,Nicaragua,A,Annual,FOREST,Forest,KM2,Square kilometres,2021,,48692,,A,Normal value,0,Units,1,One
DATAFLOW,OECD.ENV.EPI:DSD_LAND_USE@DF_LAND_USE(1.0),Land use,I,MKD,North Macedonia,A,Annual,FOREST,Forest,KM2,Square kilometres,2021,,10390.8,,A,Normal value,0,Units,1,One
DATAFLOW,OECD.ENV.EPI:DSD_LAND_USE@DF_LAND_USE(1.0),Land use,I,PAK,Pakistan,A,Annual,FOREST,Forest,KM2,Square kilometres,2021,,31093.2,,A,Normal value,0,Units,1,One
DATAFLOW,OECD.ENV.EPI:DSD_LAND_USE@DF_LAND_USE(1.0),Land use,I,PAN,Panama,A,Annual,FOREST,Forest,KM2,Square kilometres,2021,,46266.7,,A,Normal value,0,Units,1,One
DATAFLOW,OECD.ENV.EPI:DSD_LAND_USE@DF_LAND_USE(1.0),Land use,I,REU,Réunion,A,Annual,FOREST,Forest,KM2,Square kilometres,2021,,770.9,,A,Normal value,0,Units,1,One
DATAFLOW,OECD.ENV.EPI:DSD_LAND_USE@DF_LAND_USE(1.0),Land use,I,ROU,Romania,A,Annual,FOREST,Forest,KM2,Square kilometres,2021,,69346.7,,A,Normal value,0,Units,1,One
DATAFLOW,OECD.ENV.EPI:DSD_LAND_USE@DF_LAND_USE(1.0),Land use,I,SPM,Saint Pierre and Miquelon,A,Annual,FOREST,Forest,KM2,Square kilometres,2021,,11.9,,A,Normal value,0,Units,1,One
DATAFLOW,OECD.ENV.EPI:DSD_LAND_USE@DF_LAND_USE(1.0),Land use,I,STP,Sao Tome and Principe,A,Annual,FOREST,Forest,KM2,Square kilometres,2021,,551.8,,A,Normal value,0,Units,1,One
DATAFLOW,OECD.ENV.EPI:DSD_LAND_USE@DF_LAND_USE(1.0),Land use,I,SYC,Seychelles,A,Annual,FOREST,Forest,KM2,Square kilometres,2021,,273.9,,A,Normal value,0,Units,1,One
DATAFLOW,OECD.ENV.EPI:DSD_LAND_USE@DF_LAND_USE(1.0),Land use,I,SLE,Sierra Leone,A,Annual,FOREST,Forest,KM2,Square kilometres,2021,,25151.7,,A,Normal value,0,Units,1,One
DATAFLOW,OECD.ENV.EPI:DSD_LAND_USE@DF_LAND_USE(1.0),Land use,I,SLB,Solomon Islands,A,Annual,FOREST,Forest,KM2,Square kilometres,2021,,25168.7,,A,Normal value,0,Units,1,One
DATAFLOW,OECD.ENV.EPI:DSD_LAND_USE@DF_LAND_USE(1.0),Land use,I,LKA,Sri Lanka,A,Annual,FOREST,Forest,KM2,Square kilometres,2021,,21404.7,,A,Normal value,0,Units,1,One
DATAFLOW,OECD.ENV.EPI:DSD_LAND_USE@DF_LAND_USE(1.0),Land use,I,SYR,Syrian Arab Republic,A,Annual,FOREST,Forest,KM2,Square kilometres,2021,,5276.8,,A,Normal value,0,Units,1,One
DATAFLOW,OECD.ENV.EPI:DSD_LAND_USE@DF_LAND_USE(1.0),Land use,I,THA,Thailand,A,Annual,FOREST,Forest,KM2,Square kilometres,2021,,201995.4,,A,Normal value,0,Units,1,One
DATAFLOW,OECD.ENV.EPI:DSD_LAND_USE@DF_LAND_USE(1.0),Land use,I,TLS,Timor-Leste,A,Annual,FOREST,Forest,KM2,Square kilometres,2021,,10577.2,,A,Normal value,0,Units,1,One
DATAFLOW,OECD.ENV.EPI:DSD_LAND_USE@DF_LAND_USE(1.0),Land use,I,TTO,Trinidad and Tobago,A,Annual,FOREST,Forest,KM2,Square kilometres,2021,,2277.5,,A,Normal value,0,Units,1,One
DATAFLOW,OECD.ENV.EPI:DSD_LAND_USE@DF_LAND_USE(1.0),Land use,I,TUN,Tunisia,A,Annual,FOREST,Forest,KM2,Square kilometres,2021,,6967,,A,Normal value,0,Units,1,One
DATAFLOW,OECD.ENV.EPI:DSD_LAND_USE@DF_LAND_USE(1.0),Land use,I,UGA,Uganda,A,Annual,FOREST,Forest,KM2,Square kilometres,2021,,24800.6,,A,Normal value,0,Units,1,One
DATAFLOW,OECD.ENV.EPI:DSD_LAND_USE@DF_LAND_USE(1.0),Land use,I,ARE,United Arab Emirates,A,Annual,FOREST,Forest,KM2,Square kilometres,2021,,3232.4,,A,Normal value,0,Units,1,One
DATAFLOW,OECD.ENV.EPI:DSD_LAND_USE@DF_LAND_USE(1.0),Land use,I,URY,Uruguay,A,Annual,FOREST,Forest,KM2,Square kilometres,2021,,19504.2,,A,Normal value,0,Units,1,One
DATAFLOW,OECD.ENV.EPI:DSD_LAND_USE@DF_LAND_USE(1.0),Land use,I,UZB,Uzbekistan,A,Annual,FOREST,Forest,KM2,Square kilometres,2021,,37300.4,,A,Normal value,0,Units,1,One
DATAFLOW,OECD.ENV.EPI:DSD_LAND_USE@DF_LAND_USE(1.0),Land use,I,VUT,Vanuatu,A,Annual,FOREST,Forest,KM2,Square kilometres,2021,,9169.8,,A,Normal value,0,Units,1,One
DATAFLOW,OECD.ENV.EPI:DSD_LAND_USE@DF_LAND_USE(1.0),Land use,I,AUS,Australia,A,Annual,FOREST,Forest,PT_LAR,Percentage of land area,2021,,17.33553,,A,Normal value,0,Units,1,One
DATAFLOW,OECD.ENV.EPI:DSD_LAND_USE@DF_LAND_USE(1.0),Land use,I,BEL,Belgium,A,Annual,FOREST,Forest,PT_LAR,Percentage of land area,2021,,21.98859,,A,Normal value,0,Units,1,One
DATAFLOW,OECD.ENV.EPI:DSD_LAND_USE@DF_LAND_USE(1.0),Land use,I,CAN,Canada,A,Annual,FOREST,Forest,PT_LAR,Percentage of land area,2021,,41.96959,,A,Normal value,0,Units,1,One
DATAFLOW,OECD.ENV.EPI:DSD_LAND_USE@DF_LAND_USE(1.0),Land use,I,CZE,Czechia,A,Annual,FOREST,Forest,PT_LAR,Percentage of land area,2021,,37.98835,,A,Normal value,0,Units,1,One
DATAFLOW,OECD.ENV.EPI:DSD_LAND_USE@DF_LAND_USE(1.0),Land use,I,DNK,Denmark,A,Annual,FOREST,Forest,PT_LAR,Percentage of land area,2021,,15.867,,A,Normal value,0,Units,1,One
DATAFLOW,OECD.ENV.EPI:DSD_LAND_USE@DF_LAND_USE(1.0),Land use,I,FIN,Finland,A,Annual,FOREST,Forest,PT_LAR,Percentage of land area,2021,,74.16737,,A,Normal value,0,Units,1,One
DATAFLOW,OECD.ENV.EPI:DSD_LAND_USE@DF_LAND_USE(1.0),Land use,I,FRA,France,A,Annual,FOREST,Forest,PT_LAR,Percentage of land area,2021,,32.35439,,A,Normal value,0,Units,1,One
DATAFLOW,OECD.ENV.EPI:DSD_LAND_USE@DF_LAND_USE(1.0),Land use,I,DEU,Germany,A,Annual,FOREST,Forest,PT_LAR,Percentage of land area,2021,,32.80632,,A,Normal value,0,Units,1,One
DATAFLOW,OECD.ENV.EPI:DSD_LAND_USE@DF_LAND_USE(1.0),Land use,I,GRC,Greece,A,Annual,FOREST,Forest,PT_LAR,Percentage of land area,2021,,36.94957,,A,Normal value,0,Units,1,One
DATAFLOW,OECD.ENV.EPI:DSD_LAND_USE@DF_LAND_USE(1.0),Land use,I,ISR,Israel,A,Annual,FOREST,Forest,PT_LAR,Percentage of land area,2021,,6.561923,,A,Normal value,0,Units,1,One
DATAFLOW,OECD.ENV.EPI:DSD_LAND_USE@DF_LAND_USE(1.0),Land use,I,ITA,Italy,A,Annual,FOREST,Forest,PT_LAR,Percentage of land area,2021,,31.69246,,A,Normal value,0,Units,1,One
DATAFLOW,OECD.ENV.EPI:DSD_LAND_USE@DF_LAND_USE(1.0),Land use,I,JPN,Japan,A,Annual,FOREST,Forest,PT_LAR,Percentage of land area,2021,,68.35885,,A,Normal value,0,Units,1,One
DATAFLOW,OECD.ENV.EPI:DSD_LAND_USE@DF_LAND_USE(1.0),Land use,I,LTU,Lithuania,A,Annual,FOREST,Forest,PT_LAR,Percentage of land area,2021,,35.21833,,A,Normal value,0,Units,1,One
DATAFLOW,OECD.ENV.EPI:DSD_LAND_USE@DF_LAND_USE(1.0),Land use,I,LUX,Luxembourg,A,Annual,FOREST,Forest,PT_LAR,Percentage of land area,2021,,34.45382,,A,Normal value,0,Units,1,One
DATAFLOW,OECD.ENV.EPI:DSD_LAND_USE@DF_LAND_USE(1.0),Land use,I,NLD,Netherlands,A,Annual,FOREST,Forest,PT_LAR,Percentage of land area,2021,,10.91565,,A,Normal value,0,Units,1,One
DATAFLOW,OECD.ENV.EPI:DSD_LAND_USE@DF_LAND_USE(1.0),Land use,I,POL,Poland,A,Annual,FOREST,Forest,PT_LAR,Percentage of land area,2021,,30.93878,,A,Normal value,0,Units,1,One
DATAFLOW,OECD.ENV.EPI:DSD_LAND_USE@DF_LAND_USE(1.0),Land use,I,ESP,Spain,A,Annual,FOREST,Forest,PT_LAR,Percentage of land area,2021,,38.0447,,A,Normal value,0,Units,1,One
DATAFLOW,OECD.ENV.EPI:DSD_LAND_USE@DF_LAND_USE(1.0),Land use,I,SWE,Sweden,A,Annual,FOREST,Forest,PT_LAR,Percentage of land area,2021,,68.58672,,A,Normal value,0,Units,1,One
DATAFLOW,OECD.ENV.EPI:DSD_LAND_USE@DF_LAND_USE(1.0),Land use,I,TUR,Türkiye,A,Annual,FOREST,Forest,PT_LAR,Percentage of land area,2021,,29.02361,,A,Normal value,0,Units,1,One
DATAFLOW,OECD.ENV.EPI:DSD_LAND_USE@DF_LAND_USE(1.0),Land use,I,GBR,United Kingdom,A,Annual,FOREST,Forest,PT_LAR,Percentage of land area,2021,,13.34105,,A,Normal value,0,Units,1,One
DATAFLOW,OECD.ENV.EPI:DSD_LAND_USE@DF_LAND_USE(1.0),Land use,I,USA,United States,A,Annual,FOREST,Forest,PT_LAR,Percentage of land area,2021,,33.80002,,A,Normal value,0,Units,1,One
DATAFLOW,OECD.ENV.EPI:DSD_LAND_USE@DF_LAND_USE(1.0),Land use,I,OECDE,OECD Europe,A,Annual,FOREST,Forest,PT_LAR,Percentage of land area,2021,,36.67552,,A,Normal value,0,Units,1,One
DATAFLOW,OECD.ENV.EPI:DSD_LAND_USE@DF_LAND_USE(1.0),Land use,I,AFG,Afghanistan,A,Annual,FOREST,Forest,PT_LAR,Percentage of land area,2021,,1.854315,,A,Normal value,0,Units,1,One
DATAFLOW,OECD.ENV.EPI:DSD_LAND_USE@DF_LAND_USE(1.0),Land use,I,ALB,Albania,A,Annual,FOREST,Forest,PT_LAR,Percentage of land area,2021,,34.34307,,A,Normal value,0,Units,1,One
DATAFLOW,OECD.ENV.EPI:DSD_LAND_USE@DF_LAND_USE(1.0),Land use,I,ASM,American Samoa,A,Annual,FOREST,Forest,PT_LAR,Percentage of land area,2021,,79.25,,A,Normal value,0,Units,1,One
DATAFLOW,OECD.ENV.EPI:DSD_LAND_USE@DF_LAND_USE(1.0),Land use,I,AGO,Angola,A,Annual,FOREST,Forest,PT_LAR,Percentage of land area,2021,,52.38025,,A,Normal value,0,Units,1,One
DATAFLOW,OECD.ENV.EPI:DSD_LAND_USE@DF_LAND_USE(1.0),Land use,I,AIA,Anguilla,A,Annual,FOREST,Forest,PT_LAR,Percentage of land area,2021,,61.11111,,A,Normal value,0,Units,1,One
DATAFLOW,OECD.ENV.EPI:DSD_LAND_USE@DF_LAND_USE(1.0),Land use,I,ARG,Argentina,A,Annual,FOREST,Forest,PT_LAR,Percentage of land area,2021,,17.28952,,A,Normal value,0,Units,1,One
DATAFLOW,OECD.ENV.EPI:DSD_LAND_USE@DF_LAND_USE(1.0),Land use,I,ABW,Aruba,A,Annual,FOREST,Forest,PT_LAR,Percentage of land area,2021,,2.722222,,A,Normal value,0,Units,1,One
DATAFLOW,OECD.ENV.EPI:DSD_LAND_USE@DF_LAND_USE(1.0),Land use,I,BHS,Bahamas,A,Annual,FOREST,Forest,PT_LAR,Percentage of land area,2021,,50.93506,,A,Normal value,0,Units,1,One
DATAFLOW,OECD.ENV.EPI:DSD_LAND_USE@DF_LAND_USE(1.0),Land use,I,BHR,Bahrain,A,Annual,FOREST,Forest,PT_LAR,Percentage of land area,2021,,3.101266,,A,Normal value,0,Units,1,One
DATAFLOW,OECD.ENV.EPI:DSD_LAND_USE@DF_LAND_USE(1.0),Land use,I,BRB,Barbados,A,Annual,FOREST,Forest,PT_LAR,Percentage of land area,2021,,14.65116,,A,Normal value,0,Units,1,One
DATAFLOW,OECD.ENV.EPI:DSD_LAND_USE@DF_LAND_USE(1.0),Land use,I,BMU,Bermuda,A,Annual,FOREST,Forest,PT_LAR,Percentage of land area,2021,,14.44444,,A,Normal value,0,Units,1,One
DATAFLOW,OECD.ENV.EPI:DSD_LAND_USE@DF_LAND_USE(1.0),Land use,I,BIH,Bosnia and Herzegovina,A,Annual,FOREST,Forest,PT_LAR,Percentage of land area,2021,,42.14687,,A,Normal value,0,Units,1,One
DATAFLOW,OECD.ENV.EPI:DSD_LAND_USE@DF_LAND_USE(1.0),Land use,I,BWA,Botswana,A,Annual,FOREST,Forest,PT_LAR,Percentage of land area,2021,,27.75607,,A,Normal value,0,Units,1,One
DATAFLOW,OECD.ENV.EPI:DSD_LAND_USE@DF_LAND_USE(1.0),Land use,I,BRA,Brazil,A,Annual,FOREST,Forest,PT_LAR,Percentage of land area,2021,,59.71554,,A,Normal value,0,Units,1,One
DATAFLOW,OECD.ENV.EPI:DSD_LAND_USE@DF_LAND_USE(1.0),Land use,I,VGB,British Virgin Islands,A,Annual,FOREST,Forest,PT_LAR,Percentage of land area,2021,,66.46667,,A,Normal value,0,Units,1,One
DATAFLOW,OECD.ENV.EPI:DSD_LAND_USE@DF_LAND_USE(1.0),Land use,I,BRN,Brunei Darussalam,A,Annual,FOREST,Forest,PT_LAR,Percentage of land area,2021,,72.10626,,A,Normal value,0,Units,1,One
DATAFLOW,OECD.ENV.EPI:DSD_LAND_USE@DF_LAND_USE(1.0),Land use,I,BGR,Bulgaria,A,Annual,FOREST,Forest,PT_LAR,Percentage of land area,2021,,36.00405,,A,Normal value,0,Units,1,One
DATAFLOW,OECD.ENV.EPI:DSD_LAND_USE@DF_LAND_USE(1.0),Land use,I,BFA,Burkina Faso,A,Annual,FOREST,Forest,PT_LAR,Percentage of land area,2021,,13.58337,,A,Normal value,0,Units,1,One
DATAFLOW,OECD.ENV.EPI:DSD_LAND_USE@DF_LAND_USE(1.0),Land use,I,BDI,Burundi,A,Annual,FOREST,Forest,PT_LAR,Percentage of land area,2021,,10.88941,,A,Normal value,0,Units,1,One
DATAFLOW,OECD.ENV.EPI:DSD_LAND_USE@DF_LAND_USE(1.0),Land use,I,CPV,Cabo Verde,A,Annual,FOREST,Forest,PT_LAR,Percentage of land area,2021,,12.05459,,A,Normal value,0,Units,1,One
DATAFLOW,OECD.ENV.EPI:DSD_LAND_USE@DF_LAND_USE(1.0),Land use,I,CYM,Cayman Islands,A,Annual,FOREST,Forest,PT_LAR,Percentage of land area,2021,,53,,A,Normal value,0,Units,1,One
DATAFLOW,OECD.ENV.EPI:DSD_LAND_USE@DF_LAND_USE(1.0),Land use,I,CAF,Central African Republic,A,Annual,FOREST,Forest,PT_LAR,Percentage of land area,2021,,72.68446,,A,Normal value,0,Units,1,One
DATAFLOW,OECD.ENV.EPI:DSD_LAND_USE@DF_LAND_USE(1.0),Land use,I,CHN,China (People’s Republic of),A,Annual,FOREST,Forest,PT_LAR,Percentage of land area,2021,,23.41814,,A,Normal value,0,Units,1,One
DATAFLOW,OECD.ENV.EPI:DSD_LAND_USE@DF_LAND_USE(1.0),Land use,I,COM,Comoros,A,Annual,FOREST,Forest,PT_LAR,Percentage of land area,2021,,17.71628,,A,Normal value,0,Units,1,One
DATAFLOW,OECD.ENV.EPI:DSD_LAND_USE@DF_LAND_USE(1.0),Land use,I,COG,Congo,A,Annual,FOREST,Forest,PT_LAR,Percentage of land area,2021,,63.82957,,A,Normal value,0,Units,1,One
DATAFLOW,OECD.ENV.EPI:DSD_LAND_USE@DF_LAND_USE(1.0),Land use,I,COK,Cook Islands,A,Annual,FOREST,Forest,PT_LAR,Percentage of land area,2021,,64.95833,,A,Normal value,0,Units,1,One
DATAFLOW,OECD.ENV.EPI:DSD_LAND_USE@DF_LAND_USE(1.0),Land use,I,HRV,Croatia,A,Annual,FOREST,Forest,PT_LAR,Percentage of land area,2021,,34.68406,,A,Normal value,0,Units,1,One
DATAFLOW,OECD.ENV.EPI:DSD_LAND_USE@DF_LAND_USE(1.0),Land use,I,CUB,Cuba,A,Annual,FOREST,Forest,PT_LAR,Percentage of land area,2021,,34.8133,,A,Normal value,0,Units,1,One
DATAFLOW,OECD.ENV.EPI:DSD_LAND_USE@DF_LAND_USE(1.0),Land use,I,CUW,Curaçao,A,Annual,FOREST,Forest,PT_LAR,Percentage of land area,2021,,0.1576577,,A,Normal value,0,Units,1,One
DATAFLOW,OECD.ENV.EPI:DSD_LAND_USE@DF_LAND_USE(1.0),Land use,I,COD,Democratic Republic of the Congo,A,Annual,FOREST,Forest,PT_LAR,Percentage of land area,2021,,61.89569,,A,Normal value,0,Units,1,One
DATAFLOW,OECD.ENV.EPI:DSD_LAND_USE@DF_LAND_USE(1.0),Land use,I,DJI,Djibouti,A,Annual,FOREST,Forest,PT_LAR,Percentage of land area,2021,,0.2540984,,A,Normal value,0,Units,1,One
DATAFLOW,OECD.ENV.EPI:DSD_LAND_USE@DF_LAND_USE(1.0),Land use,I,GNQ,Equatorial Guinea,A,Annual,FOREST,Forest,PT_LAR,Percentage of land area,2021,,86.98967,,A,Normal value,0,Units,1,One
DATAFLOW,OECD.ENV.EPI:DSD_LAND_USE@DF_LAND_USE(1.0),Land use,I,SWZ,Eswatini,A,Annual,FOREST,Forest,PT_LAR,Percentage of land area,2021,,25.52733,,A,Normal value,0,Units,1,One
DATAFLOW,OECD.ENV.EPI:DSD_LAND_USE@DF_LAND_USE(1.0),Land use,I,FRO,Faroe Islands,A,Annual,FOREST,Forest,PT_LAR,Percentage of land area,2021,,0.05839416,,A,Normal value,0,Units,1,One
DATAFLOW,OECD.ENV.EPI:DSD_LAND_USE@DF_LAND_USE(1.0),Land use,I,GUF,French Guiana,A,Annual,FOREST,Forest,PT_LAR,Percentage of land area,2021,,96.59063,,A,Normal value,0,Units,1,One
DATAFLOW,OECD.ENV.EPI:DSD_LAND_USE@DF_LAND_USE(1.0),Land use,I,PYF,French Polynesia,A,Annual,FOREST,Forest,PT_LAR,Percentage of land area,2021,,43.05964,,A,Normal value,0,Units,1,One
DATAFLOW,OECD.ENV.EPI:DSD_LAND_USE@DF_LAND_USE(1.0),Land use,I,GEO,Georgia,A,Annual,FOREST,Forest,PT_LAR,Percentage of land area,2021,,44.61793,,A,Normal value,0,Units,1,One
DATAFLOW,OECD.ENV.EPI:DSD_LAND_USE@DF_LAND_USE(1.0),Land use,I,GHA,Ghana,A,Annual,FOREST,Forest,PT_LAR,Percentage of land area,2021,,30.38451,,A,Normal value,0,Units,1,One
DATAFLOW,OECD.ENV.EPI:DSD_LAND_USE@DF_LAND_USE(1.0),Land use,I,GRL,Greenland,A,Annual,FOREST,Forest,PT_LAR,Percentage of land area,2021,,0.0005359971,,A,Normal value,0,Units,1,One
DATAFLOW,OECD.ENV.EPI:DSD_LAND_USE@DF_LAND_USE(1.0),Land use,I,GRD,Grenada,A,Annual,FOREST,Forest,PT_LAR,Percentage of land area,2021,,52.05882,,A,Normal value,0,Units,1,One
DATAFLOW,OECD.ENV.EPI:DSD_LAND_USE@DF_LAND_USE(1.0),Land use,I,GLP,Guadeloupe,A,Annual,FOREST,Forest,PT_LAR,Percentage of land area,2021,,46,,A,Normal value,0,Units,1,One
DATAFLOW,OECD.ENV.EPI:DSD_LAND_USE@DF_LAND_USE(1.0),Land use,I,GUM,Guam,A,Annual,FOREST,Forest,PT_LAR,Percentage of land area,2021,,52.35185,,A,Normal value,0,Units,1,One
DATAFLOW,OECD.ENV.EPI:DSD_LAND_USE@DF_LAND_USE(1.0),Land use,I,GTM,Guatemala,A,Annual,FOREST,Forest,PT_LAR,Percentage of land area,2021,,33.48647,,A,Normal value,0,Units,1,One
DATAFLOW,OECD.ENV.EPI:DSD_LAND_USE@DF_LAND_USE(1.0),Land use,I,GUY,Guyana,A,Annual,FOREST,Forest,PT_LAR,Percentage of land area,2021,,87.18249,,A,Normal value,0,Units,1,One
DATAFLOW,OECD.ENV.EPI:DSD_LAND_USE@DF_LAND_USE(1.0),Land use,I,HTI,Haiti,A,Annual,FOREST,Forest,PT_LAR,Percentage of land area,2021,,13.29826,,A,Normal value,0,Units,1,One
DATAFLOW,OECD.ENV.EPI:DSD_LAND_USE@DF_LAND_USE(1.0),Land use,I,HND,Honduras,A,Annual,FOREST,Forest,PT_LAR,Percentage of land area,2021,,54.18009,,A,Normal value,0,Units,1,One
DATAFLOW,OECD.ENV.EPI:DSD_LAND_USE@DF_LAND_USE(1.0),Land use,I,IND,India,A,Annual,FOREST,Forest,PT_LAR,Percentage of land area,2021,,24.34927,,A,Normal value,0,Units,1,One
DATAFLOW,OECD.ENV.EPI:DSD_LAND_USE@DF_LAND_USE(1.0),Land use,I,IDN,Indonesia,A,Annual,FOREST,Forest,PT_LAR,Percentage of land area,2021,,50.53663,,A,Normal value,0,Units,1,One
DATAFLOW,OECD.ENV.EPI:DSD_LAND_USE@DF_LAND_USE(1.0),Land use,I,IRN,Iran,A,Annual,FOREST,Forest,PT_LAR,Percentage of land area,2021,,6.626194,,A,Normal value,0,Units,1,One
DATAFLOW,OECD.ENV.EPI:DSD_LAND_USE@DF_LAND_USE(1.0),Land use,I,JOR,Jordan,A,Annual,FOREST,Forest,PT_LAR,Percentage of land area,2021,,0.796225,,A,Normal value,0,Units,1,One
DATAFLOW,OECD.ENV.EPI:DSD_LAND_USE@DF_LAND_USE(1.0),Land use,I,KAZ,Kazakhstan,A,Annual,FOREST,Forest,PT_LAR,Percentage of land area,2021,,1.283442,,A,Normal value,0,Units,1,One
DATAFLOW,OECD.ENV.EPI:DSD_LAND_USE@DF_LAND_USE(1.0),Land use,I,KEN,Kenya,A,Annual,FOREST,Forest,PT_LAR,Percentage of land area,2021,,6.293818,,A,Normal value,0,Units,1,One
DATAFLOW,OECD.ENV.EPI:DSD_LAND_USE@DF_LAND_USE(1.0),Land use,I,KIR,Kiribati,A,Annual,FOREST,Forest,PT_LAR,Percentage of land area,2021,,1.320988,,A,Normal value,0,Units,1,One
DATAFLOW,OECD.ENV.EPI:DSD_LAND_USE@DF_LAND_USE(1.0),Land use,I,KWT,Kuwait,A,Annual,FOREST,Forest,PT_LAR,Percentage of land area,2021,,0.3535354,,A,Normal value,0,Units,1,One
DATAFLOW,OECD.ENV.EPI:DSD_LAND_USE@DF_LAND_USE(1.0),Land use,I,LSO,Lesotho,A,Annual,FOREST,Forest,PT_LAR,Percentage of land area,2021,,1.137022,,A,Normal value,0,Units,1,One
DATAFLOW,OECD.ENV.EPI:DSD_LAND_USE@DF_LAND_USE(1.0),Land use,I,LBR,Liberia,A,Annual,FOREST,Forest,PT_LAR,Percentage of land area,2021,,67.36752,,A,Normal value,0,Units,1,One
DATAFLOW,OECD.ENV.EPI:DSD_LAND_USE@DF_LAND_USE(1.0),Land use,I,MWI,Malawi,A,Annual,FOREST,Forest,PT_LAR,Percentage of land area,2021,,23.33157,,A,Normal value,0,Units,1,One
DATAFLOW,OECD.ENV.EPI:DSD_LAND_USE@DF_LAND_USE(1.0),Land use,I,MYS,Malaysia,A,Annual,FOREST,Forest,PT_LAR,Percentage of land area,2021,,58.20953,,A,Normal value,0,Units,1,One
DATAFLOW,OECD.ENV.EPI:DSD_LAND_USE@DF_LAND_USE(1.0),Land use,I,MDV,Maldives,A,Annual,FOREST,Forest,PT_LAR,Percentage of land area,2021,,12.4,,A,Normal value,0,Units,1,One
DATAFLOW,OECD.ENV.EPI:DSD_LAND_USE@DF_LAND_USE(1.0),Land use,I,MHL,Marshall Islands,A,Annual,FOREST,Forest,PT_LAR,Percentage of land area,2021,,53.94444,,A,Normal value,0,Units,1,One
DATAFLOW,OECD.ENV.EPI:DSD_LAND_USE@DF_LAND_USE(1.0),Land use,I,MRT,Mauritania,A,Annual,FOREST,Forest,PT_LAR,Percentage of land area,2021,,0.9785679,,A,Normal value,0,Units,1,One
DATAFLOW,OECD.ENV.EPI:DSD_LAND_USE@DF_LAND_USE(1.0),Land use,I,FSM,Micronesia,A,Annual,FOREST,Forest,PT_LAR,Percentage of land area,2021,,92.07143,,A,Normal value,0,Units,1,One
DATAFLOW,OECD.ENV.EPI:DSD_LAND_USE@DF_LAND_USE(1.0),Land use,I,MDA,Moldova,A,Annual,FOREST,Forest,PT_LAR,Percentage of land area,2021,,11.32928,,A,Normal value,0,Units,1,One
DATAFLOW,OECD.ENV.EPI:DSD_LAND_USE@DF_LAND_USE(1.0),Land use,I,MNG,Mongolia,A,Annual,FOREST,Forest,PT_LAR,Percentage of land area,2021,,9.103221,,A,Normal value,0,Units,1,One
DATAFLOW,OECD.ENV.EPI:DSD_LAND_USE@DF_LAND_USE(1.0),Land use,I,MSR,Montserrat,A,Annual,FOREST,Forest,PT_LAR,Percentage of land area,2021,,24.2,,A,Normal value,0,Units,1,One
DATAFLOW,OECD.ENV.EPI:DSD_LAND_USE@DF_LAND_USE(1.0),Land use,I,MOZ,Mozambique,A,Annual,FOREST,Forest,PT_LAR,Percentage of land area,2021,,42.35994,,A,Normal value,0,Units,1,One
DATAFLOW,OECD.ENV.EPI:DSD_LAND_USE@DF_LAND_USE(1.0),Land use,I,MMR,Myanmar,A,Annual,FOREST,Forest,PT_LAR,Percentage of land area,2021,,43.29013,,A,Normal value,0,Units,1,One
DATAFLOW,OECD.ENV.EPI:DSD_LAND_USE@DF_LAND_USE(1.0),Land use,I,NPL,Nepal,A,Annual,FOREST,Forest,PT_LAR,Percentage of land area,2021,,43.2503,,A,Normal value,0,Units,1,One
DATAFLOW,OECD.ENV.EPI:DSD_LAND_USE@DF_LAND_USE(1.0),Land use,I,NER,Niger,A,Annual,FOREST,Forest,PT_LAR,Percentage of land area,2021,,0.8484883,,A,Normal value,0,Units,1,One
DATAFLOW,OECD.ENV.EPI:DSD_LAND_USE@DF_LAND_USE(1.0),Land use,I,NGA,Nigeria,A,Annual,FOREST,Forest,PT_LAR,Percentage of land area,2021,,19.36547,,A,Normal value,0,Units,1,One
DATAFLOW,OECD.ENV.EPI:DSD_LAND_USE@DF_LAND_USE(1.0),Land use,I,NIU,Niue,A,Annual,FOREST,Forest,PT_LAR,Percentage of land area,2021,,72.57693,,A,Normal value,0,Units,1,One
DATAFLOW,OECD.ENV.EPI:DSD_LAND_USE@DF_LAND_USE(1.0),Land use,I,MNP,Northern Mariana Islands,A,Annual,FOREST,Forest,PT_LAR,Percentage of land area,2021,,52.95652,,A,Normal value,0,Units,1,One
DATAFLOW,OECD.ENV.EPI:DSD_LAND_USE@DF_LAND_USE(1.0),Land use,I,OMN,Oman,A,Annual,FOREST,Forest,PT_LAR,Percentage of land area,2021,,0.005169629,,A,Normal value,0,Units,1,One
DATAFLOW,OECD.ENV.EPI:DSD_LAND_USE@DF_LAND_USE(1.0),Land use,I,PNG,Papua New Guinea,A,Annual,FOREST,Forest,PT_LAR,Percentage of land area,2021,,75.17547,,A,Normal value,0,Units,1,One
DATAFLOW,OECD.ENV.EPI:DSD_LAND_USE@DF_LAND_USE(1.0),Land use,I,PRY,Paraguay,A,Annual,FOREST,Forest,PT_LAR,Percentage of land area,2021,,37.63461,,A,Normal value,0,Units,1,One
DATAFLOW,OECD.ENV.EPI:DSD_LAND_USE@DF_LAND_USE(1.0),Land use,I,PER,Peru,A,Annual,FOREST,Forest,PT_LAR,Percentage of land area,2021,,53.404,,A,Normal value,0,Units,1,One
DATAFLOW,OECD.ENV.EPI:DSD_LAND_USE@DF_LAND_USE(1.0),Land use,I,PHL,Philippines,A,Annual,FOREST,Forest,PT_LAR,Percentage of land area,2021,,24.37817,,A,Normal value,0,Units,1,One
DATAFLOW,OECD.ENV.EPI:DSD_LAND_USE@DF_LAND_USE(1.0),Land use,I,PCN,Pitcairn,A,Annual,FOREST,Forest,PT_LAR,Percentage of land area,2021,,78.51064,,A,Normal value,0,Units,1,One
DATAFLOW,OECD.ENV.EPI:DSD_LAND_USE@DF_LAND_USE(1.0),Land use,I,PRI,Puerto Rico,A,Annual,FOREST,Forest,PT_LAR,Percentage of land area,2021,,51.51071,,A,Normal value,0,Units,1,One
DATAFLOW,OECD.ENV.EPI:DSD_LAND_USE@DF_LAND_USE(1.0),Land use,I,QAT,Qatar,A,Annual,FOREST,Forest,PT_LAR,Percentage of land area,2021,,0.1218451,,A,Normal value,0,Units,1,One
DATAFLOW,OECD.ENV.EPI:DSD_LAND_USE@DF_LAND_USE(1.0),Land use,I,RUS,Russia,A,Annual,FOREST,Forest,PT_LAR,Percentage of land area,2021,,50.63677,,A,Normal value,0,Units,1,One
DATAFLOW,OECD.ENV.EPI:DSD_LAND_USE@DF_LAND_USE(1.0),Land use,I,KNA,Saint Kitts and Nevis,A,Annual,FOREST,Forest,PT_LAR,Percentage of land area,2021,,42.30769,,A,Normal value,0,Units,1,One
DATAFLOW,OECD.ENV.EPI:DSD_LAND_USE@DF_LAND_USE(1.0),Land use,I,LCA,Saint Lucia,A,Annual,FOREST,Forest,PT_LAR,Percentage of land area,2021,,53.50819,,A,Normal value,0,Units,1,One
DATAFLOW,OECD.ENV.EPI:DSD_LAND_USE@DF_LAND_USE(1.0),Land use,I,VCT,Saint Vincent and the Grenadines,A,Annual,FOREST,Forest,PT_LAR,Percentage of land area,2021,,73.23077,,A,Normal value,0,Units,1,One
DATAFLOW,OECD.ENV.EPI:DSD_LAND_USE@DF_LAND_USE(1.0),Land use,I,WSM,Samoa,A,Annual,FOREST,Forest,PT_LAR,Percentage of land area,2021,,58.15827,,A,Normal value,0,Units,1,One
DATAFLOW,OECD.ENV.EPI:DSD_LAND_USE@DF_LAND_USE(1.0),Land use,I,SMR,San Marino,A,Annual,FOREST,Forest,PT_LAR,Percentage of land area,2021,,16.66667,,A,Normal value,0,Units,1,One
DATAFLOW,OECD.ENV.EPI:DSD_LAND_USE@DF_LAND_USE(1.0),Land use,I,SAU,Saudi Arabia,A,Annual,FOREST,Forest,PT_LAR,Percentage of land area,2021,,1.288349,,A,Normal value,0,Units,1,One
DATAFLOW,OECD.ENV.EPI:DSD_LAND_USE@DF_LAND_USE(1.0),Land use,I,SEN,Senegal,A,Annual,FOREST,Forest,PT_LAR,Percentage of land area,2021,,45.24739,,A,Normal value,0,Units,1,One
DATAFLOW,OECD.ENV.EPI:DSD_LAND_USE@DF_LAND_USE(1.0),Land use,I,ZAF,South Africa,A,Annual,FOREST,Forest,PT_LAR,Percentage of land area,2021,,18.57336,,A,Normal value,0,Units,1,One
DATAFLOW,OECD.ENV.EPI:DSD_LAND_USE@DF_LAND_USE(1.0),Land use,I,SDN,Sudan,A,Annual,FOREST,Forest,PT_LAR,Percentage of land area,2021,,12.1397,,A,Normal value,0,Units,1,One
DATAFLOW,OECD.ENV.EPI:DSD_LAND_USE@DF_LAND_USE(1.0),Land use,I,TJK,Tajikistan,A,Annual,FOREST,Forest,PT_LAR,Percentage of land area,2021,,3.049932,,A,Normal value,0,Units,1,One
DATAFLOW,OECD.ENV.EPI:DSD_LAND_USE@DF_LAND_USE(1.0),Land use,I,TGO,Togo,A,Annual,FOREST,Forest,PT_LAR,Percentage of land area,2021,,22.28902,,A,Normal value,0,Units,1,One
DATAFLOW,OECD.ENV.EPI:DSD_LAND_USE@DF_LAND_USE(1.0),Land use,I,TON,Tonga,A,Annual,FOREST,Forest,PT_LAR,Percentage of land area,2021,,12.125,,A,Normal value,0,Units,1,One
DATAFLOW,OECD.ENV.EPI:DSD_LAND_USE@DF_LAND_USE(1.0),Land use,I,TKM,Turkmenistan,A,Annual,FOREST,Forest,PT_LAR,Percentage of land area,2021,,4.958185,,A,Normal value,0,Units,1,One
DATAFLOW,OECD.ENV.EPI:DSD_LAND_USE@DF_LAND_USE(1.0),Land use,I,TCA,Turks and Caicos Islands,A,Annual,FOREST,Forest,PT_LAR,Percentage of land area,2021,,11.07368,,A,Normal value,0,Units,1,One
DATAFLOW,OECD.ENV.EPI:DSD_LAND_USE@DF_LAND_USE(1.0),Land use,I,TUV,Tuvalu,A,Annual,FOREST,Forest,PT_LAR,Percentage of land area,2021,,34.33333,,A,Normal value,0,Units,1,One
DATAFLOW,OECD.ENV.EPI:DSD_LAND_USE@DF_LAND_USE(1.0),Land use,I,UKR,Ukraine,A,Annual,FOREST,Forest,PT_LAR,Percentage of land area,2021,,17.15223,,A,Normal value,0,Units,1,One
DATAFLOW,OECD.ENV.EPI:DSD_LAND_USE@DF_LAND_USE(1.0),Land use,I,VIR,United States Virgin Islands,A,Annual,FOREST,Forest,PT_LAR,Percentage of land area,2021,,57.31428,,A,Normal value,0,Units,1,One
DATAFLOW,OECD.ENV.EPI:DSD_LAND_USE@DF_LAND_USE(1.0),Land use,I,VNM,Viet Nam,A,Annual,FOREST,Forest,PT_LAR,Percentage of land area,2021,,46.89991,,A,Normal value,0,Units,1,One
DATAFLOW,OECD.ENV.EPI:DSD_LAND_USE@DF_LAND_USE(1.0),Land use,I,WLF,Wallis and Futuna,A,Annual,FOREST,Forest,PT_LAR,Percentage of land area,2021,,74.71429,,A,Normal value,0,Units,1,One
DATAFLOW,OECD.ENV.EPI:DSD_LAND_USE@DF_LAND_USE(1.0),Land use,I,YEM,Yemen,A,Annual,FOREST,Forest,PT_LAR,Percentage of land area,2021,,1.039832,,A,Normal value,0,Units,1,One
DATAFLOW,OECD.ENV.EPI:DSD_LAND_USE@DF_LAND_USE(1.0),Land use,I,ZMB,Zambia,A,Annual,FOREST,Forest,PT_LAR,Percentage of land area,2021,,60.88717,,A,Normal value,0,Units,1,One
DATAFLOW,OECD.ENV.EPI:DSD_LAND_USE@DF_LAND_USE(1.0),Land use,I,ZWE,Zimbabwe,A,Annual,FOREST,Forest,PT_LAR,Percentage of land area,2021,,36.13289,,A,Normal value,0,Units,1,One
DATAFLOW,OECD.ENV.EPI:DSD_LAND_USE@DF_LAND_USE(1.0),Land use,I,AUS,Australia,A,Annual,FOREST,Forest,KM2,Square kilometres,2021,,1333452,,A,Normal value,0,Units,1,One
DATAFLOW,OECD.ENV.EPI:DSD_LAND_USE@DF_LAND_USE(1.0),Land use,I,BEL,Belgium,A,Annual,FOREST,Forest,KM2,Square kilometres,2021,,6705.2,,A,Normal value,0,Units,1,One
DATAFLOW,OECD.ENV.EPI:DSD_LAND_USE@DF_LAND_USE(1.0),Land use,I,CAN,Canada,A,Annual,FOREST,Forest,KM2,Square kilometres,2021,,3688581,,A,Normal value,0,Units,1,One
DATAFLOW,OECD.ENV.EPI:DSD_LAND_USE@DF_LAND_USE(1.0),Land use,I,CHL,Chile,A,Annual,FOREST,Forest,KM2,Square kilometres,2021,,181814.4,,A,Normal value,0,Units,1,One
DATAFLOW,OECD.ENV.EPI:DSD_LAND_USE@DF_LAND_USE(1.0),Land use,I,CZE,Czechia,A,Annual,FOREST,Forest,KM2,Square kilometres,2021,,29322,,A,Normal value,0,Units,1,One
DATAFLOW,OECD.ENV.EPI:DSD_LAND_USE@DF_LAND_USE(1.0),Land use,I,DNK,Denmark,A,Annual,FOREST,Forest,KM2,Square kilometres,2021,,6346.8,,A,Normal value,0,Units,1,One
DATAFLOW,OECD.ENV.EPI:DSD_LAND_USE@DF_LAND_USE(1.0),Land use,I,FIN,Finland,A,Annual,FOREST,Forest,KM2,Square kilometres,2021,,225430,,A,Normal value,0,Units,1,One
DATAFLOW,OECD.ENV.EPI:DSD_LAND_USE@DF_LAND_USE(1.0),Land use,I,FRA,France,A,Annual,FOREST,Forest,KM2,Square kilometres,2021,,174374,,A,Normal value,0,Units,1,One
DATAFLOW,OECD.ENV.EPI:DSD_LAND_USE@DF_LAND_USE(1.0),Land use,I,DEU,Germany,A,Annual,FOREST,Forest,KM2,Square kilometres,2021,,114622,,A,Normal value,0,Units,1,One
DATAFLOW,OECD.ENV.EPI:DSD_LAND_USE@DF_LAND_USE(1.0),Land use,I,GRC,Greece,A,Annual,FOREST,Forest,KM2,Square kilometres,2021,,47628,,A,Normal value,0,Units,1,One
DATAFLOW,OECD.ENV.EPI:DSD_LAND_USE@DF_LAND_USE(1.0),Land use,I,ISR,Israel,A,Annual,FOREST,Forest,KM2,Square kilometres,2021,,1420,,A,Normal value,0,Units,1,One
DATAFLOW,OECD.ENV.EPI:DSD_LAND_USE@DF_LAND_USE(1.0),Land use,I,ITA,Italy,A,Annual,FOREST,Forest,KM2,Square kilometres,2021,,93720,,A,Normal value,0,Units,1,One
DATAFLOW,OECD.ENV.EPI:DSD_LAND_USE@DF_LAND_USE(1.0),Land use,I,JPN,Japan,A,Annual,FOREST,Forest,KM2,Square kilometres,2021,,249168,,A,Normal value,0,Units,1,One
DATAFLOW,OECD.ENV.EPI:DSD_LAND_USE@DF_LAND_USE(1.0),Land use,I,LTU,Lithuania,A,Annual,FOREST,Forest,KM2,Square kilometres,2021,,22050.2,,A,Normal value,0,Units,1,One
DATAFLOW,OECD.ENV.EPI:DSD_LAND_USE@DF_LAND_USE(1.0),Land use,I,LUX,Luxembourg,A,Annual,FOREST,Forest,KM2,Square kilometres,2021,,887,,A,Normal value,0,Units,1,One
DATAFLOW,OECD.ENV.EPI:DSD_LAND_USE@DF_LAND_USE(1.0),Land use,I,NLD,Netherlands,A,Annual,FOREST,Forest,KM2,Square kilometres,2021,,3675.3,,A,Normal value,0,Units,1,One
DATAFLOW,OECD.ENV.EPI:DSD_LAND_USE@DF_LAND_USE(1.0),Land use,I,NZL,New Zealand,A,Annual,FOREST,Forest,KM2,Square kilometres,2021,,100328.4,,A,Normal value,0,Units,1,One
DATAFLOW,OECD.ENV.EPI:DSD_LAND_USE@DF_LAND_USE(1.0),Land use,I,NOR,Norway,A,Annual,FOREST,Forest,KM2,Square kilometres,2021,,121183.8,,A,Normal value,0,Units,1,One
DATAFLOW,OECD.ENV.EPI:DSD_LAND_USE@DF_LAND_USE(1.0),Land use,I,POL,Poland,A,Annual,FOREST,Forest,KM2,Square kilometres,2021,,94703.6,,A,Normal value,0,Units,1,One
DATAFLOW,OECD.ENV.EPI:DSD_LAND_USE@DF_LAND_USE(1.0),Land use,I,ESP,Spain,A,Annual,FOREST,Forest,KM2,Square kilometres,2021,,190122,,A,Normal value,0,Units,1,One
DATAFLOW,OECD.ENV.EPI:DSD_LAND_USE@DF_LAND_USE(1.0),Land use,I,SWE,Sweden,A,Annual,FOREST,Forest,KM2,Square kilometres,2021,,279340,,A,Normal value,0,Units,1,One
DATAFLOW,OECD.ENV.EPI:DSD_LAND_USE@DF_LAND_USE(1.0),Land use,I,TUR,Türkiye,A,Annual,FOREST,Forest,KM2,Square kilometres,2021,,223374.4,,A,Normal value,0,Units,1,One
DATAFLOW,OECD.ENV.EPI:DSD_LAND_USE@DF_LAND_USE(1.0),Land use,I,GBR,United Kingdom,A,Annual,FOREST,Forest,KM2,Square kilometres,2021,,32276,,A,Normal value,0,Units,1,One
DATAFLOW,OECD.ENV.EPI:DSD_LAND_USE@DF_LAND_USE(1.0),Land use,I,USA,United States,A,Annual,FOREST,Forest,KM2,Square kilometres,2021,,3091830,,A,Normal value,0,Units,1,One
DATAFLOW,OECD.ENV.EPI:DSD_LAND_USE@DF_LAND_USE(1.0),Land use,I,OECD,OECD,A,Annual,FOREST,Forest,KM2,Square kilometres,2021,,11877481,,A,Normal value,0,Units,1,One
DATAFLOW,OECD.ENV.EPI:DSD_LAND_USE@DF_LAND_USE(1.0),Land use,I,OECDA,OECD America,A,Annual,FOREST,Forest,KM2,Square kilometres,2021,,8259647.5,,A,Normal value,0,Units,1,One
DATAFLOW,OECD.ENV.EPI:DSD_LAND_USE@DF_LAND_USE(1.0),Land use,I,OECDE,OECD Europe,A,Annual,FOREST,Forest,KM2,Square kilometres,2021,,1870523.125,,A,Normal value,0,Units,1,One
DATAFLOW,OECD.ENV.EPI:DSD_LAND_USE@DF_LAND_USE(1.0),Land use,I,AFG,Afghanistan,A,Annual,FOREST,Forest,KM2,Square kilometres,2021,,12094.4,,A,Normal value,0,Units,1,One
DATAFLOW,OECD.ENV.EPI:DSD_LAND_USE@DF_LAND_USE(1.0),Land use,I,ALB,Albania,A,Annual,FOREST,Forest,KM2,Square kilometres,2021,,9410,,A,Normal value,0,Units,1,One
DATAFLOW,OECD.ENV.EPI:DSD_LAND_USE@DF_LAND_USE(1.0),Land use,I,ASM,American Samoa,A,Annual,FOREST,Forest,KM2,Square kilometres,2021,,158.5,,A,Normal value,0,Units,1,One
DATAFLOW,OECD.ENV.EPI:DSD_LAND_USE@DF_LAND_USE(1.0),Land use,I,AGO,Angola,A,Annual,FOREST,Forest,KM2,Square kilometres,2021,,653024.5,,A,Normal value,0,Units,1,One
DATAFLOW,OECD.ENV.EPI:DSD_LAND_USE@DF_LAND_USE(1.0),Land use,I,AIA,Anguilla,A,Annual,FOREST,Forest,KM2,Square kilometres,2021,,55,,A,Normal value,0,Units,1,One
DATAFLOW,OECD.ENV.EPI:DSD_LAND_USE@DF_LAND_USE(1.0),Land use,I,ARG,Argentina,A,Annual,FOREST,Forest,KM2,Square kilometres,2021,,473160.7,,A,Normal value,0,Units,1,One
DATAFLOW,OECD.ENV.EPI:DSD_LAND_USE@DF_LAND_USE(1.0),Land use,I,BHS,Bahamas,A,Annual,FOREST,Forest,KM2,Square kilometres,2021,,5098.6,,A,Normal value,0,Units,1,One
DATAFLOW,OECD.ENV.EPI:DSD_LAND_USE@DF_LAND_USE(1.0),Land use,I,BHR,Bahrain,A,Annual,FOREST,Forest,KM2,Square kilometres,2021,,24.5,,A,Normal value,0,Units,1,One
DATAFLOW,OECD.ENV.EPI:DSD_LAND_USE@DF_LAND_USE(1.0),Land use,I,BRB,Barbados,A,Annual,FOREST,Forest,KM2,Square kilometres,2021,,63,,A,Normal value,0,Units,1,One
DATAFLOW,OECD.ENV.EPI:DSD_LAND_USE@DF_LAND_USE(1.0),Land use,I,BLR,Belarus,A,Annual,FOREST,Forest,KM2,Square kilometres,2021,,88695.2,,A,Normal value,0,Units,1,One
DATAFLOW,OECD.ENV.EPI:DSD_LAND_USE@DF_LAND_USE(1.0),Land use,I,BMU,Bermuda,A,Annual,FOREST,Forest,KM2,Square kilometres,2021,,7.8,,A,Normal value,0,Units,1,One
DATAFLOW,OECD.ENV.EPI:DSD_LAND_USE@DF_LAND_USE(1.0),Land use,I,BOL,Bolivia,A,Annual,FOREST,Forest,KM2,Square kilometres,2021,,553293.1,,A,Normal value,0,Units,1,One
DATAFLOW,OECD.ENV.EPI:DSD_LAND_USE@DF_LAND_USE(1.0),Land use,I,BIH,Bosnia and Herzegovina,A,Annual,FOREST,Forest,KM2,Square kilometres,2021,,21579.2,,A,Normal value,0,Units,1,One
DATAFLOW,OECD.ENV.EPI:DSD_LAND_USE@DF_LAND_USE(1.0),Land use,I,BWA,Botswana,A,Annual,FOREST,Forest,KM2,Square kilometres,2021,,157302,,A,Normal value,0,Units,1,One
DATAFLOW,OECD.ENV.EPI:DSD_LAND_USE@DF_LAND_USE(1.0),Land use,I,BRA,Brazil,A,Annual,FOREST,Forest,KM2,Square kilometres,2021,,4991109,,A,Normal value,0,Units,1,One
DATAFLOW,OECD.ENV.EPI:DSD_LAND_USE@DF_LAND_USE(1.0),Land use,I,VGB,British Virgin Islands,A,Annual,FOREST,Forest,KM2,Square kilometres,2021,,99.7,,A,Normal value,0,Units,1,One
DATAFLOW,OECD.ENV.EPI:DSD_LAND_USE@DF_LAND_USE(1.0),Land use,I,BRN,Brunei Darussalam,A,Annual,FOREST,Forest,KM2,Square kilometres,2021,,3800,,A,Normal value,0,Units,1,One
DATAFLOW,OECD.ENV.EPI:DSD_LAND_USE@DF_LAND_USE(1.0),Land use,I,BGR,Bulgaria,A,Annual,FOREST,Forest,KM2,Square kilometres,2021,,39086,,A,Normal value,0,Units,1,One
DATAFLOW,OECD.ENV.EPI:DSD_LAND_USE@DF_LAND_USE(1.0),Land use,I,BFA,Burkina Faso,A,Annual,FOREST,Forest,KM2,Square kilometres,2021,,37164.1,,A,Normal value,0,Units,1,One
DATAFLOW,OECD.ENV.EPI:DSD_LAND_USE@DF_LAND_USE(1.0),Land use,I,BDI,Burundi,A,Annual,FOREST,Forest,KM2,Square kilometres,2021,,2796.4,,A,Normal value,0,Units,1,One
DATAFLOW,OECD.ENV.EPI:DSD_LAND_USE@DF_LAND_USE(1.0),Land use,I,CPV,Cabo Verde,A,Annual,FOREST,Forest,KM2,Square kilometres,2021,,485.8,,A,Normal value,0,Units,1,One
DATAFLOW,OECD.ENV.EPI:DSD_LAND_USE@DF_LAND_USE(1.0),Land use,I,CYM,Cayman Islands,A,Annual,FOREST,Forest,KM2,Square kilometres,2021,,127.2,,A,Normal value,0,Units,1,One
DATAFLOW,OECD.ENV.EPI:DSD_LAND_USE@DF_LAND_USE(1.0),Land use,I,CAF,Central African Republic,A,Annual,FOREST,Forest,KM2,Square kilometres,2021,,452809.7,,A,Normal value,0,Units,1,One
DATAFLOW,OECD.ENV.EPI:DSD_LAND_USE@DF_LAND_USE(1.0),Land use,I,CHN,China (People’s Republic of),A,Annual,FOREST,Forest,KM2,Square kilometres,2021,,2207090,,A,Normal value,0,Units,1,One
DATAFLOW,OECD.ENV.EPI:DSD_LAND_USE@DF_LAND_USE(1.0),Land use,I,COM,Comoros,A,Annual,FOREST,Forest,KM2,Square kilometres,2021,,329.7,,A,Normal value,0,Units,1,One
DATAFLOW,OECD.ENV.EPI:DSD_LAND_USE@DF_LAND_USE(1.0),Land use,I,COG,Congo,A,Annual,FOREST,Forest,KM2,Square kilometres,2021,,217978,,A,Normal value,0,Units,1,One
DATAFLOW,OECD.ENV.EPI:DSD_LAND_USE@DF_LAND_USE(1.0),Land use,I,COK,Cook Islands,A,Annual,FOREST,Forest,KM2,Square kilometres,2021,,155.9,,A,Normal value,0,Units,1,One
DATAFLOW,OECD.ENV.EPI:DSD_LAND_USE@DF_LAND_USE(1.0),Land use,I,HRV,Croatia,A,Annual,FOREST,Forest,KM2,Square kilometres,2021,,19409.2,,A,Normal value,0,Units,1,One
DATAFLOW,OECD.ENV.EPI:DSD_LAND_USE@DF_LAND_USE(1.0),Land use,I,CUB,Cuba,A,Annual,FOREST,Forest,KM2,Square kilometres,2021,,36136.2,,A,Normal value,0,Units,1,One
DATAFLOW,OECD.ENV.EPI:DSD_LAND_USE@DF_LAND_USE(1.0),Land use,I,CUW,Curaçao,A,Annual,FOREST,Forest,KM2,Square kilometres,2021,,0.7,,A,Normal value,0,Units,1,One
DATAFLOW,OECD.ENV.EPI:DSD_LAND_USE@DF_LAND_USE(1.0),Land use,I,COD,Democratic Republic of the Congo,A,Annual,FOREST,Forest,KM2,Square kilometres,2021,,1403206,,A,Normal value,0,Units,1,One
DATAFLOW,OECD.ENV.EPI:DSD_LAND_USE@DF_LAND_USE(1.0),Land use,I,DJI,Djibouti,A,Annual,FOREST,Forest,KM2,Square kilometres,2021,,58.9,,A,Normal value,0,Units,1,One
DATAFLOW,OECD.ENV.EPI:DSD_LAND_USE@DF_LAND_USE(1.0),Land use,I,ECU,Ecuador,A,Annual,FOREST,Forest,KM2,Square kilometres,2021,,124309.4,,A,Normal value,0,Units,1,One
DATAFLOW,OECD.ENV.EPI:DSD_LAND_USE@DF_LAND_USE(1.0),Land use,I,GNQ,Equatorial Guinea,A,Annual,FOREST,Forest,KM2,Square kilometres,2021,,24400.6,,A,Normal value,0,Units,1,One
DATAFLOW,OECD.ENV.EPI:DSD_LAND_USE@DF_LAND_USE(1.0),Land use,I,ERI,Eritrea,A,Annual,FOREST,Forest,KM2,Square kilometres,2021,,14659.4,,A,Normal value,0,Units,1,One
DATAFLOW,OECD.ENV.EPI:DSD_LAND_USE@DF_LAND_USE(1.0),Land use,I,SWZ,Eswatini,A,Annual,FOREST,Forest,KM2,Square kilometres,2021,,4390.7,,A,Normal value,0,Units,1,One
DATAFLOW,OECD.ENV.EPI:DSD_LAND_USE@DF_LAND_USE(1.0),Land use,I,ETH,Ethiopia,A,Annual,FOREST,Forest,KM2,Square kilometres,2021,,267627.8,,A,Normal value,0,Units,1,One
DATAFLOW,OECD.ENV.EPI:DSD_LAND_USE@DF_LAND_USE(1.0),Land use,I,FRO,Faroe Islands,A,Annual,FOREST,Forest,KM2,Square kilometres,2021,,0.8,,A,Normal value,0,Units,1,One
DATAFLOW,OECD.ENV.EPI:DSD_LAND_USE@DF_LAND_USE(1.0),Land use,I,GUF,French Guiana,A,Annual,FOREST,Forest,KM2,Square kilometres,2021,,79986.7,,A,Normal value,0,Units,1,One
DATAFLOW,OECD.ENV.EPI:DSD_LAND_USE@DF_LAND_USE(1.0),Land use,I,PYF,French Polynesia,A,Annual,FOREST,Forest,KM2,Square kilometres,2021,,1494.6,,A,Normal value,0,Units,1,One
DATAFLOW,OECD.ENV.EPI:DSD_LAND_USE@DF_LAND_USE(1.0),Land use,I,GAB,Gabon,A,Annual,FOREST,Forest,KM2,Square kilometres,2021,,235822.4,,A,Normal value,0,Units,1,One
DATAFLOW,OECD.ENV.EPI:DSD_LAND_USE@DF_LAND_USE(1.0),Land use,I,GEO,Georgia,A,Annual,FOREST,Forest,KM2,Square kilometres,2021,,31005,,A,Normal value,0,Units,1,One
DATAFLOW,OECD.ENV.EPI:DSD_LAND_USE@DF_LAND_USE(1.0),Land use,I,GHA,Ghana,A,Annual,FOREST,Forest,KM2,Square kilometres,2021,,69134.8,,A,Normal value,0,Units,1,One
DATAFLOW,OECD.ENV.EPI:DSD_LAND_USE@DF_LAND_USE(1.0),Land use,I,GRL,Greenland,A,Annual,FOREST,Forest,KM2,Square kilometres,2021,,2.2,,A,Normal value,0,Units,1,One
DATAFLOW,OECD.ENV.EPI:DSD_LAND_USE@DF_LAND_USE(1.0),Land use,I,GRD,Grenada,A,Annual,FOREST,Forest,KM2,Square kilometres,2021,,177,,A,Normal value,0,Units,1,One
DATAFLOW,OECD.ENV.EPI:DSD_LAND_USE@DF_LAND_USE(1.0),Land use,I,GLP,Guadeloupe,A,Annual,FOREST,Forest,KM2,Square kilometres,2021,,745.2,,A,Normal value,0,Units,1,One
DATAFLOW,OECD.ENV.EPI:DSD_LAND_USE@DF_LAND_USE(1.0),Land use,I,GUM,Guam,A,Annual,FOREST,Forest,KM2,Square kilometres,2021,,282.7,,A,Normal value,0,Units,1,One
DATAFLOW,OECD.ENV.EPI:DSD_LAND_USE@DF_LAND_USE(1.0),Land use,I,GTM,Guatemala,A,Annual,FOREST,Forest,KM2,Square kilometres,2021,,35884.1,,A,Normal value,0,Units,1,One
DATAFLOW,OECD.ENV.EPI:DSD_LAND_USE@DF_LAND_USE(1.0),Land use,I,GUY,Guyana,A,Annual,FOREST,Forest,KM2,Square kilometres,2021,,184077.1,,A,Normal value,0,Units,1,One
DATAFLOW,OECD.ENV.EPI:DSD_LAND_USE@DF_LAND_USE(1.0),Land use,I,HTI,Haiti,A,Annual,FOREST,Forest,KM2,Square kilometres,2021,,3665,,A,Normal value,0,Units,1,One
DATAFLOW,OECD.ENV.EPI:DSD_LAND_USE@DF_LAND_USE(1.0),Land use,I,HND,Honduras,A,Annual,FOREST,Forest,KM2,Square kilometres,2021,,60622.1,,A,Normal value,0,Units,1,One
DATAFLOW,OECD.ENV.EPI:DSD_LAND_USE@DF_LAND_USE(1.0),Land use,I,IND,India,A,Annual,FOREST,Forest,KM2,Square kilometres,2021,,723950,,A,Normal value,0,Units,1,One
DATAFLOW,OECD.ENV.EPI:DSD_LAND_USE@DF_LAND_USE(1.0),Land use,I,IDN,Indonesia,A,Annual,FOREST,Forest,KM2,Square kilometres,2021,,956433.8,,A,Normal value,0,Units,1,One
DATAFLOW,OECD.ENV.EPI:DSD_LAND_USE@DF_LAND_USE(1.0),Land use,I,IRN,Iran,A,Annual,FOREST,Forest,KM2,Square kilometres,2021,,107510,,A,Normal value,0,Units,1,One
DATAFLOW,OECD.ENV.EPI:DSD_LAND_USE@DF_LAND_USE(1.0),Land use,I,JOR,Jordan,A,Annual,FOREST,Forest,KM2,Square kilometres,2021,,707,,A,Normal value,0,Units,1,One
DATAFLOW,OECD.ENV.EPI:DSD_LAND_USE@DF_LAND_USE(1.0),Land use,I,KAZ,Kazakhstan,A,Annual,FOREST,Forest,KM2,Square kilometres,2021,,34649.1,,A,Normal value,0,Units,1,One
DATAFLOW,OECD.ENV.EPI:DSD_LAND_USE@DF_LAND_USE(1.0),Land use,I,KEN,Kenya,A,Annual,FOREST,Forest,KM2,Square kilometres,2021,,36559.3,,A,Normal value,0,Units,1,One
DATAFLOW,OECD.ENV.EPI:DSD_LAND_USE@DF_LAND_USE(1.0),Land use,I,KIR,Kiribati,A,Annual,FOREST,Forest,KM2,Square kilometres,2021,,10.7,,A,Normal value,0,Units,1,One
DATAFLOW,OECD.ENV.EPI:DSD_LAND_USE@DF_LAND_USE(1.0),Land use,I,KWT,Kuwait,A,Annual,FOREST,Forest,KM2,Square kilometres,2021,,63,,A,Normal value,0,Units,1,One
DATAFLOW,OECD.ENV.EPI:DSD_LAND_USE@DF_LAND_USE(1.0),Land use,I,LAO,Lao People’s Democratic Republic,A,Annual,FOREST,Forest,KM2,Square kilometres,2021,,131773.8,,A,Normal value,0,Units,1,One
DATAFLOW,OECD.ENV.EPI:DSD_LAND_USE@DF_LAND_USE(1.0),Land use,I,LSO,Lesotho,A,Annual,FOREST,Forest,KM2,Square kilometres,2021,,345.2,,A,Normal value,0,Units,1,One
DATAFLOW,OECD.ENV.EPI:DSD_LAND_USE@DF_LAND_USE(1.0),Land use,I,LBR,Liberia,A,Annual,FOREST,Forest,KM2,Square kilometres,2021,,64888.4,,A,Normal value,0,Units,1,One
DATAFLOW,OECD.ENV.EPI:DSD_LAND_USE@DF_LAND_USE(1.0),Land use,I,MDG,Madagascar,A,Annual,FOREST,Forest,KM2,Square kilometres,2021,,104191.9,,A,Normal value,0,Units,1,One
DATAFLOW,OECD.ENV.EPI:DSD_LAND_USE@DF_LAND_USE(1.0),Land use,I,MWI,Malawi,A,Annual,FOREST,Forest,KM2,Square kilometres,2021,,21997,,A,Normal value,0,Units,1,One
DATAFLOW,OECD.ENV.EPI:DSD_LAND_USE@DF_LAND_USE(1.0),Land use,I,MYS,Malaysia,A,Annual,FOREST,Forest,KM2,Square kilometres,2021,,191247.4,,A,Normal value,0,Units,1,One
DATAFLOW,OECD.ENV.EPI:DSD_LAND_USE@DF_LAND_USE(1.0),Land use,I,MDV,Maldives,A,Annual,FOREST,Forest,KM2,Square kilometres,2021,,37.2,,A,Normal value,0,Units,1,One
DATAFLOW,OECD.ENV.EPI:DSD_LAND_USE@DF_LAND_USE(1.0),Land use,I,MLI,Mali,A,Annual,FOREST,Forest,KM2,Square kilometres,2021,,108814.3,,A,Normal value,0,Units,1,One
DATAFLOW,OECD.ENV.EPI:DSD_LAND_USE@DF_LAND_USE(1.0),Land use,I,MHL,Marshall Islands,A,Annual,FOREST,Forest,KM2,Square kilometres,2021,,97.1,,A,Normal value,0,Units,1,One
DATAFLOW,OECD.ENV.EPI:DSD_LAND_USE@DF_LAND_USE(1.0),Land use,I,MRT,Mauritania,A,Annual,FOREST,Forest,KM2,Square kilometres,2021,,10086.1,,A,Normal value,0,Units,1,One
DATAFLOW,OECD.ENV.EPI:DSD_LAND_USE@DF_LAND_USE(1.0),Land use,I,MUS,Mauritius,A,Annual,FOREST,Forest,KM2,Square kilometres,2021,,382.9,,A,Normal value,0,Units,1,One
DATAFLOW,OECD.ENV.EPI:DSD_LAND_USE@DF_LAND_USE(1.0),Land use,I,FSM,Micronesia,A,Annual,FOREST,Forest,KM2,Square kilometres,2021,,644.5,,A,Normal value,0,Units,1,One
DATAFLOW,OECD.ENV.EPI:DSD_LAND_USE@DF_LAND_USE(1.0),Land use,I,MDA,Moldova,A,Annual,FOREST,Forest,KM2,Square kilometres,2021,,3726.2,,A,Normal value,0,Units,1,One
DATAFLOW,OECD.ENV.EPI:DSD_LAND_USE@DF_LAND_USE(1.0),Land use,I,MNG,Mongolia,A,Annual,FOREST,Forest,KM2,Square kilometres,2021,,141783.3,,A,Normal value,0,Units,1,One
DATAFLOW,OECD.ENV.EPI:DSD_LAND_USE@DF_LAND_USE(1.0),Land use,I,MSR,Montserrat,A,Annual,FOREST,Forest,KM2,Square kilometres,2021,,24.2,,A,Normal value,0,Units,1,One
DATAFLOW,OECD.ENV.EPI:DSD_LAND_USE@DF_LAND_USE(1.0),Land use,I,MOZ,Mozambique,A,Annual,FOREST,Forest,KM2,Square kilometres,2021,,333110.1,,A,Normal value,0,Units,1,One
DATAFLOW,OECD.ENV.EPI:DSD_LAND_USE@DF_LAND_USE(1.0),Land use,I,MMR,Myanmar,A,Annual,FOREST,Forest,KM2,Square kilometres,2021,,282541.7,,A,Normal value,0,Units,1,One
DATAFLOW,OECD.ENV.EPI:DSD_LAND_USE@DF_LAND_USE(1.0),Land use,I,NPL,Nepal,A,Annual,FOREST,Forest,KM2,Square kilometres,2021,,61999.3,,A,Normal value,0,Units,1,One
DATAFLOW,OECD.ENV.EPI:DSD_LAND_USE@DF_LAND_USE(1.0),Land use,I,NCL,New Caledonia,A,Annual,FOREST,Forest,KM2,Square kilometres,2021,,8926.1,,A,Normal value,0,Units,1,One
DATAFLOW,OECD.ENV.EPI:DSD_LAND_USE@DF_LAND_USE(1.0),Land use,I,NER,Niger,A,Annual,FOREST,Forest,KM2,Square kilometres,2021,,10747.8,,A,Normal value,0,Units,1,One
DATAFLOW,OECD.ENV.EPI:DSD_LAND_USE@DF_LAND_USE(1.0),Land use,I,NGA,Nigeria,A,Annual,FOREST,Forest,KM2,Square kilometres,2021,,176374.9,,A,Normal value,0,Units,1,One
DATAFLOW,OECD.ENV.EPI:DSD_LAND_USE@DF_LAND_USE(1.0),Land use,I,NIU,Niue,A,Annual,FOREST,Forest,KM2,Square kilometres,2021,,188.7,,A,Normal value,0,Units,1,One
DATAFLOW,OECD.ENV.EPI:DSD_LAND_USE@DF_LAND_USE(1.0),Land use,I,MNP,Northern Mariana Islands,A,Annual,FOREST,Forest,KM2,Square kilometres,2021,,243.6,,A,Normal value,0,Units,1,One
DATAFLOW,OECD.ENV.EPI:DSD_LAND_USE@DF_LAND_USE(1.0),Land use,I,OMN,Oman,A,Annual,FOREST,Forest,KM2,Square kilometres,2021,,16,,A,Normal value,0,Units,1,One
DATAFLOW,OECD.ENV.EPI:DSD_LAND_USE@DF_LAND_USE(1.0),Land use,I,PLW,Palau,A,Annual,FOREST,Forest,KM2,Square kilometres,2021,,415.1,,A,Normal value,0,Units,1,One
DATAFLOW,OECD.ENV.EPI:DSD_LAND_USE@DF_LAND_USE(1.0),Land use,I,PNG,Papua New Guinea,A,Annual,FOREST,Forest,KM2,Square kilometres,2021,,340439.6,,A,Normal value,0,Units,1,One
DATAFLOW,OECD.ENV.EPI:DSD_LAND_USE@DF_LAND_USE(1.0),Land use,I,PRY,Paraguay,A,Annual,FOREST,Forest,KM2,Square kilometres,2021,,149522.3,,A,Normal value,0,Units,1,One
DATAFLOW,OECD.ENV.EPI:DSD_LAND_USE@DF_LAND_USE(1.0),Land use,I,PER,Peru,A,Annual,FOREST,Forest,KM2,Square kilometres,2021,,683571.1,,A,Normal value,0,Units,1,One
DATAFLOW,OECD.ENV.EPI:DSD_LAND_USE@DF_LAND_USE(1.0),Land use,I,PHL,Philippines,A,Annual,FOREST,Forest,KM2,Square kilometres,2021,,72688.4,,A,Normal value,0,Units,1,One
DATAFLOW,OECD.ENV.EPI:DSD_LAND_USE@DF_LAND_USE(1.0),Land use,I,PCN,Pitcairn,A,Annual,FOREST,Forest,KM2,Square kilometres,2021,,36.9,,A,Normal value,0,Units,1,One
DATAFLOW,OECD.ENV.EPI:DSD_LAND_USE@DF_LAND_USE(1.0),Land use,I,PRI,Puerto Rico,A,Annual,FOREST,Forest,KM2,Square kilometres,2021,,4569,,A,Normal value,0,Units,1,One
DATAFLOW,OECD.ENV.EPI:DSD_LAND_USE@DF_LAND_USE(1.0),Land use,I,QAT,Qatar,A,Annual,FOREST,Forest,KM2,Square kilometres,2021,,14,,A,Normal value,0,Units,1,One
DATAFLOW,OECD.ENV.EPI:DSD_LAND_USE@DF_LAND_USE(1.0),Land use,I,RUS,Russia,A,Annual,FOREST,Forest,KM2,Square kilometres,2021,,8292718,,A,Normal value,0,Units,1,One
DATAFLOW,OECD.ENV.EPI:DSD_LAND_USE@DF_LAND_USE(1.0),Land use,I,RWA,Rwanda,A,Annual,FOREST,Forest,KM2,Square kilometres,2021,,5763.9,,A,Normal value,0,Units,1,One
DATAFLOW,OECD.ENV.EPI:DSD_LAND_USE@DF_LAND_USE(1.0),Land use,I,KNA,Saint Kitts and Nevis,A,Annual,FOREST,Forest,KM2,Square kilometres,2021,,110,,A,Normal value,0,Units,1,One
DATAFLOW,OECD.ENV.EPI:DSD_LAND_USE@DF_LAND_USE(1.0),Land use,I,LCA,Saint Lucia,A,Annual,FOREST,Forest,KM2,Square kilometres,2021,,326.4,,A,Normal value,0,Units,1,One
DATAFLOW,OECD.ENV.EPI:DSD_LAND_USE@DF_LAND_USE(1.0),Land use,I,VCT,Saint Vincent and the Grenadines,A,Annual,FOREST,Forest,KM2,Square kilometres,2021,,285.6,,A,Normal value,0,Units,1,One
DATAFLOW,OECD.ENV.EPI:DSD_LAND_USE@DF_LAND_USE(1.0),Land use,I,WSM,Samoa,A,Annual,FOREST,Forest,KM2,Square kilometres,2021,,1616.8,,A,Normal value,0,Units,1,One
DATAFLOW,OECD.ENV.EPI:DSD_LAND_USE@DF_LAND_USE(1.0),Land use,I,SMR,San Marino,A,Annual,FOREST,Forest,KM2,Square kilometres,2021,,10,,A,Normal value,0,Units,1,One
DATAFLOW,OECD.ENV.EPI:DSD_LAND_USE@DF_LAND_USE(1.0),Land use,I,SAU,Saudi Arabia,A,Annual,FOREST,Forest,KM2,Square kilometres,2021,,27695.5,,A,Normal value,0,Units,1,One
DATAFLOW,OECD.ENV.EPI:DSD_LAND_USE@DF_LAND_USE(1.0),Land use,I,SEN,Senegal,A,Annual,FOREST,Forest,KM2,Square kilometres,2021,,87114.8,,A,Normal value,0,Units,1,One
DATAFLOW,OECD.ENV.EPI:DSD_LAND_USE@DF_LAND_USE(1.0),Land use,I,SGP,Singapore,A,Annual,FOREST,Forest,KM2,Square kilometres,2021,,158,,A,Normal value,0,Units,1,One
DATAFLOW,OECD.ENV.EPI:DSD_LAND_USE@DF_LAND_USE(1.0),Land use,I,SOM,Somalia,A,Annual,FOREST,Forest,KM2,Square kilometres,2021,,51335.5,,A,Normal value,0,Units,1,One
DATAFLOW,OECD.ENV.EPI:DSD_LAND_USE@DF_LAND_USE(1.0),Land use,I,ZAF,South Africa,A,Annual,FOREST,Forest,KM2,Square kilometres,2021,,225311.6,,A,Normal value,0,Units,1,One
DATAFLOW,OECD.ENV.EPI:DSD_LAND_USE@DF_LAND_USE(1.0),Land use,I,SDN,Sudan,A,Annual,FOREST,Forest,KM2,Square kilometres,2021,,226769.6,,A,Normal value,0,Units,1,One
DATAFLOW,OECD.ENV.EPI:DSD_LAND_USE@DF_LAND_USE(1.0),Land use,I,SUR,Suriname,A,Annual,FOREST,Forest,KM2,Square kilometres,2021,,147472.1,,A,Normal value,0,Units,1,One
DATAFLOW,OECD.ENV.EPI:DSD_LAND_USE@DF_LAND_USE(1.0),Land use,I,TJK,Tajikistan,A,Annual,FOREST,Forest,KM2,Square kilometres,2021,,4233,,A,Normal value,0,Units,1,One
DATAFLOW,OECD.ENV.EPI:DSD_LAND_USE@DF_LAND_USE(1.0),Land use,I,TZA,Tanzania,A,Annual,FOREST,Forest,KM2,Square kilometres,2021,,452760,,A,Normal value,0,Units,1,One
DATAFLOW,OECD.ENV.EPI:DSD_LAND_USE@DF_LAND_USE(1.0),Land use,I,TGO,Togo,A,Annual,FOREST,Forest,KM2,Square kilometres,2021,,12123,,A,Normal value,0,Units,1,One
DATAFLOW,OECD.ENV.EPI:DSD_LAND_USE@DF_LAND_USE(1.0),Land use,I,TON,Tonga,A,Annual,FOREST,Forest,KM2,Square kilometres,2021,,87.3,,A,Normal value,0,Units,1,One
DATAFLOW,OECD.ENV.EPI:DSD_LAND_USE@DF_LAND_USE(1.0),Land use,I,TKM,Turkmenistan,A,Annual,FOREST,Forest,KM2,Square kilometres,2021,,23300,,A,Normal value,0,Units,1,One
DATAFLOW,OECD.ENV.EPI:DSD_LAND_USE@DF_LAND_USE(1.0),Land use,I,TCA,Turks and Caicos Islands,A,Annual,FOREST,Forest,KM2,Square kilometres,2021,,105.2,,A,Normal value,0,Units,1,One
DATAFLOW,OECD.ENV.EPI:DSD_LAND_USE@DF_LAND_USE(1.0),Land use,I,TUV,Tuvalu,A,Annual,FOREST,Forest,KM2,Square kilometres,2021,,10.3,,A,Normal value,0,Units,1,One
DATAFLOW,OECD.ENV.EPI:DSD_LAND_USE@DF_LAND_USE(1.0),Land use,I,UKR,Ukraine,A,Annual,FOREST,Forest,KM2,Square kilometres,2021,,99380,,A,Normal value,0,Units,1,One
DATAFLOW,OECD.ENV.EPI:DSD_LAND_USE@DF_LAND_USE(1.0),Land use,I,VIR,United States Virgin Islands,A,Annual,FOREST,Forest,KM2,Square kilometres,2021,,200.6,,A,Normal value,0,Units,1,One
DATAFLOW,OECD.ENV.EPI:DSD_LAND_USE@DF_LAND_USE(1.0),Land use,I,VEN,Venezuela,A,Annual,FOREST,Forest,KM2,Square kilometres,2021,,472854.1,,A,Normal value,0,Units,1,One
DATAFLOW,OECD.ENV.EPI:DSD_LAND_USE@DF_LAND_USE(1.0),Land use,I,VNM,Viet Nam,A,Annual,FOREST,Forest,KM2,Square kilometres,2021,,146997.9,,A,Normal value,0,Units,1,One
DATAFLOW,OECD.ENV.EPI:DSD_LAND_USE@DF_LAND_USE(1.0),Land use,I,WLF,Wallis and Futuna,A,Annual,FOREST,Forest,KM2,Square kilometres,2021,,104.6,,A,Normal value,0,Units,1,One
DATAFLOW,OECD.ENV.EPI:DSD_LAND_USE@DF_LAND_USE(1.0),Land use,I,YEM,Yemen,A,Annual,FOREST,Forest,KM2,Square kilometres,2021,,5490,,A,Normal value,0,Units,1,One
DATAFLOW,OECD.ENV.EPI:DSD_LAND_USE@DF_LAND_USE(1.0),Land use,I,ZMB,Zambia,A,Annual,FOREST,Forest,KM2,Square kilometres,2021,,452629.1,,A,Normal value,0,Units,1,One
DATAFLOW,OECD.ENV.EPI:DSD_LAND_USE@DF_LAND_USE(1.0),Land use,I,ZWE,Zimbabwe,A,Annual,FOREST,Forest,KM2,Square kilometres,2021,,139780.1,,A,Normal value,0,Units,1,One
DATAFLOW,OECD.ENV.EPI:DSD_LAND_USE@DF_LAND_USE(1.0),Land use,I,ABW,Aruba,A,Annual,FOREST,Forest,KM2,Square kilometres,2021,,4.9,,A,Normal value,0,Units,1,One
DATAFLOW,OECD.ENV.EPI:DSD_LAND_USE@DF_LAND_USE(1.0),Land use,I,NFK,Norfolk Island,A,Annual,FOREST,Forest,KM2,Square kilometres,2021,,4.9,,A,Normal value,0,Units,1,One
DATAFLOW,OECD.ENV.EPI:DSD_LAND_USE@DF_LAND_USE(1.0),Land use,I,CHL,Chile,A,Annual,CROP,Cropland,PT_LAR,Percentage of land area,2021,,2.738182,,A,Normal value,0,Units,1,One
DATAFLOW,OECD.ENV.EPI:DSD_LAND_USE@DF_LAND_USE(1.0),Land use,I,CHL,Chile,A,Annual,CROP,Cropland,KM2,Square kilometres,2021,,20343.6,,A,Normal value,0,Units,1,One
DATAFLOW,OECD.ENV.EPI:DSD_LAND_USE@DF_LAND_USE(1.0),Land use,I,COL,Colombia,A,Annual,CROP,Cropland,KM2,Square kilometres,2021,,47943.3,,A,Normal value,0,Units,1,One
DATAFLOW,OECD.ENV.EPI:DSD_LAND_USE@DF_LAND_USE(1.0),Land use,I,COL,Colombia,A,Annual,CROP,Cropland,PT_LAR,Percentage of land area,2021,,4.321163,,A,Normal value,0,Units,1,One
DATAFLOW,OECD.ENV.EPI:DSD_LAND_USE@DF_LAND_USE(1.0),Land use,I,CRI,Costa Rica,A,Annual,CROP,Cropland,PT_LAR,Percentage of land area,2021,,10.76637,,A,Normal value,0,Units,1,One
DATAFLOW,OECD.ENV.EPI:DSD_LAND_USE@DF_LAND_USE(1.0),Land use,I,FIN,Finland,A,Annual,CROP,Cropland,PT_LAR,Percentage of land area,2021,,7.394035,,A,Normal value,0,Units,1,One
DATAFLOW,OECD.ENV.EPI:DSD_LAND_USE@DF_LAND_USE(1.0),Land use,I,FIN,Finland,A,Annual,CROP,Cropland,KM2,Square kilometres,2021,,22474,,A,Normal value,0,Units,1,One
DATAFLOW,OECD.ENV.EPI:DSD_LAND_USE@DF_LAND_USE(1.0),Land use,I,FRA,France,A,Annual,CROP,Cropland,PT_LAR,Percentage of land area,2021,,33.47819,,A,Normal value,0,Units,1,One
DATAFLOW,OECD.ENV.EPI:DSD_LAND_USE@DF_LAND_USE(1.0),Land use,I,FRA,France,A,Annual,CROP,Cropland,KM2,Square kilometres,2021,,180430.7,,A,Normal value,0,Units,1,One
DATAFLOW,OECD.ENV.EPI:DSD_LAND_USE@DF_LAND_USE(1.0),Land use,I,POL,Poland,A,Annual,CROP,Cropland,PT_LAR,Percentage of land area,2021,,37.39627,,A,Normal value,0,Units,1,One
DATAFLOW,OECD.ENV.EPI:DSD_LAND_USE@DF_LAND_USE(1.0),Land use,I,POL,Poland,A,Annual,CROP,Cropland,KM2,Square kilometres,2021,,114470,,A,Normal value,0,Units,1,One
DATAFLOW,OECD.ENV.EPI:DSD_LAND_USE@DF_LAND_USE(1.0),Land use,I,PRT,Portugal,A,Annual,CROP,Cropland,PT_LAR,Percentage of land area,2021,,20.02694,,A,Normal value,0,Units,1,One
DATAFLOW,OECD.ENV.EPI:DSD_LAND_USE@DF_LAND_USE(1.0),Land use,I,PRT,Portugal,A,Annual,CROP,Cropland,KM2,Square kilometres,2021,,18345.8,,A,Normal value,0,Units,1,One
DATAFLOW,OECD.ENV.EPI:DSD_LAND_USE@DF_LAND_USE(1.0),Land use,I,OECD,OECD,A,Annual,CROP,Cropland,PT_LAR,Percentage of land area,2021,,11.12226,,A,Normal value,0,Units,1,One
DATAFLOW,OECD.ENV.EPI:DSD_LAND_USE@DF_LAND_USE(1.0),Land use,I,OECD,OECD,A,Annual,CROP,Cropland,KM2,Square kilometres,2021,,3928645,,A,Normal value,0,Units,1,One
DATAFLOW,OECD.ENV.EPI:DSD_LAND_USE@DF_LAND_USE(1.0),Land use,I,OECDA,OECD America,A,Annual,CROP,Cropland,PT_LAR,Percentage of land area,2021,,10.44869,,A,Normal value,0,Units,1,One
DATAFLOW,OECD.ENV.EPI:DSD_LAND_USE@DF_LAND_USE(1.0),Land use,I,OECDE,OECD Europe,A,Annual,CROP,Cropland,KM2,Square kilometres,2021,,1266487,,A,Normal value,0,Units,1,One
DATAFLOW,OECD.ENV.EPI:DSD_LAND_USE@DF_LAND_USE(1.0),Land use,I,OECDE,OECD Europe,A,Annual,CROP,Cropland,PT_LAR,Percentage of land area,2021,,24.83213,,A,Normal value,0,Units,1,One
DATAFLOW,OECD.ENV.EPI:DSD_LAND_USE@DF_LAND_USE(1.0),Land use,I,AFG,Afghanistan,A,Annual,CROP,Cropland,KM2,Square kilometres,2021,,80990,,A,Normal value,0,Units,1,One
DATAFLOW,OECD.ENV.EPI:DSD_LAND_USE@DF_LAND_USE(1.0),Land use,I,AFG,Afghanistan,A,Annual,CROP,Cropland,PT_LAR,Percentage of land area,2021,,12.4174,,A,Normal value,0,Units,1,One
DATAFLOW,OECD.ENV.EPI:DSD_LAND_USE@DF_LAND_USE(1.0),Land use,I,DZA,Algeria,A,Annual,CROP,Cropland,KM2,Square kilometres,2021,,84709.6,,A,Normal value,0,Units,1,One
DATAFLOW,OECD.ENV.EPI:DSD_LAND_USE@DF_LAND_USE(1.0),Land use,I,DZA,Algeria,A,Annual,CROP,Cropland,PT_LAR,Percentage of land area,2021,,3.556627,,A,Normal value,0,Units,1,One
DATAFLOW,OECD.ENV.EPI:DSD_LAND_USE@DF_LAND_USE(1.0),Land use,I,ASM,American Samoa,A,Annual,CROP,Cropland,KM2,Square kilometres,2021,,31.8,,A,Normal value,0,Units,1,One
DATAFLOW,OECD.ENV.EPI:DSD_LAND_USE@DF_LAND_USE(1.0),Land use,I,ASM,American Samoa,A,Annual,CROP,Cropland,PT_LAR,Percentage of land area,2021,,15.9,,A,Normal value,0,Units,1,One
DATAFLOW,OECD.ENV.EPI:DSD_LAND_USE@DF_LAND_USE(1.0),Land use,I,AGO,Angola,A,Annual,CROP,Cropland,KM2,Square kilometres,2021,,49082,,A,Normal value,0,Units,1,One
DATAFLOW,OECD.ENV.EPI:DSD_LAND_USE@DF_LAND_USE(1.0),Land use,I,AGO,Angola,A,Annual,CROP,Cropland,PT_LAR,Percentage of land area,2021,,3.936954,,A,Normal value,0,Units,1,One
DATAFLOW,OECD.ENV.EPI:DSD_LAND_USE@DF_LAND_USE(1.0),Land use,I,ATG,Antigua and Barbuda,A,Annual,CROP,Cropland,PT_LAR,Percentage of land area,2021,,12.04545,,A,Normal value,0,Units,1,One
DATAFLOW,OECD.ENV.EPI:DSD_LAND_USE@DF_LAND_USE(1.0),Land use,I,ATG,Antigua and Barbuda,A,Annual,CROP,Cropland,KM2,Square kilometres,2021,,53,,A,Normal value,0,Units,1,One
DATAFLOW,OECD.ENV.EPI:DSD_LAND_USE@DF_LAND_USE(1.0),Land use,I,ARG,Argentina,A,Annual,CROP,Cropland,KM2,Square kilometres,2021,,487910.7,,A,Normal value,0,Units,1,One
DATAFLOW,OECD.ENV.EPI:DSD_LAND_USE@DF_LAND_USE(1.0),Land use,I,ARG,Argentina,A,Annual,CROP,Cropland,PT_LAR,Percentage of land area,2021,,17.8285,,A,Normal value,0,Units,1,One
DATAFLOW,OECD.ENV.EPI:DSD_LAND_USE@DF_LAND_USE(1.0),Land use,I,ARM,Armenia,A,Annual,CROP,Cropland,PT_LAR,Percentage of land area,2021,,17.86425,,A,Normal value,0,Units,1,One
DATAFLOW,OECD.ENV.EPI:DSD_LAND_USE@DF_LAND_USE(1.0),Land use,I,BLR,Belarus,A,Annual,CROP,Cropland,PT_LAR,Percentage of land area,2021,,28.18091,,A,Normal value,0,Units,1,One
DATAFLOW,OECD.ENV.EPI:DSD_LAND_USE@DF_LAND_USE(1.0),Land use,I,BLR,Belarus,A,Annual,CROP,Cropland,KM2,Square kilometres,2021,,57194,,A,Normal value,0,Units,1,One
DATAFLOW,OECD.ENV.EPI:DSD_LAND_USE@DF_LAND_USE(1.0),Land use,I,BEN,Benin,A,Annual,CROP,Cropland,KM2,Square kilometres,2021,,41343.7,,A,Normal value,0,Units,1,One
DATAFLOW,OECD.ENV.EPI:DSD_LAND_USE@DF_LAND_USE(1.0),Land use,I,BEN,Benin,A,Annual,CROP,Cropland,PT_LAR,Percentage of land area,2021,,36.66522,,A,Normal value,0,Units,1,One
DATAFLOW,OECD.ENV.EPI:DSD_LAND_USE@DF_LAND_USE(1.0),Land use,I,BOL,Bolivia,A,Annual,CROP,Cropland,PT_LAR,Percentage of land area,2021,,5.225941,,A,Normal value,0,Units,1,One
DATAFLOW,OECD.ENV.EPI:DSD_LAND_USE@DF_LAND_USE(1.0),Land use,I,BOL,Bolivia,A,Annual,CROP,Cropland,KM2,Square kilometres,2021,,56856.1,,A,Normal value,0,Units,1,One
DATAFLOW,OECD.ENV.EPI:DSD_LAND_USE@DF_LAND_USE(1.0),Land use,I,BWA,Botswana,A,Annual,CROP,Cropland,PT_LAR,Percentage of land area,2021,,0.461419,,A,Normal value,0,Units,1,One
DATAFLOW,OECD.ENV.EPI:DSD_LAND_USE@DF_LAND_USE(1.0),Land use,I,BWA,Botswana,A,Annual,CROP,Cropland,KM2,Square kilometres,2021,,2615,,A,Normal value,0,Units,1,One
DATAFLOW,OECD.ENV.EPI:DSD_LAND_USE@DF_LAND_USE(1.0),Land use,I,VGB,British Virgin Islands,A,Annual,CROP,Cropland,KM2,Square kilometres,2021,,30,,A,Normal value,0,Units,1,One
DATAFLOW,OECD.ENV.EPI:DSD_LAND_USE@DF_LAND_USE(1.0),Land use,I,BRN,Brunei Darussalam,A,Annual,CROP,Cropland,KM2,Square kilometres,2021,,119,,A,Normal value,0,Units,1,One
DATAFLOW,OECD.ENV.EPI:DSD_LAND_USE@DF_LAND_USE(1.0),Land use,I,BRN,Brunei Darussalam,A,Annual,CROP,Cropland,PT_LAR,Percentage of land area,2021,,2.258065,,A,Normal value,0,Units,1,One
DATAFLOW,OECD.ENV.EPI:DSD_LAND_USE@DF_LAND_USE(1.0),Land use,I,BFA,Burkina Faso,A,Annual,CROP,Cropland,KM2,Square kilometres,2021,,84089,,A,Normal value,0,Units,1,One
DATAFLOW,OECD.ENV.EPI:DSD_LAND_USE@DF_LAND_USE(1.0),Land use,I,BFA,Burkina Faso,A,Annual,CROP,Cropland,PT_LAR,Percentage of land area,2021,,30.73428,,A,Normal value,0,Units,1,One
DATAFLOW,OECD.ENV.EPI:DSD_LAND_USE@DF_LAND_USE(1.0),Land use,I,BDI,Burundi,A,Annual,CROP,Cropland,PT_LAR,Percentage of land area,2021,,61.37928,,A,Normal value,0,Units,1,One
DATAFLOW,OECD.ENV.EPI:DSD_LAND_USE@DF_LAND_USE(1.0),Land use,I,BDI,Burundi,A,Annual,CROP,Cropland,KM2,Square kilometres,2021,,15762.2,,A,Normal value,0,Units,1,One
DATAFLOW,OECD.ENV.EPI:DSD_LAND_USE@DF_LAND_USE(1.0),Land use,I,CPV,Cabo Verde,A,Annual,CROP,Cropland,PT_LAR,Percentage of land area,2021,,18.57816,,A,Normal value,0,Units,1,One
DATAFLOW,OECD.ENV.EPI:DSD_LAND_USE@DF_LAND_USE(1.0),Land use,I,CPV,Cabo Verde,A,Annual,CROP,Cropland,KM2,Square kilometres,2021,,748.7,,A,Normal value,0,Units,1,One
DATAFLOW,OECD.ENV.EPI:DSD_LAND_USE@DF_LAND_USE(1.0),Land use,I,CMR,Cameroon,A,Annual,CROP,Cropland,PT_LAR,Percentage of land area,2021,,16.61681,,A,Normal value,0,Units,1,One
DATAFLOW,OECD.ENV.EPI:DSD_LAND_USE@DF_LAND_USE(1.0),Land use,I,CMR,Cameroon,A,Annual,CROP,Cropland,KM2,Square kilometres,2021,,78549.3,,A,Normal value,0,Units,1,One
DATAFLOW,OECD.ENV.EPI:DSD_LAND_USE@DF_LAND_USE(1.0),Land use,I,CAF,Central African Republic,A,Annual,CROP,Cropland,PT_LAR,Percentage of land area,2021,,4.205705,,A,Normal value,0,Units,1,One
DATAFLOW,OECD.ENV.EPI:DSD_LAND_USE@DF_LAND_USE(1.0),Land use,I,CAF,Central African Republic,A,Annual,CROP,Cropland,KM2,Square kilometres,2021,,26200.7,,A,Normal value,0,Units,1,One
DATAFLOW,OECD.ENV.EPI:DSD_LAND_USE@DF_LAND_USE(1.0),Land use,I,TCD,Chad,A,Annual,CROP,Cropland,KM2,Square kilometres,2021,,53374.5,,A,Normal value,0,Units,1,One
DATAFLOW,OECD.ENV.EPI:DSD_LAND_USE@DF_LAND_USE(1.0),Land use,I,TCD,Chad,A,Annual,CROP,Cropland,PT_LAR,Percentage of land area,2021,,4.238763,,A,Normal value,0,Units,1,One
DATAFLOW,OECD.ENV.EPI:DSD_LAND_USE@DF_LAND_USE(1.0),Land use,I,COM,Comoros,A,Annual,CROP,Cropland,PT_LAR,Percentage of land area,2021,,70.77915,,A,Normal value,0,Units,1,One
DATAFLOW,OECD.ENV.EPI:DSD_LAND_USE@DF_LAND_USE(1.0),Land use,I,COM,Comoros,A,Annual,CROP,Cropland,KM2,Square kilometres,2021,,1317.2,,A,Normal value,0,Units,1,One
DATAFLOW,OECD.ENV.EPI:DSD_LAND_USE@DF_LAND_USE(1.0),Land use,I,COK,Cook Islands,A,Annual,CROP,Cropland,KM2,Square kilometres,2021,,34.14,,A,Normal value,0,Units,1,One
DATAFLOW,OECD.ENV.EPI:DSD_LAND_USE@DF_LAND_USE(1.0),Land use,I,COK,Cook Islands,A,Annual,CROP,Cropland,PT_LAR,Percentage of land area,2021,,14.225,,A,Normal value,0,Units,1,One
DATAFLOW,OECD.ENV.EPI:DSD_LAND_USE@DF_LAND_USE(1.0),Land use,I,CIV,Côte d’Ivoire,A,Annual,CROP,Cropland,PT_LAR,Percentage of land area,2021,,40.32176,,A,Normal value,0,Units,1,One
DATAFLOW,OECD.ENV.EPI:DSD_LAND_USE@DF_LAND_USE(1.0),Land use,I,CIV,Côte d’Ivoire,A,Annual,CROP,Cropland,KM2,Square kilometres,2021,,128223.2,,A,Normal value,0,Units,1,One
DATAFLOW,OECD.ENV.EPI:DSD_LAND_USE@DF_LAND_USE(1.0),Land use,I,PRK,Democratic People’s Republic of Korea,A,Annual,CROP,Cropland,PT_LAR,Percentage of land area,2021,,21.18479,,A,Normal value,0,Units,1,One
DATAFLOW,OECD.ENV.EPI:DSD_LAND_USE@DF_LAND_USE(1.0),Land use,I,PRK,Democratic People’s Republic of Korea,A,Annual,CROP,Cropland,KM2,Square kilometres,2021,,25508.6,,A,Normal value,0,Units,1,One
DATAFLOW,OECD.ENV.EPI:DSD_LAND_USE@DF_LAND_USE(1.0),Land use,I,COD,Democratic Republic of the Congo,A,Annual,CROP,Cropland,KM2,Square kilometres,2021,,168339.3,,A,Normal value,0,Units,1,One
DATAFLOW,OECD.ENV.EPI:DSD_LAND_USE@DF_LAND_USE(1.0),Land use,I,COD,Democratic Republic of the Congo,A,Annual,CROP,Cropland,PT_LAR,Percentage of land area,2021,,7.425478,,A,Normal value,0,Units,1,One
DATAFLOW,OECD.ENV.EPI:DSD_LAND_USE@DF_LAND_USE(1.0),Land use,I,DJI,Djibouti,A,Annual,CROP,Cropland,KM2,Square kilometres,2021,,40.1,,A,Normal value,0,Units,1,One
DATAFLOW,OECD.ENV.EPI:DSD_LAND_USE@DF_LAND_USE(1.0),Land use,I,DJI,Djibouti,A,Annual,CROP,Cropland,PT_LAR,Percentage of land area,2021,,0.172994,,A,Normal value,0,Units,1,One
DATAFLOW,OECD.ENV.EPI:DSD_LAND_USE@DF_LAND_USE(1.0),Land use,I,DMA,Dominica,A,Annual,CROP,Cropland,KM2,Square kilometres,2021,,225,,A,Normal value,0,Units,1,One
DATAFLOW,OECD.ENV.EPI:DSD_LAND_USE@DF_LAND_USE(1.0),Land use,I,DMA,Dominica,A,Annual,CROP,Cropland,PT_LAR,Percentage of land area,2021,,30,,A,Normal value,0,Units,1,One
DATAFLOW,OECD.ENV.EPI:DSD_LAND_USE@DF_LAND_USE(1.0),Land use,I,DOM,Dominican Republic,A,Annual,CROP,Cropland,KM2,Square kilometres,2021,,11947.2,,A,Normal value,0,Units,1,One
DATAFLOW,OECD.ENV.EPI:DSD_LAND_USE@DF_LAND_USE(1.0),Land use,I,DOM,Dominican Republic,A,Annual,CROP,Cropland,PT_LAR,Percentage of land area,2021,,24.78774,,A,Normal value,0,Units,1,One
DATAFLOW,OECD.ENV.EPI:DSD_LAND_USE@DF_LAND_USE(1.0),Land use,I,EGY,Egypt,A,Annual,CROP,Cropland,PT_LAR,Percentage of land area,2021,,4.050429,,A,Normal value,0,Units,1,One
DATAFLOW,OECD.ENV.EPI:DSD_LAND_USE@DF_LAND_USE(1.0),Land use,I,EGY,Egypt,A,Annual,CROP,Cropland,KM2,Square kilometres,2021,,40320,,A,Normal value,0,Units,1,One
DATAFLOW,OECD.ENV.EPI:DSD_LAND_USE@DF_LAND_USE(1.0),Land use,I,GNQ,Equatorial Guinea,A,Annual,CROP,Cropland,KM2,Square kilometres,2021,,919.5,,A,Normal value,0,Units,1,One
DATAFLOW,OECD.ENV.EPI:DSD_LAND_USE@DF_LAND_USE(1.0),Land use,I,GNQ,Equatorial Guinea,A,Annual,CROP,Cropland,PT_LAR,Percentage of land area,2021,,3.278075,,A,Normal value,0,Units,1,One
DATAFLOW,OECD.ENV.EPI:DSD_LAND_USE@DF_LAND_USE(1.0),Land use,I,ERI,Eritrea,A,Annual,CROP,Cropland,KM2,Square kilometres,2021,,6913.6,,A,Normal value,0,Units,1,One
DATAFLOW,OECD.ENV.EPI:DSD_LAND_USE@DF_LAND_USE(1.0),Land use,I,ERI,Eritrea,A,Annual,CROP,Cropland,PT_LAR,Percentage of land area,2021,,5.723178,,A,Normal value,0,Units,1,One
DATAFLOW,OECD.ENV.EPI:DSD_LAND_USE@DF_LAND_USE(1.0),Land use,I,SWZ,Eswatini,A,Annual,CROP,Cropland,PT_LAR,Percentage of land area,2021,,11.31221,,A,Normal value,0,Units,1,One
DATAFLOW,OECD.ENV.EPI:DSD_LAND_USE@DF_LAND_USE(1.0),Land use,I,SWZ,Eswatini,A,Annual,CROP,Cropland,KM2,Square kilometres,2021,,1945.7,,A,Normal value,0,Units,1,One
DATAFLOW,OECD.ENV.EPI:DSD_LAND_USE@DF_LAND_USE(1.0),Land use,I,ETH,Ethiopia,A,Annual,CROP,Cropland,PT_LAR,Percentage of land area,2021,,16.72055,,A,Normal value,0,Units,1,One
DATAFLOW,OECD.ENV.EPI:DSD_LAND_USE@DF_LAND_USE(1.0),Land use,I,PYF,French Polynesia,A,Annual,CROP,Cropland,KM2,Square kilometres,2021,,270.8,,A,Normal value,0,Units,1,One
DATAFLOW,OECD.ENV.EPI:DSD_LAND_USE@DF_LAND_USE(1.0),Land use,I,PYF,French Polynesia,A,Annual,CROP,Cropland,PT_LAR,Percentage of land area,2021,,7.801786,,A,Normal value,0,Units,1,One
DATAFLOW,OECD.ENV.EPI:DSD_LAND_USE@DF_LAND_USE(1.0),Land use,I,GMB,Gambia,A,Annual,CROP,Cropland,KM2,Square kilometres,2021,,5815.8,,A,Normal value,0,Units,1,One
DATAFLOW,OECD.ENV.EPI:DSD_LAND_USE@DF_LAND_USE(1.0),Land use,I,GMB,Gambia,A,Annual,CROP,Cropland,PT_LAR,Percentage of land area,2021,,57.46838,,A,Normal value,0,Units,1,One
DATAFLOW,OECD.ENV.EPI:DSD_LAND_USE@DF_LAND_USE(1.0),Land use,I,GEO,Georgia,A,Annual,CROP,Cropland,KM2,Square kilometres,2021,,4317.7,,A,Normal value,0,Units,1,One
DATAFLOW,OECD.ENV.EPI:DSD_LAND_USE@DF_LAND_USE(1.0),Land use,I,GEO,Georgia,A,Annual,CROP,Cropland,PT_LAR,Percentage of land area,2021,,6.213412,,A,Normal value,0,Units,1,One
DATAFLOW,OECD.ENV.EPI:DSD_LAND_USE@DF_LAND_USE(1.0),Land use,I,GLP,Guadeloupe,A,Annual,CROP,Cropland,PT_LAR,Percentage of land area,2021,,14.09321,,A,Normal value,0,Units,1,One
DATAFLOW,OECD.ENV.EPI:DSD_LAND_USE@DF_LAND_USE(1.0),Land use,I,GLP,Guadeloupe,A,Annual,CROP,Cropland,KM2,Square kilometres,2021,,228.31,,A,Normal value,0,Units,1,One
DATAFLOW,OECD.ENV.EPI:DSD_LAND_USE@DF_LAND_USE(1.0),Land use,I,GTM,Guatemala,A,Annual,CROP,Cropland,PT_LAR,Percentage of land area,2021,,28.54544,,A,Normal value,0,Units,1,One
DATAFLOW,OECD.ENV.EPI:DSD_LAND_USE@DF_LAND_USE(1.0),Land use,I,GTM,Guatemala,A,Annual,CROP,Cropland,KM2,Square kilometres,2021,,30589.3,,A,Normal value,0,Units,1,One
DATAFLOW,OECD.ENV.EPI:DSD_LAND_USE@DF_LAND_USE(1.0),Land use,I,GIN,Guinea,A,Annual,CROP,Cropland,PT_LAR,Percentage of land area,2021,,26.87075,,A,Normal value,0,Units,1,One
DATAFLOW,OECD.ENV.EPI:DSD_LAND_USE@DF_LAND_USE(1.0),Land use,I,GIN,Guinea,A,Annual,CROP,Cropland,KM2,Square kilometres,2021,,66026.8,,A,Normal value,0,Units,1,One
DATAFLOW,OECD.ENV.EPI:DSD_LAND_USE@DF_LAND_USE(1.0),Land use,I,GNB,Guinea-Bissau,A,Annual,CROP,Cropland,PT_LAR,Percentage of land area,2021,,23.06081,,A,Normal value,0,Units,1,One
DATAFLOW,OECD.ENV.EPI:DSD_LAND_USE@DF_LAND_USE(1.0),Land use,I,GNB,Guinea-Bissau,A,Annual,CROP,Cropland,KM2,Square kilometres,2021,,6484.7,,A,Normal value,0,Units,1,One
DATAFLOW,OECD.ENV.EPI:DSD_LAND_USE@DF_LAND_USE(1.0),Land use,I,GUY,Guyana,A,Annual,CROP,Cropland,PT_LAR,Percentage of land area,2021,,0.6028702,,A,Normal value,0,Units,1,One
DATAFLOW,OECD.ENV.EPI:DSD_LAND_USE@DF_LAND_USE(1.0),Land use,I,GUY,Guyana,A,Annual,CROP,Cropland,KM2,Square kilometres,2021,,1272.9,,A,Normal value,0,Units,1,One
DATAFLOW,OECD.ENV.EPI:DSD_LAND_USE@DF_LAND_USE(1.0),Land use,I,HND,Honduras,A,Annual,CROP,Cropland,PT_LAR,Percentage of land area,2021,,14.93279,,A,Normal value,0,Units,1,One
DATAFLOW,OECD.ENV.EPI:DSD_LAND_USE@DF_LAND_USE(1.0),Land use,I,HND,Honduras,A,Annual,CROP,Cropland,KM2,Square kilometres,2021,,16708.3,,A,Normal value,0,Units,1,One
DATAFLOW,OECD.ENV.EPI:DSD_LAND_USE@DF_LAND_USE(1.0),Land use,I,IRQ,Iraq,A,Annual,CROP,Cropland,KM2,Square kilometres,2021,,54213.6,,A,Normal value,0,Units,1,One
DATAFLOW,OECD.ENV.EPI:DSD_LAND_USE@DF_LAND_USE(1.0),Land use,I,IRQ,Iraq,A,Annual,CROP,Cropland,PT_LAR,Percentage of land area,2021,,12.48787,,A,Normal value,0,Units,1,One
DATAFLOW,OECD.ENV.EPI:DSD_LAND_USE@DF_LAND_USE(1.0),Land use,I,JAM,Jamaica,A,Annual,CROP,Cropland,PT_LAR,Percentage of land area,2021,,17.90397,,A,Normal value,0,Units,1,One
DATAFLOW,OECD.ENV.EPI:DSD_LAND_USE@DF_LAND_USE(1.0),Land use,I,JAM,Jamaica,A,Annual,CROP,Cropland,KM2,Square kilometres,2021,,1939,,A,Normal value,0,Units,1,One
DATAFLOW,OECD.ENV.EPI:DSD_LAND_USE@DF_LAND_USE(1.0),Land use,I,JOR,Jordan,A,Annual,CROP,Cropland,KM2,Square kilometres,2021,,2988,,A,Normal value,0,Units,1,One
DATAFLOW,OECD.ENV.EPI:DSD_LAND_USE@DF_LAND_USE(1.0),Land use,I,JOR,Jordan,A,Annual,CROP,Cropland,PT_LAR,Percentage of land area,2021,,3.365092,,A,Normal value,0,Units,1,One
DATAFLOW,OECD.ENV.EPI:DSD_LAND_USE@DF_LAND_USE(1.0),Land use,I,KAZ,Kazakhstan,A,Annual,CROP,Cropland,PT_LAR,Percentage of land area,2021,,11.2391,,A,Normal value,0,Units,1,One
DATAFLOW,OECD.ENV.EPI:DSD_LAND_USE@DF_LAND_USE(1.0),Land use,I,KAZ,Kazakhstan,A,Annual,CROP,Cropland,KM2,Square kilometres,2021,,303422,,A,Normal value,0,Units,1,One
DATAFLOW,OECD.ENV.EPI:DSD_LAND_USE@DF_LAND_USE(1.0),Land use,I,KEN,Kenya,A,Annual,CROP,Cropland,PT_LAR,Percentage of land area,2021,,12.46599,,A,Normal value,0,Units,1,One
DATAFLOW,OECD.ENV.EPI:DSD_LAND_USE@DF_LAND_USE(1.0),Land use,I,KEN,Kenya,A,Annual,CROP,Cropland,KM2,Square kilometres,2021,,72412,,A,Normal value,0,Units,1,One
DATAFLOW,OECD.ENV.EPI:DSD_LAND_USE@DF_LAND_USE(1.0),Land use,I,LBN,Lebanon,A,Annual,CROP,Cropland,KM2,Square kilometres,2021,,2793,,A,Normal value,0,Units,1,One
DATAFLOW,OECD.ENV.EPI:DSD_LAND_USE@DF_LAND_USE(1.0),Land use,I,LBN,Lebanon,A,Annual,CROP,Cropland,PT_LAR,Percentage of land area,2021,,27.30205,,A,Normal value,0,Units,1,One
DATAFLOW,OECD.ENV.EPI:DSD_LAND_USE@DF_LAND_USE(1.0),Land use,I,LSO,Lesotho,A,Annual,CROP,Cropland,KM2,Square kilometres,2021,,5030,,A,Normal value,0,Units,1,One
DATAFLOW,OECD.ENV.EPI:DSD_LAND_USE@DF_LAND_USE(1.0),Land use,I,LSO,Lesotho,A,Annual,CROP,Cropland,PT_LAR,Percentage of land area,2021,,16.56785,,A,Normal value,0,Units,1,One
DATAFLOW,OECD.ENV.EPI:DSD_LAND_USE@DF_LAND_USE(1.0),Land use,I,LBR,Liberia,A,Annual,CROP,Cropland,PT_LAR,Percentage of land area,2021,,7.334095,,A,Normal value,0,Units,1,One
DATAFLOW,OECD.ENV.EPI:DSD_LAND_USE@DF_LAND_USE(1.0),Land use,I,LBR,Liberia,A,Annual,CROP,Cropland,KM2,Square kilometres,2021,,7064.2,,A,Normal value,0,Units,1,One
DATAFLOW,OECD.ENV.EPI:DSD_LAND_USE@DF_LAND_USE(1.0),Land use,I,MDG,Madagascar,A,Annual,CROP,Cropland,PT_LAR,Percentage of land area,2021,,6.222327,,A,Normal value,0,Units,1,One
DATAFLOW,OECD.ENV.EPI:DSD_LAND_USE@DF_LAND_USE(1.0),Land use,I,MDG,Madagascar,A,Annual,CROP,Cropland,KM2,Square kilometres,2021,,36201.5,,A,Normal value,0,Units,1,One
DATAFLOW,OECD.ENV.EPI:DSD_LAND_USE@DF_LAND_USE(1.0),Land use,I,MWI,Malawi,A,Annual,CROP,Cropland,KM2,Square kilometres,2021,,42821.9,,A,Normal value,0,Units,1,One
DATAFLOW,OECD.ENV.EPI:DSD_LAND_USE@DF_LAND_USE(1.0),Land use,I,MWI,Malawi,A,Annual,CROP,Cropland,PT_LAR,Percentage of land area,2021,,45.41992,,A,Normal value,0,Units,1,One
DATAFLOW,OECD.ENV.EPI:DSD_LAND_USE@DF_LAND_USE(1.0),Land use,I,MYS,Malaysia,A,Annual,CROP,Cropland,KM2,Square kilometres,2021,,80468.8,,A,Normal value,0,Units,1,One
DATAFLOW,OECD.ENV.EPI:DSD_LAND_USE@DF_LAND_USE(1.0),Land use,I,MYS,Malaysia,A,Annual,CROP,Cropland,PT_LAR,Percentage of land area,2021,,24.4921,,A,Normal value,0,Units,1,One
DATAFLOW,OECD.ENV.EPI:DSD_LAND_USE@DF_LAND_USE(1.0),Land use,I,MLI,Mali,A,Annual,CROP,Cropland,PT_LAR,Percentage of land area,2021,,6.316984,,A,Normal value,0,Units,1,One
DATAFLOW,OECD.ENV.EPI:DSD_LAND_USE@DF_LAND_USE(1.0),Land use,I,MLI,Mali,A,Annual,CROP,Cropland,KM2,Square kilometres,2021,,77079.2,,A,Normal value,0,Units,1,One
DATAFLOW,OECD.ENV.EPI:DSD_LAND_USE@DF_LAND_USE(1.0),Land use,I,MLT,Malta,A,Annual,CROP,Cropland,PT_LAR,Percentage of land area,2021,,27.76456,,A,Normal value,0,Units,1,One
DATAFLOW,OECD.ENV.EPI:DSD_LAND_USE@DF_LAND_USE(1.0),Land use,I,MHL,Marshall Islands,A,Annual,CROP,Cropland,PT_LAR,Percentage of land area,2021,,39,,A,Normal value,0,Units,1,One
DATAFLOW,OECD.ENV.EPI:DSD_LAND_USE@DF_LAND_USE(1.0),Land use,I,MHL,Marshall Islands,A,Annual,CROP,Cropland,KM2,Square kilometres,2021,,70.2,,A,Normal value,0,Units,1,One
DATAFLOW,OECD.ENV.EPI:DSD_LAND_USE@DF_LAND_USE(1.0),Land use,I,MUS,Mauritius,A,Annual,CROP,Cropland,PT_LAR,Percentage of land area,2021,,37.33,,A,Normal value,0,Units,1,One
DATAFLOW,OECD.ENV.EPI:DSD_LAND_USE@DF_LAND_USE(1.0),Land use,I,MUS,Mauritius,A,Annual,CROP,Cropland,KM2,Square kilometres,2021,,746.6,,A,Normal value,0,Units,1,One
DATAFLOW,OECD.ENV.EPI:DSD_LAND_USE@DF_LAND_USE(1.0),Land use,I,MYT,Mayotte,A,Annual,CROP,Cropland,PT_LAR,Percentage of land area,2021,,54.2347,,A,Normal value,0,Units,1,One
DATAFLOW,OECD.ENV.EPI:DSD_LAND_USE@DF_LAND_USE(1.0),Land use,I,MYT,Mayotte,A,Annual,CROP,Cropland,KM2,Square kilometres,2021,,198.64,,A,Normal value,0,Units,1,One
DATAFLOW,OECD.ENV.EPI:DSD_LAND_USE@DF_LAND_USE(1.0),Land use,I,MAR,Morocco,A,Annual,CROP,Cropland,PT_LAR,Percentage of land area,2021,,19.87596,,A,Normal value,0,Units,1,One
DATAFLOW,OECD.ENV.EPI:DSD_LAND_USE@DF_LAND_USE(1.0),Land use,I,MAR,Morocco,A,Annual,CROP,Cropland,KM2,Square kilometres,2021,,88706.4,,A,Normal value,0,Units,1,One
DATAFLOW,OECD.ENV.EPI:DSD_LAND_USE@DF_LAND_USE(1.0),Land use,I,MOZ,Mozambique,A,Annual,CROP,Cropland,PT_LAR,Percentage of land area,2021,,10.70479,,A,Normal value,0,Units,1,One
DATAFLOW,OECD.ENV.EPI:DSD_LAND_USE@DF_LAND_USE(1.0),Land use,I,MOZ,Mozambique,A,Annual,CROP,Cropland,KM2,Square kilometres,2021,,84180.3,,A,Normal value,0,Units,1,One
DATAFLOW,OECD.ENV.EPI:DSD_LAND_USE@DF_LAND_USE(1.0),Land use,I,MMR,Myanmar,A,Annual,CROP,Cropland,KM2,Square kilometres,2021,,124922.5,,A,Normal value,0,Units,1,One
DATAFLOW,OECD.ENV.EPI:DSD_LAND_USE@DF_LAND_USE(1.0),Land use,I,MMR,Myanmar,A,Annual,CROP,Cropland,PT_LAR,Percentage of land area,2021,,19.14023,,A,Normal value,0,Units,1,One
DATAFLOW,OECD.ENV.EPI:DSD_LAND_USE@DF_LAND_USE(1.0),Land use,I,NPL,Nepal,A,Annual,CROP,Cropland,PT_LAR,Percentage of land area,2021,,13.79602,,A,Normal value,0,Units,1,One
DATAFLOW,OECD.ENV.EPI:DSD_LAND_USE@DF_LAND_USE(1.0),Land use,I,NPL,Nepal,A,Annual,CROP,Cropland,KM2,Square kilometres,2021,,19776.6,,A,Normal value,0,Units,1,One
DATAFLOW,OECD.ENV.EPI:DSD_LAND_USE@DF_LAND_USE(1.0),Land use,I,NCL,New Caledonia,A,Annual,CROP,Cropland,KM2,Square kilometres,2021,,77.5,,A,Normal value,0,Units,1,One
DATAFLOW,OECD.ENV.EPI:DSD_LAND_USE@DF_LAND_USE(1.0),Land use,I,NCL,New Caledonia,A,Annual,CROP,Cropland,PT_LAR,Percentage of land area,2021,,0.417205,,A,Normal value,0,Units,1,One
DATAFLOW,OECD.ENV.EPI:DSD_LAND_USE@DF_LAND_USE(1.0),Land use,I,NER,Niger,A,Annual,CROP,Cropland,KM2,Square kilometres,2021,,178368.5,,A,Normal value,0,Units,1,One
DATAFLOW,OECD.ENV.EPI:DSD_LAND_USE@DF_LAND_USE(1.0),Land use,I,NER,Niger,A,Annual,CROP,Cropland,PT_LAR,Percentage of land area,2021,,14.08135,,A,Normal value,0,Units,1,One
DATAFLOW,OECD.ENV.EPI:DSD_LAND_USE@DF_LAND_USE(1.0),Land use,I,NGA,Nigeria,A,Annual,CROP,Cropland,PT_LAR,Percentage of land area,2021,,47.41588,,A,Normal value,0,Units,1,One
DATAFLOW,OECD.ENV.EPI:DSD_LAND_USE@DF_LAND_USE(1.0),Land use,I,NGA,Nigeria,A,Annual,CROP,Cropland,KM2,Square kilometres,2021,,431849.6,,A,Normal value,0,Units,1,One
DATAFLOW,OECD.ENV.EPI:DSD_LAND_USE@DF_LAND_USE(1.0),Land use,I,MNP,Northern Mariana Islands,A,Annual,CROP,Cropland,PT_LAR,Percentage of land area,2021,,0.4347826,,A,Normal value,0,Units,1,One
DATAFLOW,OECD.ENV.EPI:DSD_LAND_USE@DF_LAND_USE(1.0),Land use,I,MNP,Northern Mariana Islands,A,Annual,CROP,Cropland,KM2,Square kilometres,2021,,2,,A,Normal value,0,Units,1,One
DATAFLOW,OECD.ENV.EPI:DSD_LAND_USE@DF_LAND_USE(1.0),Land use,I,PLW,Palau,A,Annual,CROP,Cropland,PT_LAR,Percentage of land area,2021,,5.010893,,A,Normal value,0,Units,1,One
DATAFLOW,OECD.ENV.EPI:DSD_LAND_USE@DF_LAND_USE(1.0),Land use,I,PAN,Panama,A,Annual,CROP,Cropland,KM2,Square kilometres,2021,,6332,,A,Normal value,0,Units,1,One
DATAFLOW,OECD.ENV.EPI:DSD_LAND_USE@DF_LAND_USE(1.0),Land use,I,PAN,Panama,A,Annual,CROP,Cropland,PT_LAR,Percentage of land area,2021,,8.535994,,A,Normal value,0,Units,1,One
DATAFLOW,OECD.ENV.EPI:DSD_LAND_USE@DF_LAND_USE(1.0),Land use,I,PRY,Paraguay,A,Annual,CROP,Cropland,PT_LAR,Percentage of land area,2021,,11.548,,A,Normal value,0,Units,1,One
DATAFLOW,OECD.ENV.EPI:DSD_LAND_USE@DF_LAND_USE(1.0),Land use,I,PRY,Paraguay,A,Annual,CROP,Cropland,KM2,Square kilometres,2021,,45880.2,,A,Normal value,0,Units,1,One
DATAFLOW,OECD.ENV.EPI:DSD_LAND_USE@DF_LAND_USE(1.0),Land use,I,PHL,Philippines,A,Annual,CROP,Cropland,KM2,Square kilometres,2021,,111761.5,,A,Normal value,0,Units,1,One
DATAFLOW,OECD.ENV.EPI:DSD_LAND_USE@DF_LAND_USE(1.0),Land use,I,PHL,Philippines,A,Annual,CROP,Cropland,PT_LAR,Percentage of land area,2021,,37.48248,,A,Normal value,0,Units,1,One
DATAFLOW,OECD.ENV.EPI:DSD_LAND_USE@DF_LAND_USE(1.0),Land use,I,PRI,Puerto Rico,A,Annual,CROP,Cropland,PT_LAR,Percentage of land area,2021,,7.599775,,A,Normal value,0,Units,1,One
DATAFLOW,OECD.ENV.EPI:DSD_LAND_USE@DF_LAND_USE(1.0),Land use,I,PRI,Puerto Rico,A,Annual,CROP,Cropland,KM2,Square kilometres,2021,,674.1,,A,Normal value,0,Units,1,One
DATAFLOW,OECD.ENV.EPI:DSD_LAND_USE@DF_LAND_USE(1.0),Land use,I,REU,Réunion,A,Annual,CROP,Cropland,PT_LAR,Percentage of land area,2021,,11.79404,,A,Normal value,0,Units,1,One
DATAFLOW,OECD.ENV.EPI:DSD_LAND_USE@DF_LAND_USE(1.0),Land use,I,REU,Réunion,A,Annual,CROP,Cropland,KM2,Square kilometres,2021,,295.18,,A,Normal value,0,Units,1,One
DATAFLOW,OECD.ENV.EPI:DSD_LAND_USE@DF_LAND_USE(1.0),Land use,I,RUS,Russia,A,Annual,CROP,Cropland,PT_LAR,Percentage of land area,2021,,7.545642,,A,Normal value,0,Units,1,One
DATAFLOW,OECD.ENV.EPI:DSD_LAND_USE@DF_LAND_USE(1.0),Land use,I,RUS,Russia,A,Annual,CROP,Cropland,KM2,Square kilometres,2021,,1235740,,A,Normal value,0,Units,1,One
DATAFLOW,OECD.ENV.EPI:DSD_LAND_USE@DF_LAND_USE(1.0),Land use,I,RWA,Rwanda,A,Annual,CROP,Cropland,PT_LAR,Percentage of land area,2021,,75.79451,,A,Normal value,0,Units,1,One
DATAFLOW,OECD.ENV.EPI:DSD_LAND_USE@DF_LAND_USE(1.0),Land use,I,RWA,Rwanda,A,Annual,CROP,Cropland,KM2,Square kilometres,2021,,18017.11,,A,Normal value,0,Units,1,One
DATAFLOW,OECD.ENV.EPI:DSD_LAND_USE@DF_LAND_USE(1.0),Land use,I,LCA,Saint Lucia,A,Annual,CROP,Cropland,PT_LAR,Percentage of land area,2021,,15.67213,,A,Normal value,0,Units,1,One
DATAFLOW,OECD.ENV.EPI:DSD_LAND_USE@DF_LAND_USE(1.0),Land use,I,LCA,Saint Lucia,A,Annual,CROP,Cropland,KM2,Square kilometres,2021,,95.60001,,A,Normal value,0,Units,1,One
DATAFLOW,OECD.ENV.EPI:DSD_LAND_USE@DF_LAND_USE(1.0),Land use,I,SMR,San Marino,A,Annual,CROP,Cropland,KM2,Square kilometres,2021,,14.9,,A,Normal value,0,Units,1,One
DATAFLOW,OECD.ENV.EPI:DSD_LAND_USE@DF_LAND_USE(1.0),Land use,I,SMR,San Marino,A,Annual,CROP,Cropland,PT_LAR,Percentage of land area,2021,,24.83333,,A,Normal value,0,Units,1,One
DATAFLOW,OECD.ENV.EPI:DSD_LAND_USE@DF_LAND_USE(1.0),Land use,I,STP,Sao Tome and Principe,A,Annual,CROP,Cropland,KM2,Square kilometres,2021,,432.6,,A,Normal value,0,Units,1,One
DATAFLOW,OECD.ENV.EPI:DSD_LAND_USE@DF_LAND_USE(1.0),Land use,I,STP,Sao Tome and Principe,A,Annual,CROP,Cropland,PT_LAR,Percentage of land area,2021,,45.0625,,A,Normal value,0,Units,1,One
DATAFLOW,OECD.ENV.EPI:DSD_LAND_USE@DF_LAND_USE(1.0),Land use,I,SAU,Saudi Arabia,A,Annual,CROP,Cropland,KM2,Square kilometres,2021,,36581.9,,A,Normal value,0,Units,1,One
DATAFLOW,OECD.ENV.EPI:DSD_LAND_USE@DF_LAND_USE(1.0),Land use,I,SAU,Saudi Arabia,A,Annual,CROP,Cropland,PT_LAR,Percentage of land area,2021,,1.701729,,A,Normal value,0,Units,1,One
DATAFLOW,OECD.ENV.EPI:DSD_LAND_USE@DF_LAND_USE(1.0),Land use,I,SEN,Senegal,A,Annual,CROP,Cropland,KM2,Square kilometres,2021,,39125.6,,A,Normal value,0,Units,1,One
DATAFLOW,OECD.ENV.EPI:DSD_LAND_USE@DF_LAND_USE(1.0),Land use,I,SEN,Senegal,A,Annual,CROP,Cropland,PT_LAR,Percentage of land area,2021,,20.32182,,A,Normal value,0,Units,1,One
DATAFLOW,OECD.ENV.EPI:DSD_LAND_USE@DF_LAND_USE(1.0),Land use,I,SYC,Seychelles,A,Annual,CROP,Cropland,KM2,Square kilometres,2021,,14.5,,A,Normal value,0,Units,1,One
DATAFLOW,OECD.ENV.EPI:DSD_LAND_USE@DF_LAND_USE(1.0),Land use,I,SYC,Seychelles,A,Annual,CROP,Cropland,PT_LAR,Percentage of land area,2021,,3.152174,,A,Normal value,0,Units,1,One
DATAFLOW,OECD.ENV.EPI:DSD_LAND_USE@DF_LAND_USE(1.0),Land use,I,SGP,Singapore,A,Annual,CROP,Cropland,PT_LAR,Percentage of land area,2021,,0.9193481,,A,Normal value,0,Units,1,One
DATAFLOW,OECD.ENV.EPI:DSD_LAND_USE@DF_LAND_USE(1.0),Land use,I,SLB,Solomon Islands,A,Annual,CROP,Cropland,KM2,Square kilometres,2021,,1011.8,,A,Normal value,0,Units,1,One
DATAFLOW,OECD.ENV.EPI:DSD_LAND_USE@DF_LAND_USE(1.0),Land use,I,SLB,Solomon Islands,A,Annual,CROP,Cropland,PT_LAR,Percentage of land area,2021,,3.614862,,A,Normal value,0,Units,1,One
DATAFLOW,OECD.ENV.EPI:DSD_LAND_USE@DF_LAND_USE(1.0),Land use,I,SOM,Somalia,A,Annual,CROP,Cropland,PT_LAR,Percentage of land area,2021,,1.797949,,A,Normal value,0,Units,1,One
DATAFLOW,OECD.ENV.EPI:DSD_LAND_USE@DF_LAND_USE(1.0),Land use,I,SOM,Somalia,A,Annual,CROP,Cropland,KM2,Square kilometres,2021,,11279.2,,A,Normal value,0,Units,1,One
DATAFLOW,OECD.ENV.EPI:DSD_LAND_USE@DF_LAND_USE(1.0),Land use,I,SYR,Syrian Arab Republic,A,Annual,CROP,Cropland,PT_LAR,Percentage of land area,2021,,30.41066,,A,Normal value,0,Units,1,One
DATAFLOW,OECD.ENV.EPI:DSD_LAND_USE@DF_LAND_USE(1.0),Land use,I,SYR,Syrian Arab Republic,A,Annual,CROP,Cropland,KM2,Square kilometres,2021,,55843.1,,A,Normal value,0,Units,1,One
DATAFLOW,OECD.ENV.EPI:DSD_LAND_USE@DF_LAND_USE(1.0),Land use,I,TZA,Tanzania,A,Annual,CROP,Cropland,PT_LAR,Percentage of land area,2021,,17.55792,,A,Normal value,0,Units,1,One
DATAFLOW,OECD.ENV.EPI:DSD_LAND_USE@DF_LAND_USE(1.0),Land use,I,TGO,Togo,A,Annual,CROP,Cropland,PT_LAR,Percentage of land area,2021,,50.35834,,A,Normal value,0,Units,1,One
DATAFLOW,OECD.ENV.EPI:DSD_LAND_USE@DF_LAND_USE(1.0),Land use,I,TGO,Togo,A,Annual,CROP,Cropland,KM2,Square kilometres,2021,,27389.9,,A,Normal value,0,Units,1,One
DATAFLOW,OECD.ENV.EPI:DSD_LAND_USE@DF_LAND_USE(1.0),Land use,I,TON,Tonga,A,Annual,CROP,Cropland,PT_LAR,Percentage of land area,2021,,42.81944,,A,Normal value,0,Units,1,One
DATAFLOW,OECD.ENV.EPI:DSD_LAND_USE@DF_LAND_USE(1.0),Land use,I,TON,Tonga,A,Annual,CROP,Cropland,KM2,Square kilometres,2021,,308.3,,A,Normal value,0,Units,1,One
DATAFLOW,OECD.ENV.EPI:DSD_LAND_USE@DF_LAND_USE(1.0),Land use,I,TTO,Trinidad and Tobago,A,Annual,CROP,Cropland,PT_LAR,Percentage of land area,2021,,10.39181,,A,Normal value,0,Units,1,One
DATAFLOW,OECD.ENV.EPI:DSD_LAND_USE@DF_LAND_USE(1.0),Land use,I,TTO,Trinidad and Tobago,A,Annual,CROP,Cropland,KM2,Square kilometres,2021,,533.1,,A,Normal value,0,Units,1,One
DATAFLOW,OECD.ENV.EPI:DSD_LAND_USE@DF_LAND_USE(1.0),Land use,I,UGA,Uganda,A,Annual,CROP,Cropland,KM2,Square kilometres,2021,,114990,,A,Normal value,0,Units,1,One
DATAFLOW,OECD.ENV.EPI:DSD_LAND_USE@DF_LAND_USE(1.0),Land use,I,UGA,Uganda,A,Annual,CROP,Cropland,PT_LAR,Percentage of land area,2021,,57.3459,,A,Normal value,0,Units,1,One
DATAFLOW,OECD.ENV.EPI:DSD_LAND_USE@DF_LAND_USE(1.0),Land use,I,VIR,United States Virgin Islands,A,Annual,CROP,Cropland,PT_LAR,Percentage of land area,2021,,2.885714,,A,Normal value,0,Units,1,One
DATAFLOW,OECD.ENV.EPI:DSD_LAND_USE@DF_LAND_USE(1.0),Land use,I,VIR,United States Virgin Islands,A,Annual,CROP,Cropland,KM2,Square kilometres,2021,,10.1,,A,Normal value,0,Units,1,One
DATAFLOW,OECD.ENV.EPI:DSD_LAND_USE@DF_LAND_USE(1.0),Land use,I,URY,Uruguay,A,Annual,CROP,Cropland,KM2,Square kilometres,2021,,20501,,A,Normal value,0,Units,1,One
DATAFLOW,OECD.ENV.EPI:DSD_LAND_USE@DF_LAND_USE(1.0),Land use,I,URY,Uruguay,A,Annual,CROP,Cropland,PT_LAR,Percentage of land area,2021,,11.71352,,A,Normal value,0,Units,1,One
DATAFLOW,OECD.ENV.EPI:DSD_LAND_USE@DF_LAND_USE(1.0),Land use,I,VUT,Vanuatu,A,Annual,CROP,Cropland,PT_LAR,Percentage of land area,2021,,9.817883,,A,Normal value,0,Units,1,One
DATAFLOW,OECD.ENV.EPI:DSD_LAND_USE@DF_LAND_USE(1.0),Land use,I,VUT,Vanuatu,A,Annual,CROP,Cropland,KM2,Square kilometres,2021,,1196.8,,A,Normal value,0,Units,1,One
DATAFLOW,OECD.ENV.EPI:DSD_LAND_USE@DF_LAND_USE(1.0),Land use,I,VNM,Viet Nam,A,Annual,CROP,Cropland,PT_LAR,Percentage of land area,2021,,37.31467,,A,Normal value,0,Units,1,One
DATAFLOW,OECD.ENV.EPI:DSD_LAND_USE@DF_LAND_USE(1.0),Land use,I,VNM,Viet Nam,A,Annual,CROP,Cropland,KM2,Square kilometres,2021,,116955,,A,Normal value,0,Units,1,One
DATAFLOW,OECD.ENV.EPI:DSD_LAND_USE@DF_LAND_USE(1.0),Land use,I,WLF,Wallis and Futuna,A,Annual,CROP,Cropland,PT_LAR,Percentage of land area,2021,,25,,A,Normal value,0,Units,1,One
DATAFLOW,OECD.ENV.EPI:DSD_LAND_USE@DF_LAND_USE(1.0),Land use,I,WLF,Wallis and Futuna,A,Annual,CROP,Cropland,KM2,Square kilometres,2021,,35,,A,Normal value,0,Units,1,One
DATAFLOW,OECD.ENV.EPI:DSD_LAND_USE@DF_LAND_USE(1.0),Land use,I,ZMB,Zambia,A,Annual,CROP,Cropland,PT_LAR,Percentage of land area,2021,,5.165943,,A,Normal value,0,Units,1,One
DATAFLOW,OECD.ENV.EPI:DSD_LAND_USE@DF_LAND_USE(1.0),Land use,I,ZMB,Zambia,A,Annual,CROP,Cropland,KM2,Square kilometres,2021,,38403.1,,A,Normal value,0,Units,1,One
DATAFLOW,OECD.ENV.EPI:DSD_LAND_USE@DF_LAND_USE(1.0),Land use,I,ZWE,Zimbabwe,A,Annual,CROP,Cropland,PT_LAR,Percentage of land area,2021,,10.53075,,A,Normal value,0,Units,1,One
DATAFLOW,OECD.ENV.EPI:DSD_LAND_USE@DF_LAND_USE(1.0),Land use,I,ZWE,Zimbabwe,A,Annual,CROP,Cropland,KM2,Square kilometres,2021,,40738.2,,A,Normal value,0,Units,1,One
DATAFLOW,OECD.ENV.EPI:DSD_LAND_USE@DF_LAND_USE(1.0),Land use,I,AUS,Australia,A,Annual,CROP,Cropland,KM2,Square kilometres,2021,,316500,,A,Normal value,0,Units,1,One
DATAFLOW,OECD.ENV.EPI:DSD_LAND_USE@DF_LAND_USE(1.0),Land use,I,AUT,Austria,A,Annual,CROP,Cropland,KM2,Square kilometres,2021,,13904.49,,A,Normal value,0,Units,1,One
DATAFLOW,OECD.ENV.EPI:DSD_LAND_USE@DF_LAND_USE(1.0),Land use,I,BEL,Belgium,A,Annual,CROP,Cropland,KM2,Square kilometres,2021,,8893.9,,A,Normal value,0,Units,1,One
DATAFLOW,OECD.ENV.EPI:DSD_LAND_USE@DF_LAND_USE(1.0),Land use,I,CAN,Canada,A,Annual,CROP,Cropland,KM2,Square kilometres,2021,,384310,,A,Normal value,0,Units,1,One
DATAFLOW,OECD.ENV.EPI:DSD_LAND_USE@DF_LAND_USE(1.0),Land use,I,CRI,Costa Rica,A,Annual,CROP,Cropland,KM2,Square kilometres,2021,,5443.476,,A,Normal value,0,Units,1,One
DATAFLOW,OECD.ENV.EPI:DSD_LAND_USE@DF_LAND_USE(1.0),Land use,I,CZE,Czechia,A,Annual,CROP,Cropland,KM2,Square kilometres,2021,,25242.72,,A,Normal value,0,Units,1,One
DATAFLOW,OECD.ENV.EPI:DSD_LAND_USE@DF_LAND_USE(1.0),Land use,I,DNK,Denmark,A,Annual,CROP,Cropland,KM2,Square kilometres,2021,,23840,,A,Normal value,0,Units,1,One
DATAFLOW,OECD.ENV.EPI:DSD_LAND_USE@DF_LAND_USE(1.0),Land use,I,EST,Estonia,A,Annual,CROP,Cropland,KM2,Square kilometres,2021,,7050,,A,Normal value,0,Units,1,One
DATAFLOW,OECD.ENV.EPI:DSD_LAND_USE@DF_LAND_USE(1.0),Land use,I,DEU,Germany,A,Annual,CROP,Cropland,KM2,Square kilometres,2021,,118600,,A,Normal value,0,Units,1,One
DATAFLOW,OECD.ENV.EPI:DSD_LAND_USE@DF_LAND_USE(1.0),Land use,I,GRC,Greece,A,Annual,CROP,Cropland,KM2,Square kilometres,2021,,28419.96,,A,Normal value,0,Units,1,One
DATAFLOW,OECD.ENV.EPI:DSD_LAND_USE@DF_LAND_USE(1.0),Land use,I,HUN,Hungary,A,Annual,CROP,Cropland,KM2,Square kilometres,2021,,42891.99,,A,Normal value,0,Units,1,One
DATAFLOW,OECD.ENV.EPI:DSD_LAND_USE@DF_LAND_USE(1.0),Land use,I,ISL,Iceland,A,Annual,CROP,Cropland,KM2,Square kilometres,2021,,1210,,A,Normal value,0,Units,1,One
DATAFLOW,OECD.ENV.EPI:DSD_LAND_USE@DF_LAND_USE(1.0),Land use,I,IRL,Ireland,A,Annual,CROP,Cropland,KM2,Square kilometres,2021,,4370,,A,Normal value,0,Units,1,One
DATAFLOW,OECD.ENV.EPI:DSD_LAND_USE@DF_LAND_USE(1.0),Land use,I,ISR,Israel,A,Annual,CROP,Cropland,KM2,Square kilometres,2021,,3750,,A,Normal value,0,Units,1,One
DATAFLOW,OECD.ENV.EPI:DSD_LAND_USE@DF_LAND_USE(1.0),Land use,I,ITA,Italy,A,Annual,CROP,Cropland,KM2,Square kilometres,2021,,93614.34,,A,Normal value,0,Units,1,One
DATAFLOW,OECD.ENV.EPI:DSD_LAND_USE@DF_LAND_USE(1.0),Land use,I,JPN,Japan,A,Annual,CROP,Cropland,KM2,Square kilometres,2021,,43490,,A,Normal value,0,Units,1,One
DATAFLOW,OECD.ENV.EPI:DSD_LAND_USE@DF_LAND_USE(1.0),Land use,I,KOR,Korea,A,Annual,CROP,Cropland,KM2,Square kilometres,2021,,15470,,A,Normal value,0,Units,1,One
DATAFLOW,OECD.ENV.EPI:DSD_LAND_USE@DF_LAND_USE(1.0),Land use,I,LVA,Latvia,A,Annual,CROP,Cropland,KM2,Square kilometres,2021,,13710,,A,Normal value,0,Units,1,One
DATAFLOW,OECD.ENV.EPI:DSD_LAND_USE@DF_LAND_USE(1.0),Land use,I,LTU,Lithuania,A,Annual,CROP,Cropland,KM2,Square kilometres,2021,,23152,,A,Normal value,0,Units,1,One
DATAFLOW,OECD.ENV.EPI:DSD_LAND_USE@DF_LAND_USE(1.0),Land use,I,LUX,Luxembourg,A,Annual,CROP,Cropland,KM2,Square kilometres,2021,,640.3,,A,Normal value,0,Units,1,One
DATAFLOW,OECD.ENV.EPI:DSD_LAND_USE@DF_LAND_USE(1.0),Land use,I,MEX,Mexico,A,Annual,CROP,Cropland,KM2,Square kilometres,2021,,259260.7,,A,Normal value,0,Units,1,One
DATAFLOW,OECD.ENV.EPI:DSD_LAND_USE@DF_LAND_USE(1.0),Land use,I,NLD,Netherlands,A,Annual,CROP,Cropland,KM2,Square kilometres,2021,,10400,,A,Normal value,0,Units,1,One
DATAFLOW,OECD.ENV.EPI:DSD_LAND_USE@DF_LAND_USE(1.0),Land use,I,NZL,New Zealand,A,Annual,CROP,Cropland,KM2,Square kilometres,2021,,6900,,A,Normal value,0,Units,1,One
DATAFLOW,OECD.ENV.EPI:DSD_LAND_USE@DF_LAND_USE(1.0),Land use,I,NOR,Norway,A,Annual,CROP,Cropland,KM2,Square kilometres,2021,,8070,,A,Normal value,0,Units,1,One
DATAFLOW,OECD.ENV.EPI:DSD_LAND_USE@DF_LAND_USE(1.0),Land use,I,SVK,Slovak Republic,A,Annual,CROP,Cropland,KM2,Square kilometres,2021,,13440,,A,Normal value,0,Units,1,One
DATAFLOW,OECD.ENV.EPI:DSD_LAND_USE@DF_LAND_USE(1.0),Land use,I,SVN,Slovenia,A,Annual,CROP,Cropland,KM2,Square kilometres,2021,,2333.5,,A,Normal value,0,Units,1,One
DATAFLOW,OECD.ENV.EPI:DSD_LAND_USE@DF_LAND_USE(1.0),Land use,I,ESP,Spain,A,Annual,CROP,Cropland,KM2,Square kilometres,2021,,166098.2,,A,Normal value,0,Units,1,One
DATAFLOW,OECD.ENV.EPI:DSD_LAND_USE@DF_LAND_USE(1.0),Land use,I,SWE,Sweden,A,Annual,CROP,Cropland,KM2,Square kilometres,2021,,25390,,A,Normal value,0,Units,1,One
DATAFLOW,OECD.ENV.EPI:DSD_LAND_USE@DF_LAND_USE(1.0),Land use,I,CHE,Switzerland,A,Annual,CROP,Cropland,KM2,Square kilometres,2021,,4206.904,,A,Normal value,0,Units,1,One
DATAFLOW,OECD.ENV.EPI:DSD_LAND_USE@DF_LAND_USE(1.0),Land use,I,TUR,Türkiye,A,Annual,CROP,Cropland,KM2,Square kilometres,2021,,234730,,A,Normal value,0,Units,1,One
DATAFLOW,OECD.ENV.EPI:DSD_LAND_USE@DF_LAND_USE(1.0),Land use,I,GBR,United Kingdom,A,Annual,CROP,Cropland,KM2,Square kilometres,2021,,60558.19,,A,Normal value,0,Units,1,One
DATAFLOW,OECD.ENV.EPI:DSD_LAND_USE@DF_LAND_USE(1.0),Land use,I,USA,United States,A,Annual,CROP,Cropland,KM2,Square kilometres,2021,,1558747,,A,Normal value,0,Units,1,One
DATAFLOW,OECD.ENV.EPI:DSD_LAND_USE@DF_LAND_USE(1.0),Land use,I,OECDA,OECD America,A,Annual,CROP,Cropland,KM2,Square kilometres,2021,,2276048,,A,Normal value,0,Units,1,One
DATAFLOW,OECD.ENV.EPI:DSD_LAND_USE@DF_LAND_USE(1.0),Land use,I,OECDSO,OECD Asia Oceania,A,Annual,CROP,Cropland,KM2,Square kilometres,2021,,386110,,A,Normal value,0,Units,1,One
DATAFLOW,OECD.ENV.EPI:DSD_LAND_USE@DF_LAND_USE(1.0),Land use,I,ALB,Albania,A,Annual,CROP,Cropland,KM2,Square kilometres,2021,,6875.3,,A,Normal value,0,Units,1,One
DATAFLOW,OECD.ENV.EPI:DSD_LAND_USE@DF_LAND_USE(1.0),Land use,I,AND,Andorra,A,Annual,CROP,Cropland,KM2,Square kilometres,2021,,7.562,,A,Normal value,0,Units,1,One
DATAFLOW,OECD.ENV.EPI:DSD_LAND_USE@DF_LAND_USE(1.0),Land use,I,ARM,Armenia,A,Annual,CROP,Cropland,KM2,Square kilometres,2021,,5037.2,,A,Normal value,0,Units,1,One
DATAFLOW,OECD.ENV.EPI:DSD_LAND_USE@DF_LAND_USE(1.0),Land use,I,AZE,Azerbaijan,A,Annual,CROP,Cropland,KM2,Square kilometres,2021,,23630,,A,Normal value,0,Units,1,One
DATAFLOW,OECD.ENV.EPI:DSD_LAND_USE@DF_LAND_USE(1.0),Land use,I,BHS,Bahamas,A,Annual,CROP,Cropland,KM2,Square kilometres,2021,,110,,A,Normal value,0,Units,1,One
DATAFLOW,OECD.ENV.EPI:DSD_LAND_USE@DF_LAND_USE(1.0),Land use,I,BHR,Bahrain,A,Annual,CROP,Cropland,KM2,Square kilometres,2021,,41,,A,Normal value,0,Units,1,One
DATAFLOW,OECD.ENV.EPI:DSD_LAND_USE@DF_LAND_USE(1.0),Land use,I,BGD,Bangladesh,A,Annual,CROP,Cropland,KM2,Square kilometres,2021,,88180,,A,Normal value,0,Units,1,One
DATAFLOW,OECD.ENV.EPI:DSD_LAND_USE@DF_LAND_USE(1.0),Land use,I,BLZ,Belize,A,Annual,CROP,Cropland,KM2,Square kilometres,2021,,1320,,A,Normal value,0,Units,1,One
DATAFLOW,OECD.ENV.EPI:DSD_LAND_USE@DF_LAND_USE(1.0),Land use,I,BMU,Bermuda,A,Annual,CROP,Cropland,KM2,Square kilometres,2021,,3,,A,Normal value,0,Units,1,One
DATAFLOW,OECD.ENV.EPI:DSD_LAND_USE@DF_LAND_USE(1.0),Land use,I,BTN,Bhutan,A,Annual,CROP,Cropland,KM2,Square kilometres,2021,,1070,,A,Normal value,0,Units,1,One
DATAFLOW,OECD.ENV.EPI:DSD_LAND_USE@DF_LAND_USE(1.0),Land use,I,BIH,Bosnia and Herzegovina,A,Annual,CROP,Cropland,KM2,Square kilometres,2021,,11160,,A,Normal value,0,Units,1,One
DATAFLOW,OECD.ENV.EPI:DSD_LAND_USE@DF_LAND_USE(1.0),Land use,I,BRA,Brazil,A,Annual,CROP,Cropland,KM2,Square kilometres,2021,,634220,,A,Normal value,0,Units,1,One
DATAFLOW,OECD.ENV.EPI:DSD_LAND_USE@DF_LAND_USE(1.0),Land use,I,BGR,Bulgaria,A,Annual,CROP,Cropland,KM2,Square kilometres,2021,,36500,,A,Normal value,0,Units,1,One
DATAFLOW,OECD.ENV.EPI:DSD_LAND_USE@DF_LAND_USE(1.0),Land use,I,KHM,Cambodia,A,Annual,CROP,Cropland,KM2,Square kilometres,2021,,46252.4,,A,Normal value,0,Units,1,One
DATAFLOW,OECD.ENV.EPI:DSD_LAND_USE@DF_LAND_USE(1.0),Land use,I,CHN,China (People’s Republic of),A,Annual,CROP,Cropland,KM2,Square kilometres,2021,,1283700,,A,Normal value,0,Units,1,One
DATAFLOW,OECD.ENV.EPI:DSD_LAND_USE@DF_LAND_USE(1.0),Land use,I,COG,Congo,A,Annual,CROP,Cropland,KM2,Square kilometres,2021,,6726,,A,Normal value,0,Units,1,One
DATAFLOW,OECD.ENV.EPI:DSD_LAND_USE@DF_LAND_USE(1.0),Land use,I,HRV,Croatia,A,Annual,CROP,Cropland,KM2,Square kilometres,2021,,9360,,A,Normal value,0,Units,1,One
DATAFLOW,OECD.ENV.EPI:DSD_LAND_USE@DF_LAND_USE(1.0),Land use,I,CUB,Cuba,A,Annual,CROP,Cropland,KM2,Square kilometres,2021,,35616,,A,Normal value,0,Units,1,One
DATAFLOW,OECD.ENV.EPI:DSD_LAND_USE@DF_LAND_USE(1.0),Land use,I,CYP,Cyprus,A,Annual,CROP,Cropland,KM2,Square kilometres,2021,,1194.17,,A,Normal value,0,Units,1,One
DATAFLOW,OECD.ENV.EPI:DSD_LAND_USE@DF_LAND_USE(1.0),Land use,I,ECU,Ecuador,A,Annual,CROP,Cropland,KM2,Square kilometres,2021,,24480,,A,Normal value,0,Units,1,One
DATAFLOW,OECD.ENV.EPI:DSD_LAND_USE@DF_LAND_USE(1.0),Land use,I,SLV,El Salvador,A,Annual,CROP,Cropland,KM2,Square kilometres,2021,,8810,,A,Normal value,0,Units,1,One
DATAFLOW,OECD.ENV.EPI:DSD_LAND_USE@DF_LAND_USE(1.0),Land use,I,ETH,Ethiopia,A,Annual,CROP,Cropland,KM2,Square kilometres,2021,,187703.4,,A,Normal value,0,Units,1,One
DATAFLOW,OECD.ENV.EPI:DSD_LAND_USE@DF_LAND_USE(1.0),Land use,I,FRO,Faroe Islands,A,Annual,CROP,Cropland,KM2,Square kilometres,2021,,0.7,,A,Normal value,0,Units,1,One
DATAFLOW,OECD.ENV.EPI:DSD_LAND_USE@DF_LAND_USE(1.0),Land use,I,FJI,Fiji,A,Annual,CROP,Cropland,KM2,Square kilometres,2021,,1386,,A,Normal value,0,Units,1,One
DATAFLOW,OECD.ENV.EPI:DSD_LAND_USE@DF_LAND_USE(1.0),Land use,I,GUF,French Guiana,A,Annual,CROP,Cropland,KM2,Square kilometres,2021,,156.67,,A,Normal value,0,Units,1,One
DATAFLOW,OECD.ENV.EPI:DSD_LAND_USE@DF_LAND_USE(1.0),Land use,I,GAB,Gabon,A,Annual,CROP,Cropland,KM2,Square kilometres,2021,,4950,,A,Normal value,0,Units,1,One
DATAFLOW,OECD.ENV.EPI:DSD_LAND_USE@DF_LAND_USE(1.0),Land use,I,GHA,Ghana,A,Annual,CROP,Cropland,KM2,Square kilometres,2021,,74175,,A,Normal value,0,Units,1,One
DATAFLOW,OECD.ENV.EPI:DSD_LAND_USE@DF_LAND_USE(1.0),Land use,I,GRD,Grenada,A,Annual,CROP,Cropland,KM2,Square kilometres,2021,,70,,A,Normal value,0,Units,1,One
DATAFLOW,OECD.ENV.EPI:DSD_LAND_USE@DF_LAND_USE(1.0),Land use,I,HTI,Haiti,A,Annual,CROP,Cropland,KM2,Square kilometres,2021,,13050,,A,Normal value,0,Units,1,One
DATAFLOW,OECD.ENV.EPI:DSD_LAND_USE@DF_LAND_USE(1.0),Land use,I,IND,India,A,Annual,CROP,Cropland,KM2,Square kilometres,2021,,1681397,,A,Normal value,0,Units,1,One
DATAFLOW,OECD.ENV.EPI:DSD_LAND_USE@DF_LAND_USE(1.0),Land use,I,IDN,Indonesia,A,Annual,CROP,Cropland,KM2,Square kilometres,2021,,438005.5,,A,Normal value,0,Units,1,One
DATAFLOW,OECD.ENV.EPI:DSD_LAND_USE@DF_LAND_USE(1.0),Land use,I,IRN,Iran,A,Annual,CROP,Cropland,KM2,Square kilometres,2021,,175900,,A,Normal value,0,Units,1,One
DATAFLOW,OECD.ENV.EPI:DSD_LAND_USE@DF_LAND_USE(1.0),Land use,I,KIR,Kiribati,A,Annual,CROP,Cropland,KM2,Square kilometres,2021,,340,,A,Normal value,0,Units,1,One
DATAFLOW,OECD.ENV.EPI:DSD_LAND_USE@DF_LAND_USE(1.0),Land use,I,KWT,Kuwait,A,Annual,CROP,Cropland,KM2,Square kilometres,2021,,140,,A,Normal value,0,Units,1,One
DATAFLOW,OECD.ENV.EPI:DSD_LAND_USE@DF_LAND_USE(1.0),Land use,I,KGZ,Kyrgyzstan,A,Annual,CROP,Cropland,KM2,Square kilometres,2021,,13641,,A,Normal value,0,Units,1,One
DATAFLOW,OECD.ENV.EPI:DSD_LAND_USE@DF_LAND_USE(1.0),Land use,I,LAO,Lao People’s Democratic Republic,A,Annual,CROP,Cropland,KM2,Square kilometres,2021,,15334,,A,Normal value,0,Units,1,One
DATAFLOW,OECD.ENV.EPI:DSD_LAND_USE@DF_LAND_USE(1.0),Land use,I,LBY,Libya,A,Annual,CROP,Cropland,KM2,Square kilometres,2021,,20500,,A,Normal value,0,Units,1,One
DATAFLOW,OECD.ENV.EPI:DSD_LAND_USE@DF_LAND_USE(1.0),Land use,I,LIE,Liechtenstein,A,Annual,CROP,Cropland,KM2,Square kilometres,2021,,17.3,,A,Normal value,0,Units,1,One
DATAFLOW,OECD.ENV.EPI:DSD_LAND_USE@DF_LAND_USE(1.0),Land use,I,MDV,Maldives,A,Annual,CROP,Cropland,KM2,Square kilometres,2021,,49,,A,Normal value,0,Units,1,One
DATAFLOW,OECD.ENV.EPI:DSD_LAND_USE@DF_LAND_USE(1.0),Land use,I,MLT,Malta,A,Annual,CROP,Cropland,KM2,Square kilometres,2021,,87.5,,A,Normal value,0,Units,1,One
DATAFLOW,OECD.ENV.EPI:DSD_LAND_USE@DF_LAND_USE(1.0),Land use,I,MTQ,Martinique,A,Annual,CROP,Cropland,KM2,Square kilometres,2021,,158.14,,A,Normal value,0,Units,1,One
DATAFLOW,OECD.ENV.EPI:DSD_LAND_USE@DF_LAND_USE(1.0),Land use,I,MRT,Mauritania,A,Annual,CROP,Cropland,KM2,Square kilometres,2021,,4600,,A,Normal value,0,Units,1,One
DATAFLOW,OECD.ENV.EPI:DSD_LAND_USE@DF_LAND_USE(1.0),Land use,I,MDA,Moldova,A,Annual,CROP,Cropland,KM2,Square kilometres,2021,,21330,,A,Normal value,0,Units,1,One
DATAFLOW,OECD.ENV.EPI:DSD_LAND_USE@DF_LAND_USE(1.0),Land use,I,MNG,Mongolia,A,Annual,CROP,Cropland,KM2,Square kilometres,2021,,11261.7,,A,Normal value,0,Units,1,One
DATAFLOW,OECD.ENV.EPI:DSD_LAND_USE@DF_LAND_USE(1.0),Land use,I,NAM,Namibia,A,Annual,CROP,Cropland,KM2,Square kilometres,2021,,8120,,A,Normal value,0,Units,1,One
DATAFLOW,OECD.ENV.EPI:DSD_LAND_USE@DF_LAND_USE(1.0),Land use,I,NIC,Nicaragua,A,Annual,CROP,Cropland,KM2,Square kilometres,2021,,17990,,A,Normal value,0,Units,1,One
DATAFLOW,OECD.ENV.EPI:DSD_LAND_USE@DF_LAND_USE(1.0),Land use,I,NIU,Niue,A,Annual,CROP,Cropland,KM2,Square kilometres,2021,,38,,A,Normal value,0,Units,1,One
DATAFLOW,OECD.ENV.EPI:DSD_LAND_USE@DF_LAND_USE(1.0),Land use,I,MKD,North Macedonia,A,Annual,CROP,Cropland,KM2,Square kilometres,2021,,4580,,A,Normal value,0,Units,1,One
DATAFLOW,OECD.ENV.EPI:DSD_LAND_USE@DF_LAND_USE(1.0),Land use,I,OMN,Oman,A,Annual,CROP,Cropland,KM2,Square kilometres,2021,,1079.3,,A,Normal value,0,Units,1,One
DATAFLOW,OECD.ENV.EPI:DSD_LAND_USE@DF_LAND_USE(1.0),Land use,I,PAK,Pakistan,A,Annual,CROP,Cropland,KM2,Square kilometres,2021,,310140,,A,Normal value,0,Units,1,One
DATAFLOW,OECD.ENV.EPI:DSD_LAND_USE@DF_LAND_USE(1.0),Land use,I,PLW,Palau,A,Annual,CROP,Cropland,KM2,Square kilometres,2021,,23,,A,Normal value,0,Units,1,One
DATAFLOW,OECD.ENV.EPI:DSD_LAND_USE@DF_LAND_USE(1.0),Land use,I,PNG,Papua New Guinea,A,Annual,CROP,Cropland,KM2,Square kilometres,2021,,12150,,A,Normal value,0,Units,1,One
DATAFLOW,OECD.ENV.EPI:DSD_LAND_USE@DF_LAND_USE(1.0),Land use,I,PER,Peru,A,Annual,CROP,Cropland,KM2,Square kilometres,2021,,67156.89,,A,Normal value,0,Units,1,One
DATAFLOW,OECD.ENV.EPI:DSD_LAND_USE@DF_LAND_USE(1.0),Land use,I,QAT,Qatar,A,Annual,CROP,Cropland,KM2,Square kilometres,2021,,240,,A,Normal value,0,Units,1,One
DATAFLOW,OECD.ENV.EPI:DSD_LAND_USE@DF_LAND_USE(1.0),Land use,I,ROU,Romania,A,Annual,CROP,Cropland,KM2,Square kilometres,2021,,89890,,A,Normal value,0,Units,1,One
DATAFLOW,OECD.ENV.EPI:DSD_LAND_USE@DF_LAND_USE(1.0),Land use,I,KNA,Saint Kitts and Nevis,A,Annual,CROP,Cropland,KM2,Square kilometres,2021,,51,,A,Normal value,0,Units,1,One
DATAFLOW,OECD.ENV.EPI:DSD_LAND_USE@DF_LAND_USE(1.0),Land use,I,WSM,Samoa,A,Annual,CROP,Cropland,KM2,Square kilometres,2021,,430,,A,Normal value,0,Units,1,One
DATAFLOW,OECD.ENV.EPI:DSD_LAND_USE@DF_LAND_USE(1.0),Land use,I,SLE,Sierra Leone,A,Annual,CROP,Cropland,KM2,Square kilometres,2021,,17490,,A,Normal value,0,Units,1,One
DATAFLOW,OECD.ENV.EPI:DSD_LAND_USE@DF_LAND_USE(1.0),Land use,I,SGP,Singapore,A,Annual,CROP,Cropland,KM2,Square kilometres,2021,,6.6,,A,Normal value,0,Units,1,One
DATAFLOW,OECD.ENV.EPI:DSD_LAND_USE@DF_LAND_USE(1.0),Land use,I,ZAF,South Africa,A,Annual,CROP,Cropland,KM2,Square kilometres,2021,,124130,,A,Normal value,0,Units,1,One
DATAFLOW,OECD.ENV.EPI:DSD_LAND_USE@DF_LAND_USE(1.0),Land use,I,LKA,Sri Lanka,A,Annual,CROP,Cropland,KM2,Square kilometres,2021,,23720,,A,Normal value,0,Units,1,One
DATAFLOW,OECD.ENV.EPI:DSD_LAND_USE@DF_LAND_USE(1.0),Land use,I,SDN,Sudan,A,Annual,CROP,Cropland,KM2,Square kilometres,2021,,212110,,A,Normal value,0,Units,1,One
DATAFLOW,OECD.ENV.EPI:DSD_LAND_USE@DF_LAND_USE(1.0),Land use,I,SUR,Suriname,A,Annual,CROP,Cropland,KM2,Square kilometres,2021,,620,,A,Normal value,0,Units,1,One
DATAFLOW,OECD.ENV.EPI:DSD_LAND_USE@DF_LAND_USE(1.0),Land use,I,TWN,Chinese Taipei,A,Annual,CROP,Cropland,KM2,Square kilometres,2021,,7870,,A,Normal value,0,Units,1,One
DATAFLOW,OECD.ENV.EPI:DSD_LAND_USE@DF_LAND_USE(1.0),Land use,I,TJK,Tajikistan,A,Annual,CROP,Cropland,KM2,Square kilometres,2021,,10420,,A,Normal value,0,Units,1,One
DATAFLOW,OECD.ENV.EPI:DSD_LAND_USE@DF_LAND_USE(1.0),Land use,I,TZA,Tanzania,A,Annual,CROP,Cropland,KM2,Square kilometres,2021,,155212,,A,Normal value,0,Units,1,One
DATAFLOW,OECD.ENV.EPI:DSD_LAND_USE@DF_LAND_USE(1.0),Land use,I,THA,Thailand,A,Annual,CROP,Cropland,KM2,Square kilometres,2021,,218850,,A,Normal value,0,Units,1,One
DATAFLOW,OECD.ENV.EPI:DSD_LAND_USE@DF_LAND_USE(1.0),Land use,I,TLS,Timor-Leste,A,Annual,CROP,Cropland,KM2,Square kilometres,2021,,1914,,A,Normal value,0,Units,1,One
DATAFLOW,OECD.ENV.EPI:DSD_LAND_USE@DF_LAND_USE(1.0),Land use,I,TKL,Tokelau,A,Annual,CROP,Cropland,KM2,Square kilometres,2021,,6,,A,Normal value,0,Units,1,One
DATAFLOW,OECD.ENV.EPI:DSD_LAND_USE@DF_LAND_USE(1.0),Land use,I,TUN,Tunisia,A,Annual,CROP,Cropland,KM2,Square kilometres,2021,,49505,,A,Normal value,0,Units,1,One
DATAFLOW,OECD.ENV.EPI:DSD_LAND_USE@DF_LAND_USE(1.0),Land use,I,TKM,Turkmenistan,A,Annual,CROP,Cropland,KM2,Square kilometres,2021,,16314,,A,Normal value,0,Units,1,One
DATAFLOW,OECD.ENV.EPI:DSD_LAND_USE@DF_LAND_USE(1.0),Land use,I,TUV,Tuvalu,A,Annual,CROP,Cropland,KM2,Square kilometres,2021,,18,,A,Normal value,0,Units,1,One
DATAFLOW,OECD.ENV.EPI:DSD_LAND_USE@DF_LAND_USE(1.0),Land use,I,UKR,Ukraine,A,Annual,CROP,Cropland,KM2,Square kilometres,2021,,337770,,A,Normal value,0,Units,1,One
DATAFLOW,OECD.ENV.EPI:DSD_LAND_USE@DF_LAND_USE(1.0),Land use,I,ARE,United Arab Emirates,A,Annual,CROP,Cropland,KM2,Square kilometres,2021,,915.615,,A,Normal value,0,Units,1,One
DATAFLOW,OECD.ENV.EPI:DSD_LAND_USE@DF_LAND_USE(1.0),Land use,I,UZB,Uzbekistan,A,Annual,CROP,Cropland,KM2,Square kilometres,2021,,44375,,A,Normal value,0,Units,1,One
DATAFLOW,OECD.ENV.EPI:DSD_LAND_USE@DF_LAND_USE(1.0),Land use,I,VEN,Venezuela,A,Annual,CROP,Cropland,KM2,Square kilometres,2021,,33000,,A,Normal value,0,Units,1,One
DATAFLOW,OECD.ENV.EPI:DSD_LAND_USE@DF_LAND_USE(1.0),Land use,I,YEM,Yemen,A,Annual,CROP,Cropland,KM2,Square kilometres,2021,,14520,,A,Normal value,0,Units,1,One
DATAFLOW,OECD.ENV.EPI:DSD_LAND_USE@DF_LAND_USE(1.0),Land use,I,CYM,Cayman Islands,A,Annual,CROP,Cropland,KM2,Square kilometres,2021,,7,,A,Normal value,0,Units,1,One
DATAFLOW,OECD.ENV.EPI:DSD_LAND_USE@DF_LAND_USE(1.0),Land use,I,BRB,Barbados,A,Annual,CROP,Cropland,KM2,Square kilometres,2021,,80,,A,Normal value,0,Units,1,One
DATAFLOW,OECD.ENV.EPI:DSD_LAND_USE@DF_LAND_USE(1.0),Land use,I,GUM,Guam,A,Annual,CROP,Cropland,KM2,Square kilometres,2021,,80,,A,Normal value,0,Units,1,One
DATAFLOW,OECD.ENV.EPI:DSD_LAND_USE@DF_LAND_USE(1.0),Land use,I,VCT,Saint Vincent and the Grenadines,A,Annual,CROP,Cropland,KM2,Square kilometres,2021,,50,,A,Normal value,0,Units,1,One
DATAFLOW,OECD.ENV.EPI:DSD_LAND_USE@DF_LAND_USE(1.0),Land use,I,NRU,Nauru,A,Annual,CROP,Cropland,KM2,Square kilometres,2021,,4,,A,Normal value,0,Units,1,One
DATAFLOW,OECD.ENV.EPI:DSD_LAND_USE@DF_LAND_USE(1.0),Land use,I,HKG,Hong Kong (China),A,Annual,CROP,Cropland,KM2,Square kilometres,2021,,30,,A,Normal value,0,Units,1,One
DATAFLOW,OECD.ENV.EPI:DSD_LAND_USE@DF_LAND_USE(1.0),Land use,I,AUS,Australia,A,Annual,CROP,Cropland,PT_LAR,Percentage of land area,2021,,4.114654,,A,Normal value,0,Units,1,One
DATAFLOW,OECD.ENV.EPI:DSD_LAND_USE@DF_LAND_USE(1.0),Land use,I,AUT,Austria,A,Annual,CROP,Cropland,PT_LAR,Percentage of land area,2021,,16.84984,,A,Normal value,0,Units,1,One
DATAFLOW,OECD.ENV.EPI:DSD_LAND_USE@DF_LAND_USE(1.0),Land use,I,BEL,Belgium,A,Annual,CROP,Cropland,PT_LAR,Percentage of land area,2021,,29.16607,,A,Normal value,0,Units,1,One
DATAFLOW,OECD.ENV.EPI:DSD_LAND_USE@DF_LAND_USE(1.0),Land use,I,CAN,Canada,A,Annual,CROP,Cropland,PT_LAR,Percentage of land area,2021,,4.372774,,A,Normal value,0,Units,1,One
DATAFLOW,OECD.ENV.EPI:DSD_LAND_USE@DF_LAND_USE(1.0),Land use,I,CZE,Czechia,A,Annual,CROP,Cropland,PT_LAR,Percentage of land area,2021,,32.7034,,A,Normal value,0,Units,1,One
DATAFLOW,OECD.ENV.EPI:DSD_LAND_USE@DF_LAND_USE(1.0),Land use,I,DNK,Denmark,A,Annual,CROP,Cropland,PT_LAR,Percentage of land area,2021,,59.6,,A,Normal value,0,Units,1,One
DATAFLOW,OECD.ENV.EPI:DSD_LAND_USE@DF_LAND_USE(1.0),Land use,I,EST,Estonia,A,Annual,CROP,Cropland,PT_LAR,Percentage of land area,2021,,16.49123,,A,Normal value,0,Units,1,One
DATAFLOW,OECD.ENV.EPI:DSD_LAND_USE@DF_LAND_USE(1.0),Land use,I,DEU,Germany,A,Annual,CROP,Cropland,PT_LAR,Percentage of land area,2021,,33.94487,,A,Normal value,0,Units,1,One
DATAFLOW,OECD.ENV.EPI:DSD_LAND_USE@DF_LAND_USE(1.0),Land use,I,GRC,Greece,A,Annual,CROP,Cropland,PT_LAR,Percentage of land area,2021,,22.04807,,A,Normal value,0,Units,1,One
DATAFLOW,OECD.ENV.EPI:DSD_LAND_USE@DF_LAND_USE(1.0),Land use,I,HUN,Hungary,A,Annual,CROP,Cropland,PT_LAR,Percentage of land area,2021,,46.99977,,A,Normal value,0,Units,1,One
DATAFLOW,OECD.ENV.EPI:DSD_LAND_USE@DF_LAND_USE(1.0),Land use,I,ISL,Iceland,A,Annual,CROP,Cropland,PT_LAR,Percentage of land area,2021,,1.20004,,A,Normal value,0,Units,1,One
DATAFLOW,OECD.ENV.EPI:DSD_LAND_USE@DF_LAND_USE(1.0),Land use,I,IRL,Ireland,A,Annual,CROP,Cropland,PT_LAR,Percentage of land area,2021,,6.343446,,A,Normal value,0,Units,1,One
DATAFLOW,OECD.ENV.EPI:DSD_LAND_USE@DF_LAND_USE(1.0),Land use,I,ISR,Israel,A,Annual,CROP,Cropland,PT_LAR,Percentage of land area,2021,,17.32902,,A,Normal value,0,Units,1,One
DATAFLOW,OECD.ENV.EPI:DSD_LAND_USE@DF_LAND_USE(1.0),Land use,I,ITA,Italy,A,Annual,CROP,Cropland,PT_LAR,Percentage of land area,2021,,31.65673,,A,Normal value,0,Units,1,One
DATAFLOW,OECD.ENV.EPI:DSD_LAND_USE@DF_LAND_USE(1.0),Land use,I,JPN,Japan,A,Annual,CROP,Cropland,PT_LAR,Percentage of land area,2021,,11.93141,,A,Normal value,0,Units,1,One
DATAFLOW,OECD.ENV.EPI:DSD_LAND_USE@DF_LAND_USE(1.0),Land use,I,KOR,Korea,A,Annual,CROP,Cropland,PT_LAR,Percentage of land area,2021,,15.85041,,A,Normal value,0,Units,1,One
DATAFLOW,OECD.ENV.EPI:DSD_LAND_USE@DF_LAND_USE(1.0),Land use,I,LVA,Latvia,A,Annual,CROP,Cropland,PT_LAR,Percentage of land area,2021,,22.03118,,A,Normal value,0,Units,1,One
DATAFLOW,OECD.ENV.EPI:DSD_LAND_USE@DF_LAND_USE(1.0),Land use,I,LTU,Lithuania,A,Annual,CROP,Cropland,PT_LAR,Percentage of land area,2021,,36.97812,,A,Normal value,0,Units,1,One
DATAFLOW,OECD.ENV.EPI:DSD_LAND_USE@DF_LAND_USE(1.0),Land use,I,LUX,Luxembourg,A,Annual,CROP,Cropland,PT_LAR,Percentage of land area,2021,,24.87123,,A,Normal value,0,Units,1,One
DATAFLOW,OECD.ENV.EPI:DSD_LAND_USE@DF_LAND_USE(1.0),Land use,I,MEX,Mexico,A,Annual,CROP,Cropland,PT_LAR,Percentage of land area,2021,,13.3368,,A,Normal value,0,Units,1,One
DATAFLOW,OECD.ENV.EPI:DSD_LAND_USE@DF_LAND_USE(1.0),Land use,I,NLD,Netherlands,A,Annual,CROP,Cropland,PT_LAR,Percentage of land area,2021,,30.88803,,A,Normal value,0,Units,1,One
DATAFLOW,OECD.ENV.EPI:DSD_LAND_USE@DF_LAND_USE(1.0),Land use,I,NZL,New Zealand,A,Annual,CROP,Cropland,PT_LAR,Percentage of land area,2021,,2.620485,,A,Normal value,0,Units,1,One
DATAFLOW,OECD.ENV.EPI:DSD_LAND_USE@DF_LAND_USE(1.0),Land use,I,NOR,Norway,A,Annual,CROP,Cropland,PT_LAR,Percentage of land area,2021,,2.21539,,A,Normal value,0,Units,1,One
DATAFLOW,OECD.ENV.EPI:DSD_LAND_USE@DF_LAND_USE(1.0),Land use,I,SVK,Slovak Republic,A,Annual,CROP,Cropland,PT_LAR,Percentage of land area,2021,,27.95341,,A,Normal value,0,Units,1,One
DATAFLOW,OECD.ENV.EPI:DSD_LAND_USE@DF_LAND_USE(1.0),Land use,I,SVN,Slovenia,A,Annual,CROP,Cropland,PT_LAR,Percentage of land area,2021,,11.58847,,A,Normal value,0,Units,1,One
DATAFLOW,OECD.ENV.EPI:DSD_LAND_USE@DF_LAND_USE(1.0),Land use,I,ESP,Spain,A,Annual,CROP,Cropland,PT_LAR,Percentage of land area,2021,,33.23736,,A,Normal value,0,Units,1,One
DATAFLOW,OECD.ENV.EPI:DSD_LAND_USE@DF_LAND_USE(1.0),Land use,I,SWE,Sweden,A,Annual,CROP,Cropland,PT_LAR,Percentage of land area,2021,,6.23404,,A,Normal value,0,Units,1,One
DATAFLOW,OECD.ENV.EPI:DSD_LAND_USE@DF_LAND_USE(1.0),Land use,I,CHE,Switzerland,A,Annual,CROP,Cropland,PT_LAR,Percentage of land area,2021,,10.64779,,A,Normal value,0,Units,1,One
DATAFLOW,OECD.ENV.EPI:DSD_LAND_USE@DF_LAND_USE(1.0),Land use,I,TUR,Türkiye,A,Annual,CROP,Cropland,PT_LAR,Percentage of land area,2021,,30.49907,,A,Normal value,0,Units,1,One
DATAFLOW,OECD.ENV.EPI:DSD_LAND_USE@DF_LAND_USE(1.0),Land use,I,GBR,United Kingdom,A,Annual,CROP,Cropland,PT_LAR,Percentage of land area,2021,,25.03128,,A,Normal value,0,Units,1,One
DATAFLOW,OECD.ENV.EPI:DSD_LAND_USE@DF_LAND_USE(1.0),Land use,I,USA,United States,A,Annual,CROP,Cropland,PT_LAR,Percentage of land area,2021,,17.04029,,A,Normal value,0,Units,1,One
DATAFLOW,OECD.ENV.EPI:DSD_LAND_USE@DF_LAND_USE(1.0),Land use,I,OECDSO,OECD Asia Oceania,A,Annual,CROP,Cropland,PT_LAR,Percentage of land area,2021,,4.575267,,A,Normal value,0,Units,1,One
DATAFLOW,OECD.ENV.EPI:DSD_LAND_USE@DF_LAND_USE(1.0),Land use,I,ALB,Albania,A,Annual,CROP,Cropland,PT_LAR,Percentage of land area,2021,,25.09234,,A,Normal value,0,Units,1,One
DATAFLOW,OECD.ENV.EPI:DSD_LAND_USE@DF_LAND_USE(1.0),Land use,I,AND,Andorra,A,Annual,CROP,Cropland,PT_LAR,Percentage of land area,2021,,1.608936,,A,Normal value,0,Units,1,One
DATAFLOW,OECD.ENV.EPI:DSD_LAND_USE@DF_LAND_USE(1.0),Land use,I,ABW,Aruba,A,Annual,CROP,Cropland,PT_LAR,Percentage of land area,2021,,11.11111,,A,Normal value,0,Units,1,One
DATAFLOW,OECD.ENV.EPI:DSD_LAND_USE@DF_LAND_USE(1.0),Land use,I,AZE,Azerbaijan,A,Annual,CROP,Cropland,PT_LAR,Percentage of land area,2021,,28.59044,,A,Normal value,0,Units,1,One
DATAFLOW,OECD.ENV.EPI:DSD_LAND_USE@DF_LAND_USE(1.0),Land use,I,BHS,Bahamas,A,Annual,CROP,Cropland,PT_LAR,Percentage of land area,2021,,1.098901,,A,Normal value,0,Units,1,One
DATAFLOW,OECD.ENV.EPI:DSD_LAND_USE@DF_LAND_USE(1.0),Land use,I,BHR,Bahrain,A,Annual,CROP,Cropland,PT_LAR,Percentage of land area,2021,,5.189873,,A,Normal value,0,Units,1,One
DATAFLOW,OECD.ENV.EPI:DSD_LAND_USE@DF_LAND_USE(1.0),Land use,I,BGD,Bangladesh,A,Annual,CROP,Cropland,PT_LAR,Percentage of land area,2021,,67.74218,,A,Normal value,0,Units,1,One
DATAFLOW,OECD.ENV.EPI:DSD_LAND_USE@DF_LAND_USE(1.0),Land use,I,BRB,Barbados,A,Annual,CROP,Cropland,PT_LAR,Percentage of land area,2021,,18.60465,,A,Normal value,0,Units,1,One
DATAFLOW,OECD.ENV.EPI:DSD_LAND_USE@DF_LAND_USE(1.0),Land use,I,BLZ,Belize,A,Annual,CROP,Cropland,PT_LAR,Percentage of land area,2021,,5.786935,,A,Normal value,0,Units,1,One
DATAFLOW,OECD.ENV.EPI:DSD_LAND_USE@DF_LAND_USE(1.0),Land use,I,BMU,Bermuda,A,Annual,CROP,Cropland,PT_LAR,Percentage of land area,2021,,5.555555,,A,Normal value,0,Units,1,One
DATAFLOW,OECD.ENV.EPI:DSD_LAND_USE@DF_LAND_USE(1.0),Land use,I,BTN,Bhutan,A,Annual,CROP,Cropland,PT_LAR,Percentage of land area,2021,,2.805454,,A,Normal value,0,Units,1,One
DATAFLOW,OECD.ENV.EPI:DSD_LAND_USE@DF_LAND_USE(1.0),Land use,I,BIH,Bosnia and Herzegovina,A,Annual,CROP,Cropland,PT_LAR,Percentage of land area,2021,,21.79688,,A,Normal value,0,Units,1,One
DATAFLOW,OECD.ENV.EPI:DSD_LAND_USE@DF_LAND_USE(1.0),Land use,I,BRA,Brazil,A,Annual,CROP,Cropland,PT_LAR,Percentage of land area,2021,,7.588052,,A,Normal value,0,Units,1,One
DATAFLOW,OECD.ENV.EPI:DSD_LAND_USE@DF_LAND_USE(1.0),Land use,I,BGR,Bulgaria,A,Annual,CROP,Cropland,PT_LAR,Percentage of land area,2021,,33.62196,,A,Normal value,0,Units,1,One
DATAFLOW,OECD.ENV.EPI:DSD_LAND_USE@DF_LAND_USE(1.0),Land use,I,KHM,Cambodia,A,Annual,CROP,Cropland,PT_LAR,Percentage of land area,2021,,26.20236,,A,Normal value,0,Units,1,One
DATAFLOW,OECD.ENV.EPI:DSD_LAND_USE@DF_LAND_USE(1.0),Land use,I,CYM,Cayman Islands,A,Annual,CROP,Cropland,PT_LAR,Percentage of land area,2021,,2.916667,,A,Normal value,0,Units,1,One
DATAFLOW,OECD.ENV.EPI:DSD_LAND_USE@DF_LAND_USE(1.0),Land use,I,CHN,China (People’s Republic of),A,Annual,CROP,Cropland,PT_LAR,Percentage of land area,2021,,13.62059,,A,Normal value,0,Units,1,One
DATAFLOW,OECD.ENV.EPI:DSD_LAND_USE@DF_LAND_USE(1.0),Land use,I,COG,Congo,A,Annual,CROP,Cropland,PT_LAR,Percentage of land area,2021,,1.969546,,A,Normal value,0,Units,1,One
DATAFLOW,OECD.ENV.EPI:DSD_LAND_USE@DF_LAND_USE(1.0),Land use,I,HRV,Croatia,A,Annual,CROP,Cropland,PT_LAR,Percentage of land area,2021,,16.72623,,A,Normal value,0,Units,1,One
DATAFLOW,OECD.ENV.EPI:DSD_LAND_USE@DF_LAND_USE(1.0),Land use,I,CUB,Cuba,A,Annual,CROP,Cropland,PT_LAR,Percentage of land area,2021,,34.31214,,A,Normal value,0,Units,1,One
DATAFLOW,OECD.ENV.EPI:DSD_LAND_USE@DF_LAND_USE(1.0),Land use,I,CYP,Cyprus,A,Annual,CROP,Cropland,PT_LAR,Percentage of land area,2021,,12.92392,,A,Normal value,0,Units,1,One
DATAFLOW,OECD.ENV.EPI:DSD_LAND_USE@DF_LAND_USE(1.0),Land use,I,ECU,Ecuador,A,Annual,CROP,Cropland,PT_LAR,Percentage of land area,2021,,9.85666,,A,Normal value,0,Units,1,One
DATAFLOW,OECD.ENV.EPI:DSD_LAND_USE@DF_LAND_USE(1.0),Land use,I,SLV,El Salvador,A,Annual,CROP,Cropland,PT_LAR,Percentage of land area,2021,,42.51931,,A,Normal value,0,Units,1,One
DATAFLOW,OECD.ENV.EPI:DSD_LAND_USE@DF_LAND_USE(1.0),Land use,I,FRO,Faroe Islands,A,Annual,CROP,Cropland,PT_LAR,Percentage of land area,2021,,0.05109489,,A,Normal value,0,Units,1,One
DATAFLOW,OECD.ENV.EPI:DSD_LAND_USE@DF_LAND_USE(1.0),Land use,I,FJI,Fiji,A,Annual,CROP,Cropland,PT_LAR,Percentage of land area,2021,,7.586207,,A,Normal value,0,Units,1,One
DATAFLOW,OECD.ENV.EPI:DSD_LAND_USE@DF_LAND_USE(1.0),Land use,I,GUF,French Guiana,A,Annual,CROP,Cropland,PT_LAR,Percentage of land area,2021,,0.1891921,,A,Normal value,0,Units,1,One
DATAFLOW,OECD.ENV.EPI:DSD_LAND_USE@DF_LAND_USE(1.0),Land use,I,GAB,Gabon,A,Annual,CROP,Cropland,PT_LAR,Percentage of land area,2021,,1.921062,,A,Normal value,0,Units,1,One
DATAFLOW,OECD.ENV.EPI:DSD_LAND_USE@DF_LAND_USE(1.0),Land use,I,GHA,Ghana,A,Annual,CROP,Cropland,PT_LAR,Percentage of land area,2021,,32.59967,,A,Normal value,0,Units,1,One
DATAFLOW,OECD.ENV.EPI:DSD_LAND_USE@DF_LAND_USE(1.0),Land use,I,GRD,Grenada,A,Annual,CROP,Cropland,PT_LAR,Percentage of land area,2021,,20.58824,,A,Normal value,0,Units,1,One
DATAFLOW,OECD.ENV.EPI:DSD_LAND_USE@DF_LAND_USE(1.0),Land use,I,GUM,Guam,A,Annual,CROP,Cropland,PT_LAR,Percentage of land area,2021,,14.81481,,A,Normal value,0,Units,1,One
DATAFLOW,OECD.ENV.EPI:DSD_LAND_USE@DF_LAND_USE(1.0),Land use,I,HTI,Haiti,A,Annual,CROP,Cropland,PT_LAR,Percentage of land area,2021,,47.35123,,A,Normal value,0,Units,1,One
DATAFLOW,OECD.ENV.EPI:DSD_LAND_USE@DF_LAND_USE(1.0),Land use,I,HKG,Hong Kong (China),A,Annual,CROP,Cropland,PT_LAR,Percentage of land area,2021,,2.857143,,A,Normal value,0,Units,1,One
DATAFLOW,OECD.ENV.EPI:DSD_LAND_USE@DF_LAND_USE(1.0),Land use,I,IND,India,A,Annual,CROP,Cropland,PT_LAR,Percentage of land area,2021,,56.55194,,A,Normal value,0,Units,1,One
DATAFLOW,OECD.ENV.EPI:DSD_LAND_USE@DF_LAND_USE(1.0),Land use,I,IDN,Indonesia,A,Annual,CROP,Cropland,PT_LAR,Percentage of land area,2021,,23.1436,,A,Normal value,0,Units,1,One
DATAFLOW,OECD.ENV.EPI:DSD_LAND_USE@DF_LAND_USE(1.0),Land use,I,IRN,Iran,A,Annual,CROP,Cropland,PT_LAR,Percentage of land area,2021,,10.84129,,A,Normal value,0,Units,1,One
DATAFLOW,OECD.ENV.EPI:DSD_LAND_USE@DF_LAND_USE(1.0),Land use,I,KIR,Kiribati,A,Annual,CROP,Cropland,PT_LAR,Percentage of land area,2021,,41.97531,,A,Normal value,0,Units,1,One
DATAFLOW,OECD.ENV.EPI:DSD_LAND_USE@DF_LAND_USE(1.0),Land use,I,KWT,Kuwait,A,Annual,CROP,Cropland,PT_LAR,Percentage of land area,2021,,0.7856341,,A,Normal value,0,Units,1,One
DATAFLOW,OECD.ENV.EPI:DSD_LAND_USE@DF_LAND_USE(1.0),Land use,I,KGZ,Kyrgyzstan,A,Annual,CROP,Cropland,PT_LAR,Percentage of land area,2021,,7.112096,,A,Normal value,0,Units,1,One
DATAFLOW,OECD.ENV.EPI:DSD_LAND_USE@DF_LAND_USE(1.0),Land use,I,LAO,Lao People’s Democratic Republic,A,Annual,CROP,Cropland,PT_LAR,Percentage of land area,2021,,6.643847,,A,Normal value,0,Units,1,One
DATAFLOW,OECD.ENV.EPI:DSD_LAND_USE@DF_LAND_USE(1.0),Land use,I,LBY,Libya,A,Annual,CROP,Cropland,PT_LAR,Percentage of land area,2021,,1.165077,,A,Normal value,0,Units,1,One
DATAFLOW,OECD.ENV.EPI:DSD_LAND_USE@DF_LAND_USE(1.0),Land use,I,LIE,Liechtenstein,A,Annual,CROP,Cropland,PT_LAR,Percentage of land area,2021,,10.8125,,A,Normal value,0,Units,1,One
DATAFLOW,OECD.ENV.EPI:DSD_LAND_USE@DF_LAND_USE(1.0),Land use,I,MDV,Maldives,A,Annual,CROP,Cropland,PT_LAR,Percentage of land area,2021,,16.33333,,A,Normal value,0,Units,1,One
DATAFLOW,OECD.ENV.EPI:DSD_LAND_USE@DF_LAND_USE(1.0),Land use,I,MTQ,Martinique,A,Annual,CROP,Cropland,PT_LAR,Percentage of land area,2021,,14.91887,,A,Normal value,0,Units,1,One
DATAFLOW,OECD.ENV.EPI:DSD_LAND_USE@DF_LAND_USE(1.0),Land use,I,MRT,Mauritania,A,Annual,CROP,Cropland,PT_LAR,Percentage of land area,2021,,0.4462986,,A,Normal value,0,Units,1,One
DATAFLOW,OECD.ENV.EPI:DSD_LAND_USE@DF_LAND_USE(1.0),Land use,I,FSM,Micronesia,A,Annual,CROP,Cropland,PT_LAR,Percentage of land area,2021,,2.857143,,A,Normal value,0,Units,1,One
DATAFLOW,OECD.ENV.EPI:DSD_LAND_USE@DF_LAND_USE(1.0),Land use,I,MDA,Moldova,A,Annual,CROP,Cropland,PT_LAR,Percentage of land area,2021,,64.85254,,A,Normal value,0,Units,1,One
DATAFLOW,OECD.ENV.EPI:DSD_LAND_USE@DF_LAND_USE(1.0),Land use,I,MNG,Mongolia,A,Annual,CROP,Cropland,PT_LAR,Percentage of land area,2021,,0.7230591,,A,Normal value,0,Units,1,One
DATAFLOW,OECD.ENV.EPI:DSD_LAND_USE@DF_LAND_USE(1.0),Land use,I,NAM,Namibia,A,Annual,CROP,Cropland,PT_LAR,Percentage of land area,2021,,0.9862867,,A,Normal value,0,Units,1,One
DATAFLOW,OECD.ENV.EPI:DSD_LAND_USE@DF_LAND_USE(1.0),Land use,I,NIC,Nicaragua,A,Annual,CROP,Cropland,PT_LAR,Percentage of land area,2021,,14.94931,,A,Normal value,0,Units,1,One
DATAFLOW,OECD.ENV.EPI:DSD_LAND_USE@DF_LAND_USE(1.0),Land use,I,NIU,Niue,A,Annual,CROP,Cropland,PT_LAR,Percentage of land area,2021,,14.61539,,A,Normal value,0,Units,1,One
DATAFLOW,OECD.ENV.EPI:DSD_LAND_USE@DF_LAND_USE(1.0),Land use,I,MKD,North Macedonia,A,Annual,CROP,Cropland,PT_LAR,Percentage of land area,2021,,18.16019,,A,Normal value,0,Units,1,One
DATAFLOW,OECD.ENV.EPI:DSD_LAND_USE@DF_LAND_USE(1.0),Land use,I,OMN,Oman,A,Annual,CROP,Cropland,PT_LAR,Percentage of land area,2021,,0.3487238,,A,Normal value,0,Units,1,One
DATAFLOW,OECD.ENV.EPI:DSD_LAND_USE@DF_LAND_USE(1.0),Land use,I,PAK,Pakistan,A,Annual,CROP,Cropland,PT_LAR,Percentage of land area,2021,,40.23194,,A,Normal value,0,Units,1,One
DATAFLOW,OECD.ENV.EPI:DSD_LAND_USE@DF_LAND_USE(1.0),Land use,I,PNG,Papua New Guinea,A,Annual,CROP,Cropland,PT_LAR,Percentage of land area,2021,,2.682948,,A,Normal value,0,Units,1,One
DATAFLOW,OECD.ENV.EPI:DSD_LAND_USE@DF_LAND_USE(1.0),Land use,I,PER,Peru,A,Annual,CROP,Cropland,PT_LAR,Percentage of land area,2021,,5.246632,,A,Normal value,0,Units,1,One
DATAFLOW,OECD.ENV.EPI:DSD_LAND_USE@DF_LAND_USE(1.0),Land use,I,QAT,Qatar,A,Annual,CROP,Cropland,PT_LAR,Percentage of land area,2021,,2.088773,,A,Normal value,0,Units,1,One
DATAFLOW,OECD.ENV.EPI:DSD_LAND_USE@DF_LAND_USE(1.0),Land use,I,ROU,Romania,A,Annual,CROP,Cropland,PT_LAR,Percentage of land area,2021,,39.06902,,A,Normal value,0,Units,1,One
DATAFLOW,OECD.ENV.EPI:DSD_LAND_USE@DF_LAND_USE(1.0),Land use,I,KNA,Saint Kitts and Nevis,A,Annual,CROP,Cropland,PT_LAR,Percentage of land area,2021,,19.61539,,A,Normal value,0,Units,1,One
DATAFLOW,OECD.ENV.EPI:DSD_LAND_USE@DF_LAND_USE(1.0),Land use,I,SPM,Saint Pierre and Miquelon,A,Annual,CROP,Cropland,PT_LAR,Percentage of land area,2021,,8.695652,,A,Normal value,0,Units,1,One
DATAFLOW,OECD.ENV.EPI:DSD_LAND_USE@DF_LAND_USE(1.0),Land use,I,VCT,Saint Vincent and the Grenadines,A,Annual,CROP,Cropland,PT_LAR,Percentage of land area,2021,,12.82051,,A,Normal value,0,Units,1,One
DATAFLOW,OECD.ENV.EPI:DSD_LAND_USE@DF_LAND_USE(1.0),Land use,I,WSM,Samoa,A,Annual,CROP,Cropland,PT_LAR,Percentage of land area,2021,,15.46763,,A,Normal value,0,Units,1,One
DATAFLOW,OECD.ENV.EPI:DSD_LAND_USE@DF_LAND_USE(1.0),Land use,I,SLE,Sierra Leone,A,Annual,CROP,Cropland,PT_LAR,Percentage of land area,2021,,24.23109,,A,Normal value,0,Units,1,One
DATAFLOW,OECD.ENV.EPI:DSD_LAND_USE@DF_LAND_USE(1.0),Land use,I,ZAF,South Africa,A,Annual,CROP,Cropland,PT_LAR,Percentage of land area,2021,,10.23255,,A,Normal value,0,Units,1,One
DATAFLOW,OECD.ENV.EPI:DSD_LAND_USE@DF_LAND_USE(1.0),Land use,I,LKA,Sri Lanka,A,Annual,CROP,Cropland,PT_LAR,Percentage of land area,2021,,38.34465,,A,Normal value,0,Units,1,One
DATAFLOW,OECD.ENV.EPI:DSD_LAND_USE@DF_LAND_USE(1.0),Land use,I,SDN,Sudan,A,Annual,CROP,Cropland,PT_LAR,Percentage of land area,2021,,11.35493,,A,Normal value,0,Units,1,One
DATAFLOW,OECD.ENV.EPI:DSD_LAND_USE@DF_LAND_USE(1.0),Land use,I,SUR,Suriname,A,Annual,CROP,Cropland,PT_LAR,Percentage of land area,2021,,0.3862745,,A,Normal value,0,Units,1,One
DATAFLOW,OECD.ENV.EPI:DSD_LAND_USE@DF_LAND_USE(1.0),Land use,I,TWN,Chinese Taipei,A,Annual,CROP,Cropland,PT_LAR,Percentage of land area,2021,,22.22536,,A,Normal value,0,Units,1,One
DATAFLOW,OECD.ENV.EPI:DSD_LAND_USE@DF_LAND_USE(1.0),Land use,I,TJK,Tajikistan,A,Annual,CROP,Cropland,PT_LAR,Percentage of land area,2021,,7.507746,,A,Normal value,0,Units,1,One
DATAFLOW,OECD.ENV.EPI:DSD_LAND_USE@DF_LAND_USE(1.0),Land use,I,THA,Thailand,A,Annual,CROP,Cropland,PT_LAR,Percentage of land area,2021,,42.83701,,A,Normal value,0,Units,1,One
DATAFLOW,OECD.ENV.EPI:DSD_LAND_USE@DF_LAND_USE(1.0),Land use,I,TLS,Timor-Leste,A,Annual,CROP,Cropland,PT_LAR,Percentage of land area,2021,,12.87155,,A,Normal value,0,Units,1,One
DATAFLOW,OECD.ENV.EPI:DSD_LAND_USE@DF_LAND_USE(1.0),Land use,I,TUN,Tunisia,A,Annual,CROP,Cropland,PT_LAR,Percentage of land area,2021,,31.8647,,A,Normal value,0,Units,1,One
DATAFLOW,OECD.ENV.EPI:DSD_LAND_USE@DF_LAND_USE(1.0),Land use,I,TKM,Turkmenistan,A,Annual,CROP,Cropland,PT_LAR,Percentage of land area,2021,,3.471581,,A,Normal value,0,Units,1,One
DATAFLOW,OECD.ENV.EPI:DSD_LAND_USE@DF_LAND_USE(1.0),Land use,I,TCA,Turks and Caicos Islands,A,Annual,CROP,Cropland,PT_LAR,Percentage of land area,2021,,1.052632,,A,Normal value,0,Units,1,One
DATAFLOW,OECD.ENV.EPI:DSD_LAND_USE@DF_LAND_USE(1.0),Land use,I,UKR,Ukraine,A,Annual,CROP,Cropland,PT_LAR,Percentage of land area,2021,,58.29651,,A,Normal value,0,Units,1,One
DATAFLOW,OECD.ENV.EPI:DSD_LAND_USE@DF_LAND_USE(1.0),Land use,I,ARE,United Arab Emirates,A,Annual,CROP,Cropland,PT_LAR,Percentage of land area,2021,,1.289235,,A,Normal value,0,Units,1,One
DATAFLOW,OECD.ENV.EPI:DSD_LAND_USE@DF_LAND_USE(1.0),Land use,I,UZB,Uzbekistan,A,Annual,CROP,Cropland,PT_LAR,Percentage of land area,2021,,10.07028,,A,Normal value,0,Units,1,One
DATAFLOW,OECD.ENV.EPI:DSD_LAND_USE@DF_LAND_USE(1.0),Land use,I,VEN,Venezuela,A,Annual,CROP,Cropland,PT_LAR,Percentage of land area,2021,,3.741285,,A,Normal value,0,Units,1,One
DATAFLOW,OECD.ENV.EPI:DSD_LAND_USE@DF_LAND_USE(1.0),Land use,I,YEM,Yemen,A,Annual,CROP,Cropland,PT_LAR,Percentage of land area,2021,,2.750156,,A,Normal value,0,Units,1,One
DATAFLOW,OECD.ENV.EPI:DSD_LAND_USE@DF_LAND_USE(1.0),Land use,I,TCA,Turks and Caicos Islands,A,Annual,CROP,Cropland,KM2,Square kilometres,2021,,10,,A,Normal value,0,Units,1,One
DATAFLOW,OECD.ENV.EPI:DSD_LAND_USE@DF_LAND_USE(1.0),Land use,I,TKL,Tokelau,A,Annual,CROP,Cropland,PT_LAR,Percentage of land area,2021,,60,,A,Normal value,0,Units,1,One
DATAFLOW,OECD.ENV.EPI:DSD_LAND_USE@DF_LAND_USE(1.0),Land use,I,TUV,Tuvalu,A,Annual,CROP,Cropland,PT_LAR,Percentage of land area,2021,,60,,A,Normal value,0,Units,1,One
DATAFLOW,OECD.ENV.EPI:DSD_LAND_USE@DF_LAND_USE(1.0),Land use,I,VGB,British Virgin Islands,A,Annual,CROP,Cropland,PT_LAR,Percentage of land area,2021,,20,,A,Normal value,0,Units,1,One
DATAFLOW,OECD.ENV.EPI:DSD_LAND_USE@DF_LAND_USE(1.0),Land use,I,FSM,Micronesia,A,Annual,CROP,Cropland,KM2,Square kilometres,2021,,20,,A,Normal value,0,Units,1,One
DATAFLOW,OECD.ENV.EPI:DSD_LAND_USE@DF_LAND_USE(1.0),Land use,I,NRU,Nauru,A,Annual,CROP,Cropland,PT_LAR,Percentage of land area,2021,,20,,A,Normal value,0,Units,1,One
DATAFLOW,OECD.ENV.EPI:DSD_LAND_USE@DF_LAND_USE(1.0),Land use,I,SPM,Saint Pierre and Miquelon,A,Annual,CROP,Cropland,KM2,Square kilometres,2021,,20,,A,Normal value,0,Units,1,One
DATAFLOW,OECD.ENV.EPI:DSD_LAND_USE@DF_LAND_USE(1.0),Land use,I,ABW,Aruba,A,Annual,CROP,Cropland,KM2,Square kilometres,2021,,20,,A,Normal value,0,Units,1,One
DATAFLOW,OECD.ENV.EPI:DSD_LAND_USE@DF_LAND_USE(1.0),Land use,I,MSR,Montserrat,A,Annual,CROP,Cropland,KM2,Square kilometres,2021,,20,,A,Normal value,0,Units,1,One
DATAFLOW,OECD.ENV.EPI:DSD_LAND_USE@DF_LAND_USE(1.0),Land use,I,MSR,Montserrat,A,Annual,CROP,Cropland,PT_LAR,Percentage of land area,2021,,20,,A,Normal value,0,Units,1,One
DATAFLOW,OECD.ENV.EPI:DSD_LAND_USE@DF_LAND_USE(1.0),Land use,I,GRD,Grenada,A,Annual,MEAD,Permanent meadows and pastures,KM2,Square kilometres,2021,,10,,A,Normal value,0,Units,1,One
DATAFLOW,OECD.ENV.EPI:DSD_LAND_USE@DF_LAND_USE(1.0),Land use,I,HKG,Hong Kong (China),A,Annual,MEAD,Permanent meadows and pastures,KM2,Square kilometres,2021,,10,,A,Normal value,0,Units,1,One
DATAFLOW,OECD.ENV.EPI:DSD_LAND_USE@DF_LAND_USE(1.0),Land use,I,NIU,Niue,A,Annual,MEAD,Permanent meadows and pastures,KM2,Square kilometres,2021,,10,,A,Normal value,0,Units,1,One
DATAFLOW,OECD.ENV.EPI:DSD_LAND_USE@DF_LAND_USE(1.0),Land use,I,STP,Sao Tome and Principe,A,Annual,MEAD,Permanent meadows and pastures,KM2,Square kilometres,2021,,10,,A,Normal value,0,Units,1,One
DATAFLOW,OECD.ENV.EPI:DSD_LAND_USE@DF_LAND_USE(1.0),Land use,I,NFK,Norfolk Island,A,Annual,MEAD,Permanent meadows and pastures,KM2,Square kilometres,2021,,10,,A,Normal value,0,Units,1,One
DATAFLOW,OECD.ENV.EPI:DSD_LAND_USE@DF_LAND_USE(1.0),Land use,I,MDV,Maldives,A,Annual,MEAD,Permanent meadows and pastures,KM2,Square kilometres,2021,,10,,A,Normal value,0,Units,1,One
DATAFLOW,OECD.ENV.EPI:DSD_LAND_USE@DF_LAND_USE(1.0),Land use,I,MSR,Montserrat,A,Annual,MEAD,Permanent meadows and pastures,KM2,Square kilometres,2021,,10,,A,Normal value,0,Units,1,One
DATAFLOW,OECD.ENV.EPI:DSD_LAND_USE@DF_LAND_USE(1.0),Land use,I,MSR,Montserrat,A,Annual,MEAD,Permanent meadows and pastures,PT_LAR,Percentage of land area,2021,,10,,A,Normal value,0,Units,1,One
DATAFLOW,OECD.ENV.EPI:DSD_LAND_USE@DF_LAND_USE(1.0),Land use,I,BHS,Bahamas,A,Annual,MEAD,Permanent meadows and pastures,KM2,Square kilometres,2021,,20,,A,Normal value,0,Units,1,One
DATAFLOW,OECD.ENV.EPI:DSD_LAND_USE@DF_LAND_USE(1.0),Land use,I,PLW,Palau,A,Annual,MEAD,Permanent meadows and pastures,KM2,Square kilometres,2021,,20,,A,Normal value,0,Units,1,One
DATAFLOW,OECD.ENV.EPI:DSD_LAND_USE@DF_LAND_USE(1.0),Land use,I,VCT,Saint Vincent and the Grenadines,A,Annual,MEAD,Permanent meadows and pastures,KM2,Square kilometres,2021,,20,,A,Normal value,0,Units,1,One
DATAFLOW,OECD.ENV.EPI:DSD_LAND_USE@DF_LAND_USE(1.0),Land use,I,DMA,Dominica,A,Annual,MEAD,Permanent meadows and pastures,KM2,Square kilometres,2021,,20,,A,Normal value,0,Units,1,One
DATAFLOW,OECD.ENV.EPI:DSD_LAND_USE@DF_LAND_USE(1.0),Land use,I,CYM,Cayman Islands,A,Annual,MEAD,Permanent meadows and pastures,KM2,Square kilometres,2021,,20,,A,Normal value,0,Units,1,One
DATAFLOW,OECD.ENV.EPI:DSD_LAND_USE@DF_LAND_USE(1.0),Land use,I,BRB,Barbados,A,Annual,MEAD,Permanent meadows and pastures,KM2,Square kilometres,2021,,20,,A,Normal value,0,Units,1,One
DATAFLOW,OECD.ENV.EPI:DSD_LAND_USE@DF_LAND_USE(1.0),Land use,I,ZWE,Zimbabwe,A,Annual,MEAD,Permanent meadows and pastures,PT_LAR,Percentage of land area,2021,,37.54274,,A,Normal value,0,Units,1,One
DATAFLOW,OECD.ENV.EPI:DSD_LAND_USE@DF_LAND_USE(1.0),Land use,I,ZWE,Zimbabwe,A,Annual,MEAD,Permanent meadows and pastures,KM2,Square kilometres,2021,,145234.1,,A,Normal value,0,Units,1,One
DATAFLOW,OECD.ENV.EPI:DSD_LAND_USE@DF_LAND_USE(1.0),Land use,I,CHL,Chile,A,Annual,MEAD,Permanent meadows and pastures,PT_LAR,Percentage of land area,2021,,11.82249,,A,Normal value,0,Units,1,One
DATAFLOW,OECD.ENV.EPI:DSD_LAND_USE@DF_LAND_USE(1.0),Land use,I,CRI,Costa Rica,A,Annual,MEAD,Permanent meadows and pastures,PT_LAR,Percentage of land area,2021,,20.66672,,A,Normal value,0,Units,1,One
DATAFLOW,OECD.ENV.EPI:DSD_LAND_USE@DF_LAND_USE(1.0),Land use,I,CRI,Costa Rica,A,Annual,MEAD,Permanent meadows and pastures,KM2,Square kilometres,2021,,10449.1,,A,Normal value,0,Units,1,One
DATAFLOW,OECD.ENV.EPI:DSD_LAND_USE@DF_LAND_USE(1.0),Land use,I,FRA,France,A,Annual,MEAD,Permanent meadows and pastures,KM2,Square kilometres,2021,,104512.7,,A,Normal value,0,Units,1,One
DATAFLOW,OECD.ENV.EPI:DSD_LAND_USE@DF_LAND_USE(1.0),Land use,I,FRA,France,A,Annual,MEAD,Permanent meadows and pastures,PT_LAR,Percentage of land area,2021,,19.39191,,A,Normal value,0,Units,1,One
DATAFLOW,OECD.ENV.EPI:DSD_LAND_USE@DF_LAND_USE(1.0),Land use,I,PRT,Portugal,A,Annual,MEAD,Permanent meadows and pastures,PT_LAR,Percentage of land area,2021,,23.25714,,A,Normal value,0,Units,1,One
DATAFLOW,OECD.ENV.EPI:DSD_LAND_USE@DF_LAND_USE(1.0),Land use,I,OECD,OECD,A,Annual,MEAD,Permanent meadows and pastures,KM2,Square kilometres,2021,,8254633,,A,Normal value,0,Units,1,One
DATAFLOW,OECD.ENV.EPI:DSD_LAND_USE@DF_LAND_USE(1.0),Land use,I,OECD,OECD,A,Annual,MEAD,Permanent meadows and pastures,PT_LAR,Percentage of land area,2021,,23.36943,,A,Normal value,0,Units,1,One
DATAFLOW,OECD.ENV.EPI:DSD_LAND_USE@DF_LAND_USE(1.0),Land use,I,OECDA,OECD America,A,Annual,MEAD,Permanent meadows and pastures,PT_LAR,Percentage of land area,2021,,18.71243,,A,Normal value,0,Units,1,One
DATAFLOW,OECD.ENV.EPI:DSD_LAND_USE@DF_LAND_USE(1.0),Land use,I,OECDA,OECD America,A,Annual,MEAD,Permanent meadows and pastures,KM2,Square kilometres,2021,,4076146.5,,A,Normal value,0,Units,1,One
DATAFLOW,OECD.ENV.EPI:DSD_LAND_USE@DF_LAND_USE(1.0),Land use,I,OECDE,OECD Europe,A,Annual,MEAD,Permanent meadows and pastures,PT_LAR,Percentage of land area,2021,,14.89446,,A,Normal value,0,Units,1,One
DATAFLOW,OECD.ENV.EPI:DSD_LAND_USE@DF_LAND_USE(1.0),Land use,I,OECDE,OECD Europe,A,Annual,MEAD,Permanent meadows and pastures,KM2,Square kilometres,2021,,759646.4375,,A,Normal value,0,Units,1,One
DATAFLOW,OECD.ENV.EPI:DSD_LAND_USE@DF_LAND_USE(1.0),Land use,I,ASM,American Samoa,A,Annual,MEAD,Permanent meadows and pastures,PT_LAR,Percentage of land area,2021,,0.25,,A,Normal value,0,Units,1,One
DATAFLOW,OECD.ENV.EPI:DSD_LAND_USE@DF_LAND_USE(1.0),Land use,I,ASM,American Samoa,A,Annual,MEAD,Permanent meadows and pastures,KM2,Square kilometres,2021,,0.5,,A,Normal value,0,Units,1,One
DATAFLOW,OECD.ENV.EPI:DSD_LAND_USE@DF_LAND_USE(1.0),Land use,I,AGO,Angola,A,Annual,MEAD,Permanent meadows and pastures,KM2,Square kilometres,2021,,400644.3,,A,Normal value,0,Units,1,One
DATAFLOW,OECD.ENV.EPI:DSD_LAND_USE@DF_LAND_USE(1.0),Land use,I,AGO,Angola,A,Annual,MEAD,Permanent meadows and pastures,PT_LAR,Percentage of land area,2021,,32.13639,,A,Normal value,0,Units,1,One
DATAFLOW,OECD.ENV.EPI:DSD_LAND_USE@DF_LAND_USE(1.0),Land use,I,ARG,Argentina,A,Annual,MEAD,Permanent meadows and pastures,KM2,Square kilometres,2021,,277874.5,,A,Normal value,0,Units,1,One
DATAFLOW,OECD.ENV.EPI:DSD_LAND_USE@DF_LAND_USE(1.0),Land use,I,ARG,Argentina,A,Annual,MEAD,Permanent meadows and pastures,PT_LAR,Percentage of land area,2021,,10.15367,,A,Normal value,0,Units,1,One
DATAFLOW,OECD.ENV.EPI:DSD_LAND_USE@DF_LAND_USE(1.0),Land use,I,ARM,Armenia,A,Annual,MEAD,Permanent meadows and pastures,PT_LAR,Percentage of land area,2021,,41.53264,,A,Normal value,0,Units,1,One
DATAFLOW,OECD.ENV.EPI:DSD_LAND_USE@DF_LAND_USE(1.0),Land use,I,BLR,Belarus,A,Annual,MEAD,Permanent meadows and pastures,PT_LAR,Percentage of land area,2021,,12.09344,,A,Normal value,0,Units,1,One
DATAFLOW,OECD.ENV.EPI:DSD_LAND_USE@DF_LAND_USE(1.0),Land use,I,BLR,Belarus,A,Annual,MEAD,Permanent meadows and pastures,KM2,Square kilometres,2021,,24544,,A,Normal value,0,Units,1,One
DATAFLOW,OECD.ENV.EPI:DSD_LAND_USE@DF_LAND_USE(1.0),Land use,I,BOL,Bolivia,A,Annual,MEAD,Permanent meadows and pastures,PT_LAR,Percentage of land area,2021,,30.33203,,A,Normal value,0,Units,1,One
DATAFLOW,OECD.ENV.EPI:DSD_LAND_USE@DF_LAND_USE(1.0),Land use,I,VGB,British Virgin Islands,A,Annual,MEAD,Permanent meadows and pastures,KM2,Square kilometres,2021,,23.1,,A,Normal value,0,Units,1,One
DATAFLOW,OECD.ENV.EPI:DSD_LAND_USE@DF_LAND_USE(1.0),Land use,I,VGB,British Virgin Islands,A,Annual,MEAD,Permanent meadows and pastures,PT_LAR,Percentage of land area,2021,,15.4,,A,Normal value,0,Units,1,One
DATAFLOW,OECD.ENV.EPI:DSD_LAND_USE@DF_LAND_USE(1.0),Land use,I,BFA,Burkina Faso,A,Annual,MEAD,Permanent meadows and pastures,PT_LAR,Percentage of land area,2021,,31.31213,,A,Normal value,0,Units,1,One
DATAFLOW,OECD.ENV.EPI:DSD_LAND_USE@DF_LAND_USE(1.0),Land use,I,BFA,Burkina Faso,A,Annual,MEAD,Permanent meadows and pastures,KM2,Square kilometres,2021,,85670,,A,Normal value,0,Units,1,One
DATAFLOW,OECD.ENV.EPI:DSD_LAND_USE@DF_LAND_USE(1.0),Land use,I,BDI,Burundi,A,Annual,MEAD,Permanent meadows and pastures,KM2,Square kilometres,2021,,4784.1,,A,Normal value,0,Units,1,One
DATAFLOW,OECD.ENV.EPI:DSD_LAND_USE@DF_LAND_USE(1.0),Land use,I,BDI,Burundi,A,Annual,MEAD,Permanent meadows and pastures,PT_LAR,Percentage of land area,2021,,18.62967,,A,Normal value,0,Units,1,One
DATAFLOW,OECD.ENV.EPI:DSD_LAND_USE@DF_LAND_USE(1.0),Land use,I,CHN,China (People’s Republic of),A,Annual,MEAD,Permanent meadows and pastures,PT_LAR,Percentage of land area,2021,,28.05946,,A,Normal value,0,Units,1,One
DATAFLOW,OECD.ENV.EPI:DSD_LAND_USE@DF_LAND_USE(1.0),Land use,I,CHN,China (People’s Republic of),A,Annual,MEAD,Permanent meadows and pastures,KM2,Square kilometres,2021,,2644521,,A,Normal value,0,Units,1,One
DATAFLOW,OECD.ENV.EPI:DSD_LAND_USE@DF_LAND_USE(1.0),Land use,I,COK,Cook Islands,A,Annual,MEAD,Permanent meadows and pastures,KM2,Square kilometres,2021,,3.98,,A,Normal value,0,Units,1,One
DATAFLOW,OECD.ENV.EPI:DSD_LAND_USE@DF_LAND_USE(1.0),Land use,I,COK,Cook Islands,A,Annual,MEAD,Permanent meadows and pastures,PT_LAR,Percentage of land area,2021,,1.658333,,A,Normal value,0,Units,1,One
DATAFLOW,OECD.ENV.EPI:DSD_LAND_USE@DF_LAND_USE(1.0),Land use,I,DOM,Dominican Republic,A,Annual,MEAD,Permanent meadows and pastures,KM2,Square kilometres,2021,,11461.3,,A,Normal value,0,Units,1,One
DATAFLOW,OECD.ENV.EPI:DSD_LAND_USE@DF_LAND_USE(1.0),Land use,I,DOM,Dominican Republic,A,Annual,MEAD,Permanent meadows and pastures,PT_LAR,Percentage of land area,2021,,23.77961,,A,Normal value,0,Units,1,One
DATAFLOW,OECD.ENV.EPI:DSD_LAND_USE@DF_LAND_USE(1.0),Land use,I,ERI,Eritrea,A,Annual,MEAD,Permanent meadows and pastures,PT_LAR,Percentage of land area,2021,,57.11921,,A,Normal value,0,Units,1,One
DATAFLOW,OECD.ENV.EPI:DSD_LAND_USE@DF_LAND_USE(1.0),Land use,I,ETH,Ethiopia,A,Annual,MEAD,Permanent meadows and pastures,PT_LAR,Percentage of land area,2021,,17.81592,,A,Normal value,0,Units,1,One
DATAFLOW,OECD.ENV.EPI:DSD_LAND_USE@DF_LAND_USE(1.0),Land use,I,PYF,French Polynesia,A,Annual,MEAD,Permanent meadows and pastures,PT_LAR,Percentage of land area,2021,,0.7346586,,A,Normal value,0,Units,1,One
DATAFLOW,OECD.ENV.EPI:DSD_LAND_USE@DF_LAND_USE(1.0),Land use,I,PYF,French Polynesia,A,Annual,MEAD,Permanent meadows and pastures,KM2,Square kilometres,2021,,25.5,,A,Normal value,0,Units,1,One
DATAFLOW,OECD.ENV.EPI:DSD_LAND_USE@DF_LAND_USE(1.0),Land use,I,GAB,Gabon,A,Annual,MEAD,Permanent meadows and pastures,PT_LAR,Percentage of land area,2021,,4.929406,,A,Normal value,0,Units,1,One
DATAFLOW,OECD.ENV.EPI:DSD_LAND_USE@DF_LAND_USE(1.0),Land use,I,GAB,Gabon,A,Annual,MEAD,Permanent meadows and pastures,KM2,Square kilometres,2021,,12701.6,,A,Normal value,0,Units,1,One
DATAFLOW,OECD.ENV.EPI:DSD_LAND_USE@DF_LAND_USE(1.0),Land use,I,GMB,Gambia,A,Annual,MEAD,Permanent meadows and pastures,KM2,Square kilometres,2021,,1559.8,,A,Normal value,0,Units,1,One
DATAFLOW,OECD.ENV.EPI:DSD_LAND_USE@DF_LAND_USE(1.0),Land use,I,GMB,Gambia,A,Annual,MEAD,Permanent meadows and pastures,PT_LAR,Percentage of land area,2021,,15.41304,,A,Normal value,0,Units,1,One
DATAFLOW,OECD.ENV.EPI:DSD_LAND_USE@DF_LAND_USE(1.0),Land use,I,GLP,Guadeloupe,A,Annual,MEAD,Permanent meadows and pastures,KM2,Square kilometres,2021,,242.07,,A,Normal value,0,Units,1,One
DATAFLOW,OECD.ENV.EPI:DSD_LAND_USE@DF_LAND_USE(1.0),Land use,I,GLP,Guadeloupe,A,Annual,MEAD,Permanent meadows and pastures,PT_LAR,Percentage of land area,2021,,14.94259,,A,Normal value,0,Units,1,One
DATAFLOW,OECD.ENV.EPI:DSD_LAND_USE@DF_LAND_USE(1.0),Land use,I,HND,Honduras,A,Annual,MEAD,Permanent meadows and pastures,PT_LAR,Percentage of land area,2021,,13.56654,,A,Normal value,0,Units,1,One
DATAFLOW,OECD.ENV.EPI:DSD_LAND_USE@DF_LAND_USE(1.0),Land use,I,HND,Honduras,A,Annual,MEAD,Permanent meadows and pastures,KM2,Square kilometres,2021,,15179.6,,A,Normal value,0,Units,1,One
DATAFLOW,OECD.ENV.EPI:DSD_LAND_USE@DF_LAND_USE(1.0),Land use,I,IND,India,A,Annual,MEAD,Permanent meadows and pastures,PT_LAR,Percentage of land area,2021,,3.498825,,A,Normal value,0,Units,1,One
DATAFLOW,OECD.ENV.EPI:DSD_LAND_USE@DF_LAND_USE(1.0),Land use,I,LAO,Lao People’s Democratic Republic,A,Annual,MEAD,Permanent meadows and pastures,PT_LAR,Percentage of land area,2021,,2.612231,,A,Normal value,0,Units,1,One
DATAFLOW,OECD.ENV.EPI:DSD_LAND_USE@DF_LAND_USE(1.0),Land use,I,LAO,Lao People’s Democratic Republic,A,Annual,MEAD,Permanent meadows and pastures,KM2,Square kilometres,2021,,6029.03,,A,Normal value,0,Units,1,One
DATAFLOW,OECD.ENV.EPI:DSD_LAND_USE@DF_LAND_USE(1.0),Land use,I,LSO,Lesotho,A,Annual,MEAD,Permanent meadows and pastures,KM2,Square kilometres,2021,,23190,,A,Normal value,0,Units,1,One
DATAFLOW,OECD.ENV.EPI:DSD_LAND_USE@DF_LAND_USE(1.0),Land use,I,LSO,Lesotho,A,Annual,MEAD,Permanent meadows and pastures,PT_LAR,Percentage of land area,2021,,76.3834,,A,Normal value,0,Units,1,One
DATAFLOW,OECD.ENV.EPI:DSD_LAND_USE@DF_LAND_USE(1.0),Land use,I,MDG,Madagascar,A,Annual,MEAD,Permanent meadows and pastures,KM2,Square kilometres,2021,,372930,,A,Normal value,0,Units,1,One
DATAFLOW,OECD.ENV.EPI:DSD_LAND_USE@DF_LAND_USE(1.0),Land use,I,MDG,Madagascar,A,Annual,MEAD,Permanent meadows and pastures,PT_LAR,Percentage of land area,2021,,64.09935,,A,Normal value,0,Units,1,One
DATAFLOW,OECD.ENV.EPI:DSD_LAND_USE@DF_LAND_USE(1.0),Land use,I,MYS,Malaysia,A,Annual,MEAD,Permanent meadows and pastures,KM2,Square kilometres,2021,,2810,,A,Normal value,0,Units,1,One
DATAFLOW,OECD.ENV.EPI:DSD_LAND_USE@DF_LAND_USE(1.0),Land use,I,MYS,Malaysia,A,Annual,MEAD,Permanent meadows and pastures,PT_LAR,Percentage of land area,2021,,0.8552732,,A,Normal value,0,Units,1,One
DATAFLOW,OECD.ENV.EPI:DSD_LAND_USE@DF_LAND_USE(1.0),Land use,I,MLI,Mali,A,Annual,MEAD,Permanent meadows and pastures,PT_LAR,Percentage of land area,2021,,28.3882,,A,Normal value,0,Units,1,One
DATAFLOW,OECD.ENV.EPI:DSD_LAND_USE@DF_LAND_USE(1.0),Land use,I,MLI,Mali,A,Annual,MEAD,Permanent meadows and pastures,KM2,Square kilometres,2021,,346390,,A,Normal value,0,Units,1,One
DATAFLOW,OECD.ENV.EPI:DSD_LAND_USE@DF_LAND_USE(1.0),Land use,I,MUS,Mauritius,A,Annual,MEAD,Permanent meadows and pastures,PT_LAR,Percentage of land area,2021,,3.5,,A,Normal value,0,Units,1,One
DATAFLOW,OECD.ENV.EPI:DSD_LAND_USE@DF_LAND_USE(1.0),Land use,I,MOZ,Mozambique,A,Annual,MEAD,Permanent meadows and pastures,PT_LAR,Percentage of land area,2021,,45.09757,,A,Normal value,0,Units,1,One
DATAFLOW,OECD.ENV.EPI:DSD_LAND_USE@DF_LAND_USE(1.0),Land use,I,NCL,New Caledonia,A,Annual,MEAD,Permanent meadows and pastures,PT_LAR,Percentage of land area,2021,,9.38469,,A,Normal value,0,Units,1,One
DATAFLOW,OECD.ENV.EPI:DSD_LAND_USE@DF_LAND_USE(1.0),Land use,I,NFK,Norfolk Island,A,Annual,MEAD,Permanent meadows and pastures,PT_LAR,Percentage of land area,2021,,27.77778,,A,Normal value,0,Units,1,One
DATAFLOW,OECD.ENV.EPI:DSD_LAND_USE@DF_LAND_USE(1.0),Land use,I,MNP,Northern Mariana Islands,A,Annual,MEAD,Permanent meadows and pastures,PT_LAR,Percentage of land area,2021,,1.391304,,A,Normal value,0,Units,1,One
DATAFLOW,OECD.ENV.EPI:DSD_LAND_USE@DF_LAND_USE(1.0),Land use,I,MNP,Northern Mariana Islands,A,Annual,MEAD,Permanent meadows and pastures,KM2,Square kilometres,2021,,6.4,,A,Normal value,0,Units,1,One
DATAFLOW,OECD.ENV.EPI:DSD_LAND_USE@DF_LAND_USE(1.0),Land use,I,PLW,Palau,A,Annual,MEAD,Permanent meadows and pastures,PT_LAR,Percentage of land area,2021,,4.357298,,A,Normal value,0,Units,1,One
DATAFLOW,OECD.ENV.EPI:DSD_LAND_USE@DF_LAND_USE(1.0),Land use,I,PAN,Panama,A,Annual,MEAD,Permanent meadows and pastures,PT_LAR,Percentage of land area,2021,,16.29455,,A,Normal value,0,Units,1,One
DATAFLOW,OECD.ENV.EPI:DSD_LAND_USE@DF_LAND_USE(1.0),Land use,I,PAN,Panama,A,Annual,MEAD,Permanent meadows and pastures,KM2,Square kilometres,2021,,12087.3,,A,Normal value,0,Units,1,One
DATAFLOW,OECD.ENV.EPI:DSD_LAND_USE@DF_LAND_USE(1.0),Land use,I,PRY,Paraguay,A,Annual,MEAD,Permanent meadows and pastures,PT_LAR,Percentage of land area,2021,,41.87234,,A,Normal value,0,Units,1,One
DATAFLOW,OECD.ENV.EPI:DSD_LAND_USE@DF_LAND_USE(1.0),Land use,I,PER,Peru,A,Annual,MEAD,Permanent meadows and pastures,KM2,Square kilometres,2021,,181850,,A,Normal value,0,Units,1,One
DATAFLOW,OECD.ENV.EPI:DSD_LAND_USE@DF_LAND_USE(1.0),Land use,I,PER,Peru,A,Annual,MEAD,Permanent meadows and pastures,PT_LAR,Percentage of land area,2021,,14.20703,,A,Normal value,0,Units,1,One
DATAFLOW,OECD.ENV.EPI:DSD_LAND_USE@DF_LAND_USE(1.0),Land use,I,PRI,Puerto Rico,A,Annual,MEAD,Permanent meadows and pastures,KM2,Square kilometres,2021,,947.5,,A,Normal value,0,Units,1,One
DATAFLOW,OECD.ENV.EPI:DSD_LAND_USE@DF_LAND_USE(1.0),Land use,I,PRI,Puerto Rico,A,Annual,MEAD,Permanent meadows and pastures,PT_LAR,Percentage of land area,2021,,10.68207,,A,Normal value,0,Units,1,One
DATAFLOW,OECD.ENV.EPI:DSD_LAND_USE@DF_LAND_USE(1.0),Land use,I,REU,Réunion,A,Annual,MEAD,Permanent meadows and pastures,PT_LAR,Percentage of land area,2021,,4.673984,,A,Normal value,0,Units,1,One
DATAFLOW,OECD.ENV.EPI:DSD_LAND_USE@DF_LAND_USE(1.0),Land use,I,REU,Réunion,A,Annual,MEAD,Permanent meadows and pastures,KM2,Square kilometres,2021,,116.98,,A,Normal value,0,Units,1,One
DATAFLOW,OECD.ENV.EPI:DSD_LAND_USE@DF_LAND_USE(1.0),Land use,I,RWA,Rwanda,A,Annual,MEAD,Permanent meadows and pastures,PT_LAR,Percentage of land area,2021,,5.552985,,A,Normal value,0,Units,1,One
DATAFLOW,OECD.ENV.EPI:DSD_LAND_USE@DF_LAND_USE(1.0),Land use,I,RWA,Rwanda,A,Annual,MEAD,Permanent meadows and pastures,KM2,Square kilometres,2021,,1320,,A,Normal value,0,Units,1,One
DATAFLOW,OECD.ENV.EPI:DSD_LAND_USE@DF_LAND_USE(1.0),Land use,I,SMR,San Marino,A,Annual,MEAD,Permanent meadows and pastures,PT_LAR,Percentage of land area,2021,,17.62833,,A,Normal value,0,Units,1,One
DATAFLOW,OECD.ENV.EPI:DSD_LAND_USE@DF_LAND_USE(1.0),Land use,I,SMR,San Marino,A,Annual,MEAD,Permanent meadows and pastures,KM2,Square kilometres,2021,,10.577,,A,Normal value,0,Units,1,One
DATAFLOW,OECD.ENV.EPI:DSD_LAND_USE@DF_LAND_USE(1.0),Land use,I,SLB,Solomon Islands,A,Annual,MEAD,Permanent meadows and pastures,PT_LAR,Percentage of land area,2021,,0.4105037,,A,Normal value,0,Units,1,One
DATAFLOW,OECD.ENV.EPI:DSD_LAND_USE@DF_LAND_USE(1.0),Land use,I,SLB,Solomon Islands,A,Annual,MEAD,Permanent meadows and pastures,KM2,Square kilometres,2021,,114.9,,A,Normal value,0,Units,1,One
DATAFLOW,OECD.ENV.EPI:DSD_LAND_USE@DF_LAND_USE(1.0),Land use,I,SOM,Somalia,A,Annual,MEAD,Permanent meadows and pastures,PT_LAR,Percentage of land area,2021,,68.5437,,A,Normal value,0,Units,1,One
DATAFLOW,OECD.ENV.EPI:DSD_LAND_USE@DF_LAND_USE(1.0),Land use,I,SYR,Syrian Arab Republic,A,Annual,MEAD,Permanent meadows and pastures,PT_LAR,Percentage of land area,2021,,44.58291,,A,Normal value,0,Units,1,One
DATAFLOW,OECD.ENV.EPI:DSD_LAND_USE@DF_LAND_USE(1.0),Land use,I,TZA,Tanzania,A,Annual,MEAD,Permanent meadows and pastures,KM2,Square kilometres,2021,,239781,,A,Normal value,0,Units,1,One
DATAFLOW,OECD.ENV.EPI:DSD_LAND_USE@DF_LAND_USE(1.0),Land use,I,TZA,Tanzania,A,Annual,MEAD,Permanent meadows and pastures,PT_LAR,Percentage of land area,2021,,27.12455,,A,Normal value,0,Units,1,One
DATAFLOW,OECD.ENV.EPI:DSD_LAND_USE@DF_LAND_USE(1.0),Land use,I,THA,Thailand,A,Annual,MEAD,Permanent meadows and pastures,PT_LAR,Percentage of land area,2021,,1.491515,,A,Normal value,0,Units,1,One
DATAFLOW,OECD.ENV.EPI:DSD_LAND_USE@DF_LAND_USE(1.0),Land use,I,THA,Thailand,A,Annual,MEAD,Permanent meadows and pastures,KM2,Square kilometres,2021,,7620,,A,Normal value,0,Units,1,One
DATAFLOW,OECD.ENV.EPI:DSD_LAND_USE@DF_LAND_USE(1.0),Land use,I,TTO,Trinidad and Tobago,A,Annual,MEAD,Permanent meadows and pastures,KM2,Square kilometres,2021,,62,,A,Normal value,0,Units,1,One
DATAFLOW,OECD.ENV.EPI:DSD_LAND_USE@DF_LAND_USE(1.0),Land use,I,TTO,Trinidad and Tobago,A,Annual,MEAD,Permanent meadows and pastures,PT_LAR,Percentage of land area,2021,,1.208577,,A,Normal value,0,Units,1,One
DATAFLOW,OECD.ENV.EPI:DSD_LAND_USE@DF_LAND_USE(1.0),Land use,I,TUN,Tunisia,A,Annual,MEAD,Permanent meadows and pastures,PT_LAR,Percentage of land area,2021,,30.60247,,A,Normal value,0,Units,1,One
DATAFLOW,OECD.ENV.EPI:DSD_LAND_USE@DF_LAND_USE(1.0),Land use,I,TUN,Tunisia,A,Annual,MEAD,Permanent meadows and pastures,KM2,Square kilometres,2021,,47544,,A,Normal value,0,Units,1,One
DATAFLOW,OECD.ENV.EPI:DSD_LAND_USE@DF_LAND_USE(1.0),Land use,I,UGA,Uganda,A,Annual,MEAD,Permanent meadows and pastures,PT_LAR,Percentage of land area,2021,,22.93038,,A,Normal value,0,Units,1,One
DATAFLOW,OECD.ENV.EPI:DSD_LAND_USE@DF_LAND_USE(1.0),Land use,I,UGA,Uganda,A,Annual,MEAD,Permanent meadows and pastures,KM2,Square kilometres,2021,,45980,,A,Normal value,0,Units,1,One
DATAFLOW,OECD.ENV.EPI:DSD_LAND_USE@DF_LAND_USE(1.0),Land use,I,VIR,United States Virgin Islands,A,Annual,MEAD,Permanent meadows and pastures,PT_LAR,Percentage of land area,2021,,5.828571,,A,Normal value,0,Units,1,One
DATAFLOW,OECD.ENV.EPI:DSD_LAND_USE@DF_LAND_USE(1.0),Land use,I,VIR,United States Virgin Islands,A,Annual,MEAD,Permanent meadows and pastures,KM2,Square kilometres,2021,,20.4,,A,Normal value,0,Units,1,One
DATAFLOW,OECD.ENV.EPI:DSD_LAND_USE@DF_LAND_USE(1.0),Land use,I,URY,Uruguay,A,Annual,MEAD,Permanent meadows and pastures,KM2,Square kilometres,2021,,133904.9,,A,Normal value,0,Units,1,One
DATAFLOW,OECD.ENV.EPI:DSD_LAND_USE@DF_LAND_USE(1.0),Land use,I,URY,Uruguay,A,Annual,MEAD,Permanent meadows and pastures,PT_LAR,Percentage of land area,2021,,76.50835,,A,Normal value,0,Units,1,One
DATAFLOW,OECD.ENV.EPI:DSD_LAND_USE@DF_LAND_USE(1.0),Land use,I,VEN,Venezuela,A,Annual,MEAD,Permanent meadows and pastures,KM2,Square kilometres,2021,,182410,,A,Normal value,0,Units,1,One
DATAFLOW,OECD.ENV.EPI:DSD_LAND_USE@DF_LAND_USE(1.0),Land use,I,VEN,Venezuela,A,Annual,MEAD,Permanent meadows and pastures,PT_LAR,Percentage of land area,2021,,20.68023,,A,Normal value,0,Units,1,One
DATAFLOW,OECD.ENV.EPI:DSD_LAND_USE@DF_LAND_USE(1.0),Land use,I,AUS,Australia,A,Annual,MEAD,Permanent meadows and pastures,KM2,Square kilometres,2021,,3318690,,A,Normal value,0,Units,1,One
DATAFLOW,OECD.ENV.EPI:DSD_LAND_USE@DF_LAND_USE(1.0),Land use,I,AUT,Austria,A,Annual,MEAD,Permanent meadows and pastures,KM2,Square kilometres,2021,,12099.8,,A,Normal value,0,Units,1,One
DATAFLOW,OECD.ENV.EPI:DSD_LAND_USE@DF_LAND_USE(1.0),Land use,I,BEL,Belgium,A,Annual,MEAD,Permanent meadows and pastures,KM2,Square kilometres,2021,,4762.8,,A,Normal value,0,Units,1,One
DATAFLOW,OECD.ENV.EPI:DSD_LAND_USE@DF_LAND_USE(1.0),Land use,I,CAN,Canada,A,Annual,MEAD,Permanent meadows and pastures,KM2,Square kilometres,2021,,185600,,A,Normal value,0,Units,1,One
DATAFLOW,OECD.ENV.EPI:DSD_LAND_USE@DF_LAND_USE(1.0),Land use,I,CHL,Chile,A,Annual,MEAD,Permanent meadows and pastures,KM2,Square kilometres,2021,,87836.37,,A,Normal value,0,Units,1,One
DATAFLOW,OECD.ENV.EPI:DSD_LAND_USE@DF_LAND_USE(1.0),Land use,I,COL,Colombia,A,Annual,MEAD,Permanent meadows and pastures,KM2,Square kilometres,2021,,382200,,A,Normal value,0,Units,1,One
DATAFLOW,OECD.ENV.EPI:DSD_LAND_USE@DF_LAND_USE(1.0),Land use,I,CZE,Czechia,A,Annual,MEAD,Permanent meadows and pastures,KM2,Square kilometres,2021,,10055.25,,A,Normal value,0,Units,1,One
DATAFLOW,OECD.ENV.EPI:DSD_LAND_USE@DF_LAND_USE(1.0),Land use,I,DNK,Denmark,A,Annual,MEAD,Permanent meadows and pastures,KM2,Square kilometres,2021,,2340,,A,Normal value,0,Units,1,One
DATAFLOW,OECD.ENV.EPI:DSD_LAND_USE@DF_LAND_USE(1.0),Land use,I,EST,Estonia,A,Annual,MEAD,Permanent meadows and pastures,KM2,Square kilometres,2021,,2820,,A,Normal value,0,Units,1,One
DATAFLOW,OECD.ENV.EPI:DSD_LAND_USE@DF_LAND_USE(1.0),Land use,I,FIN,Finland,A,Annual,MEAD,Permanent meadows and pastures,KM2,Square kilometres,2021,,210,,A,Normal value,0,Units,1,One
DATAFLOW,OECD.ENV.EPI:DSD_LAND_USE@DF_LAND_USE(1.0),Land use,I,DEU,Germany,A,Annual,MEAD,Permanent meadows and pastures,KM2,Square kilometres,2021,,47300,,A,Normal value,0,Units,1,One
DATAFLOW,OECD.ENV.EPI:DSD_LAND_USE@DF_LAND_USE(1.0),Land use,I,GRC,Greece,A,Annual,MEAD,Permanent meadows and pastures,KM2,Square kilometres,2021,,28699.32,,A,Normal value,0,Units,1,One
DATAFLOW,OECD.ENV.EPI:DSD_LAND_USE@DF_LAND_USE(1.0),Land use,I,HUN,Hungary,A,Annual,MEAD,Permanent meadows and pastures,KM2,Square kilometres,2021,,7544.893,,A,Normal value,0,Units,1,One
DATAFLOW,OECD.ENV.EPI:DSD_LAND_USE@DF_LAND_USE(1.0),Land use,I,ISL,Iceland,A,Annual,MEAD,Permanent meadows and pastures,KM2,Square kilometres,2021,,17510,,A,Normal value,0,Units,1,One
DATAFLOW,OECD.ENV.EPI:DSD_LAND_USE@DF_LAND_USE(1.0),Land use,I,IRL,Ireland,A,Annual,MEAD,Permanent meadows and pastures,KM2,Square kilometres,2021,,39010,,A,Normal value,0,Units,1,One
DATAFLOW,OECD.ENV.EPI:DSD_LAND_USE@DF_LAND_USE(1.0),Land use,I,ISR,Israel,A,Annual,MEAD,Permanent meadows and pastures,KM2,Square kilometres,2021,,1640,,A,Normal value,0,Units,1,One
DATAFLOW,OECD.ENV.EPI:DSD_LAND_USE@DF_LAND_USE(1.0),Land use,I,ITA,Italy,A,Annual,MEAD,Permanent meadows and pastures,KM2,Square kilometres,2021,,30415.96,,A,Normal value,0,Units,1,One
DATAFLOW,OECD.ENV.EPI:DSD_LAND_USE@DF_LAND_USE(1.0),Land use,I,JPN,Japan,A,Annual,MEAD,Permanent meadows and pastures,KM2,Square kilometres,2021,,3100,,A,Normal value,0,Units,1,One
DATAFLOW,OECD.ENV.EPI:DSD_LAND_USE@DF_LAND_USE(1.0),Land use,I,KOR,Korea,A,Annual,MEAD,Permanent meadows and pastures,KM2,Square kilometres,2021,,560,,A,Normal value,0,Units,1,One
DATAFLOW,OECD.ENV.EPI:DSD_LAND_USE@DF_LAND_USE(1.0),Land use,I,LVA,Latvia,A,Annual,MEAD,Permanent meadows and pastures,KM2,Square kilometres,2021,,5990,,A,Normal value,0,Units,1,One
DATAFLOW,OECD.ENV.EPI:DSD_LAND_USE@DF_LAND_USE(1.0),Land use,I,LTU,Lithuania,A,Annual,MEAD,Permanent meadows and pastures,KM2,Square kilometres,2021,,6226,,A,Normal value,0,Units,1,One
DATAFLOW,OECD.ENV.EPI:DSD_LAND_USE@DF_LAND_USE(1.0),Land use,I,LUX,Luxembourg,A,Annual,MEAD,Permanent meadows and pastures,KM2,Square kilometres,2021,,685.37,,A,Normal value,0,Units,1,One
DATAFLOW,OECD.ENV.EPI:DSD_LAND_USE@DF_LAND_USE(1.0),Land use,I,MEX,Mexico,A,Annual,MEAD,Permanent meadows and pastures,KM2,Square kilometres,2021,,741998.1,,A,Normal value,0,Units,1,One
DATAFLOW,OECD.ENV.EPI:DSD_LAND_USE@DF_LAND_USE(1.0),Land use,I,NLD,Netherlands,A,Annual,MEAD,Permanent meadows and pastures,KM2,Square kilometres,2021,,7710,,A,Normal value,0,Units,1,One
DATAFLOW,OECD.ENV.EPI:DSD_LAND_USE@DF_LAND_USE(1.0),Land use,I,NZL,New Zealand,A,Annual,MEAD,Permanent meadows and pastures,KM2,Square kilometres,2021,,94850,,A,Normal value,0,Units,1,One
DATAFLOW,OECD.ENV.EPI:DSD_LAND_USE@DF_LAND_USE(1.0),Land use,I,NOR,Norway,A,Annual,MEAD,Permanent meadows and pastures,KM2,Square kilometres,2021,,1770,,A,Normal value,0,Units,1,One
DATAFLOW,OECD.ENV.EPI:DSD_LAND_USE@DF_LAND_USE(1.0),Land use,I,POL,Poland,A,Annual,MEAD,Permanent meadows and pastures,KM2,Square kilometres,2021,,30407,,A,Normal value,0,Units,1,One
DATAFLOW,OECD.ENV.EPI:DSD_LAND_USE@DF_LAND_USE(1.0),Land use,I,PRT,Portugal,A,Annual,MEAD,Permanent meadows and pastures,KM2,Square kilometres,2021,,21304.84,,A,Normal value,0,Units,1,One
DATAFLOW,OECD.ENV.EPI:DSD_LAND_USE@DF_LAND_USE(1.0),Land use,I,SVK,Slovak Republic,A,Annual,MEAD,Permanent meadows and pastures,KM2,Square kilometres,2021,,5120,,A,Normal value,0,Units,1,One
DATAFLOW,OECD.ENV.EPI:DSD_LAND_USE@DF_LAND_USE(1.0),Land use,I,SVN,Slovenia,A,Annual,MEAD,Permanent meadows and pastures,KM2,Square kilometres,2021,,3776.1,,A,Normal value,0,Units,1,One
DATAFLOW,OECD.ENV.EPI:DSD_LAND_USE@DF_LAND_USE(1.0),Land use,I,ESP,Spain,A,Annual,MEAD,Permanent meadows and pastures,KM2,Square kilometres,2021,,96186.3,,A,Normal value,0,Units,1,One
DATAFLOW,OECD.ENV.EPI:DSD_LAND_USE@DF_LAND_USE(1.0),Land use,I,SWE,Sweden,A,Annual,MEAD,Permanent meadows and pastures,KM2,Square kilometres,2021,,4640,,A,Normal value,0,Units,1,One
DATAFLOW,OECD.ENV.EPI:DSD_LAND_USE@DF_LAND_USE(1.0),Land use,I,CHE,Switzerland,A,Annual,MEAD,Permanent meadows and pastures,KM2,Square kilometres,2021,,10786.88,,A,Normal value,0,Units,1,One
DATAFLOW,OECD.ENV.EPI:DSD_LAND_USE@DF_LAND_USE(1.0),Land use,I,TUR,Türkiye,A,Annual,MEAD,Permanent meadows and pastures,KM2,Square kilometres,2021,,146170,,A,Normal value,0,Units,1,One
DATAFLOW,OECD.ENV.EPI:DSD_LAND_USE@DF_LAND_USE(1.0),Land use,I,GBR,United Kingdom,A,Annual,MEAD,Permanent meadows and pastures,KM2,Square kilometres,2021,,111593.2,,A,Normal value,0,Units,1,One
DATAFLOW,OECD.ENV.EPI:DSD_LAND_USE@DF_LAND_USE(1.0),Land use,I,USA,United States,A,Annual,MEAD,Permanent meadows and pastures,KM2,Square kilometres,2021,,2668063,,A,Normal value,0,Units,1,One
DATAFLOW,OECD.ENV.EPI:DSD_LAND_USE@DF_LAND_USE(1.0),Land use,I,OECDSO,OECD Asia Oceania,A,Annual,MEAD,Permanent meadows and pastures,KM2,Square kilometres,2021,,3418840,,A,Normal value,0,Units,1,One
DATAFLOW,OECD.ENV.EPI:DSD_LAND_USE@DF_LAND_USE(1.0),Land use,I,AFG,Afghanistan,A,Annual,MEAD,Permanent meadows and pastures,KM2,Square kilometres,2021,,302620,,A,Normal value,0,Units,1,One
DATAFLOW,OECD.ENV.EPI:DSD_LAND_USE@DF_LAND_USE(1.0),Land use,I,ALB,Albania,A,Annual,MEAD,Permanent meadows and pastures,KM2,Square kilometres,2021,,4488,,A,Normal value,0,Units,1,One
DATAFLOW,OECD.ENV.EPI:DSD_LAND_USE@DF_LAND_USE(1.0),Land use,I,DZA,Algeria,A,Annual,MEAD,Permanent meadows and pastures,KM2,Square kilometres,2021,,328070,,A,Normal value,0,Units,1,One
DATAFLOW,OECD.ENV.EPI:DSD_LAND_USE@DF_LAND_USE(1.0),Land use,I,AND,Andorra,A,Annual,MEAD,Permanent meadows and pastures,KM2,Square kilometres,2021,,180,,A,Normal value,0,Units,1,One
DATAFLOW,OECD.ENV.EPI:DSD_LAND_USE@DF_LAND_USE(1.0),Land use,I,ARM,Armenia,A,Annual,MEAD,Permanent meadows and pastures,KM2,Square kilometres,2021,,11711,,A,Normal value,0,Units,1,One
DATAFLOW,OECD.ENV.EPI:DSD_LAND_USE@DF_LAND_USE(1.0),Land use,I,AZE,Azerbaijan,A,Annual,MEAD,Permanent meadows and pastures,KM2,Square kilometres,2021,,24175,,A,Normal value,0,Units,1,One
DATAFLOW,OECD.ENV.EPI:DSD_LAND_USE@DF_LAND_USE(1.0),Land use,I,BEN,Benin,A,Annual,MEAD,Permanent meadows and pastures,KM2,Square kilometres,2021,,5500,,A,Normal value,0,Units,1,One
DATAFLOW,OECD.ENV.EPI:DSD_LAND_USE@DF_LAND_USE(1.0),Land use,I,BTN,Bhutan,A,Annual,MEAD,Permanent meadows and pastures,KM2,Square kilometres,2021,,4130,,A,Normal value,0,Units,1,One
DATAFLOW,OECD.ENV.EPI:DSD_LAND_USE@DF_LAND_USE(1.0),Land use,I,BOL,Bolivia,A,Annual,MEAD,Permanent meadows and pastures,KM2,Square kilometres,2021,,330000,,A,Normal value,0,Units,1,One
DATAFLOW,OECD.ENV.EPI:DSD_LAND_USE@DF_LAND_USE(1.0),Land use,I,BIH,Bosnia and Herzegovina,A,Annual,MEAD,Permanent meadows and pastures,KM2,Square kilometres,2021,,11470,,A,Normal value,0,Units,1,One
DATAFLOW,OECD.ENV.EPI:DSD_LAND_USE@DF_LAND_USE(1.0),Land use,I,BWA,Botswana,A,Annual,MEAD,Permanent meadows and pastures,KM2,Square kilometres,2021,,256000,,A,Normal value,0,Units,1,One
DATAFLOW,OECD.ENV.EPI:DSD_LAND_USE@DF_LAND_USE(1.0),Land use,I,BRA,Brazil,A,Annual,MEAD,Permanent meadows and pastures,KM2,Square kilometres,2021,,1733608,,A,Normal value,0,Units,1,One
DATAFLOW,OECD.ENV.EPI:DSD_LAND_USE@DF_LAND_USE(1.0),Land use,I,BRN,Brunei Darussalam,A,Annual,MEAD,Permanent meadows and pastures,KM2,Square kilometres,2021,,34,,A,Normal value,0,Units,1,One
DATAFLOW,OECD.ENV.EPI:DSD_LAND_USE@DF_LAND_USE(1.0),Land use,I,BGR,Bulgaria,A,Annual,MEAD,Permanent meadows and pastures,KM2,Square kilometres,2021,,13970,,A,Normal value,0,Units,1,One
DATAFLOW,OECD.ENV.EPI:DSD_LAND_USE@DF_LAND_USE(1.0),Land use,I,KHM,Cambodia,A,Annual,MEAD,Permanent meadows and pastures,KM2,Square kilometres,2021,,15000,,A,Normal value,0,Units,1,One
DATAFLOW,OECD.ENV.EPI:DSD_LAND_USE@DF_LAND_USE(1.0),Land use,I,CAF,Central African Republic,A,Annual,MEAD,Permanent meadows and pastures,KM2,Square kilometres,2021,,29900,,A,Normal value,0,Units,1,One
DATAFLOW,OECD.ENV.EPI:DSD_LAND_USE@DF_LAND_USE(1.0),Land use,I,CIV,Côte d’Ivoire,A,Annual,MEAD,Permanent meadows and pastures,KM2,Square kilometres,2021,,132000,,A,Normal value,0,Units,1,One
DATAFLOW,OECD.ENV.EPI:DSD_LAND_USE@DF_LAND_USE(1.0),Land use,I,HRV,Croatia,A,Annual,MEAD,Permanent meadows and pastures,KM2,Square kilometres,2021,,5400,,A,Normal value,0,Units,1,One
DATAFLOW,OECD.ENV.EPI:DSD_LAND_USE@DF_LAND_USE(1.0),Land use,I,CUB,Cuba,A,Annual,MEAD,Permanent meadows and pastures,KM2,Square kilometres,2021,,28394,,A,Normal value,0,Units,1,One
DATAFLOW,OECD.ENV.EPI:DSD_LAND_USE@DF_LAND_USE(1.0),Land use,I,CYP,Cyprus,A,Annual,MEAD,Permanent meadows and pastures,KM2,Square kilometres,2021,,21.893,,A,Normal value,0,Units,1,One
DATAFLOW,OECD.ENV.EPI:DSD_LAND_USE@DF_LAND_USE(1.0),Land use,I,COD,Democratic Republic of the Congo,A,Annual,MEAD,Permanent meadows and pastures,KM2,Square kilometres,2021,,182000,,A,Normal value,0,Units,1,One
DATAFLOW,OECD.ENV.EPI:DSD_LAND_USE@DF_LAND_USE(1.0),Land use,I,DJI,Djibouti,A,Annual,MEAD,Permanent meadows and pastures,KM2,Square kilometres,2021,,17000,,A,Normal value,0,Units,1,One
DATAFLOW,OECD.ENV.EPI:DSD_LAND_USE@DF_LAND_USE(1.0),Land use,I,ECU,Ecuador,A,Annual,MEAD,Permanent meadows and pastures,KM2,Square kilometres,2021,,30230,,A,Normal value,0,Units,1,One
DATAFLOW,OECD.ENV.EPI:DSD_LAND_USE@DF_LAND_USE(1.0),Land use,I,SLV,El Salvador,A,Annual,MEAD,Permanent meadows and pastures,KM2,Square kilometres,2021,,3147,,A,Normal value,0,Units,1,One
DATAFLOW,OECD.ENV.EPI:DSD_LAND_USE@DF_LAND_USE(1.0),Land use,I,GNQ,Equatorial Guinea,A,Annual,MEAD,Permanent meadows and pastures,KM2,Square kilometres,2021,,49.2,,A,Normal value,0,Units,1,One
DATAFLOW,OECD.ENV.EPI:DSD_LAND_USE@DF_LAND_USE(1.0),Land use,I,ERI,Eritrea,A,Annual,MEAD,Permanent meadows and pastures,KM2,Square kilometres,2021,,69000,,A,Normal value,0,Units,1,One
DATAFLOW,OECD.ENV.EPI:DSD_LAND_USE@DF_LAND_USE(1.0),Land use,I,FLK,Falkland Islands (Malvinas),A,Annual,MEAD,Permanent meadows and pastures,KM2,Square kilometres,2021,,11302,,A,Normal value,0,Units,1,One
DATAFLOW,OECD.ENV.EPI:DSD_LAND_USE@DF_LAND_USE(1.0),Land use,I,FRO,Faroe Islands,A,Annual,MEAD,Permanent meadows and pastures,KM2,Square kilometres,2021,,960,,A,Normal value,0,Units,1,One
DATAFLOW,OECD.ENV.EPI:DSD_LAND_USE@DF_LAND_USE(1.0),Land use,I,FJI,Fiji,A,Annual,MEAD,Permanent meadows and pastures,KM2,Square kilometres,2021,,1730,,A,Normal value,0,Units,1,One
DATAFLOW,OECD.ENV.EPI:DSD_LAND_USE@DF_LAND_USE(1.0),Land use,I,GUF,French Guiana,A,Annual,MEAD,Permanent meadows and pastures,KM2,Square kilometres,2021,,206.74,,A,Normal value,0,Units,1,One
DATAFLOW,OECD.ENV.EPI:DSD_LAND_USE@DF_LAND_USE(1.0),Land use,I,GEO,Georgia,A,Annual,MEAD,Permanent meadows and pastures,KM2,Square kilometres,2021,,19400,,A,Normal value,0,Units,1,One
DATAFLOW,OECD.ENV.EPI:DSD_LAND_USE@DF_LAND_USE(1.0),Land use,I,GHA,Ghana,A,Annual,MEAD,Permanent meadows and pastures,KM2,Square kilometres,2021,,51862.4,,A,Normal value,0,Units,1,One
DATAFLOW,OECD.ENV.EPI:DSD_LAND_USE@DF_LAND_USE(1.0),Land use,I,GRL,Greenland,A,Annual,MEAD,Permanent meadows and pastures,KM2,Square kilometres,2021,,2431.1,,A,Normal value,0,Units,1,One
DATAFLOW,OECD.ENV.EPI:DSD_LAND_USE@DF_LAND_USE(1.0),Land use,I,GTM,Guatemala,A,Annual,MEAD,Permanent meadows and pastures,KM2,Square kilometres,2021,,18750,,A,Normal value,0,Units,1,One
DATAFLOW,OECD.ENV.EPI:DSD_LAND_USE@DF_LAND_USE(1.0),Land use,I,GNB,Guinea-Bissau,A,Annual,MEAD,Permanent meadows and pastures,KM2,Square kilometres,2021,,1950,,A,Normal value,0,Units,1,One
DATAFLOW,OECD.ENV.EPI:DSD_LAND_USE@DF_LAND_USE(1.0),Land use,I,GUY,Guyana,A,Annual,MEAD,Permanent meadows and pastures,KM2,Square kilometres,2021,,5940,,A,Normal value,0,Units,1,One
DATAFLOW,OECD.ENV.EPI:DSD_LAND_USE@DF_LAND_USE(1.0),Land use,I,HTI,Haiti,A,Annual,MEAD,Permanent meadows and pastures,KM2,Square kilometres,2021,,4900,,A,Normal value,0,Units,1,One
DATAFLOW,OECD.ENV.EPI:DSD_LAND_USE@DF_LAND_USE(1.0),Land use,I,IND,India,A,Annual,MEAD,Permanent meadows and pastures,KM2,Square kilometres,2021,,104026.7,,A,Normal value,0,Units,1,One
DATAFLOW,OECD.ENV.EPI:DSD_LAND_USE@DF_LAND_USE(1.0),Land use,I,IDN,Indonesia,A,Annual,MEAD,Permanent meadows and pastures,KM2,Square kilometres,2021,,110000,,A,Normal value,0,Units,1,One
DATAFLOW,OECD.ENV.EPI:DSD_LAND_USE@DF_LAND_USE(1.0),Land use,I,IRN,Iran,A,Annual,MEAD,Permanent meadows and pastures,KM2,Square kilometres,2021,,294770,,A,Normal value,0,Units,1,One
DATAFLOW,OECD.ENV.EPI:DSD_LAND_USE@DF_LAND_USE(1.0),Land use,I,IRQ,Iraq,A,Annual,MEAD,Permanent meadows and pastures,KM2,Square kilometres,2021,,39850,,A,Normal value,0,Units,1,One
DATAFLOW,OECD.ENV.EPI:DSD_LAND_USE@DF_LAND_USE(1.0),Land use,I,JAM,Jamaica,A,Annual,MEAD,Permanent meadows and pastures,KM2,Square kilometres,2021,,2290,,A,Normal value,0,Units,1,One
DATAFLOW,OECD.ENV.EPI:DSD_LAND_USE@DF_LAND_USE(1.0),Land use,I,JOR,Jordan,A,Annual,MEAD,Permanent meadows and pastures,KM2,Square kilometres,2021,,7420,,A,Normal value,0,Units,1,One
DATAFLOW,OECD.ENV.EPI:DSD_LAND_USE@DF_LAND_USE(1.0),Land use,I,KAZ,Kazakhstan,A,Annual,MEAD,Permanent meadows and pastures,KM2,Square kilometres,2021,,1844640,,A,Normal value,0,Units,1,One
DATAFLOW,OECD.ENV.EPI:DSD_LAND_USE@DF_LAND_USE(1.0),Land use,I,KEN,Kenya,A,Annual,MEAD,Permanent meadows and pastures,KM2,Square kilometres,2021,,213000,,A,Normal value,0,Units,1,One
DATAFLOW,OECD.ENV.EPI:DSD_LAND_USE@DF_LAND_USE(1.0),Land use,I,KWT,Kuwait,A,Annual,MEAD,Permanent meadows and pastures,KM2,Square kilometres,2021,,1360,,A,Normal value,0,Units,1,One
DATAFLOW,OECD.ENV.EPI:DSD_LAND_USE@DF_LAND_USE(1.0),Land use,I,KGZ,Kyrgyzstan,A,Annual,MEAD,Permanent meadows and pastures,KM2,Square kilometres,2021,,90020,,A,Normal value,0,Units,1,One
DATAFLOW,OECD.ENV.EPI:DSD_LAND_USE@DF_LAND_USE(1.0),Land use,I,LBN,Lebanon,A,Annual,MEAD,Permanent meadows and pastures,KM2,Square kilometres,2021,,4000,,A,Normal value,0,Units,1,One
DATAFLOW,OECD.ENV.EPI:DSD_LAND_USE@DF_LAND_USE(1.0),Land use,I,LBR,Liberia,A,Annual,MEAD,Permanent meadows and pastures,KM2,Square kilometres,2021,,12230.4,,A,Normal value,0,Units,1,One
DATAFLOW,OECD.ENV.EPI:DSD_LAND_USE@DF_LAND_USE(1.0),Land use,I,LBY,Libya,A,Annual,MEAD,Permanent meadows and pastures,KM2,Square kilometres,2021,,133000,,A,Normal value,0,Units,1,One
DATAFLOW,OECD.ENV.EPI:DSD_LAND_USE@DF_LAND_USE(1.0),Land use,I,LIE,Liechtenstein,A,Annual,MEAD,Permanent meadows and pastures,KM2,Square kilometres,2021,,34.4,,A,Normal value,0,Units,1,One
DATAFLOW,OECD.ENV.EPI:DSD_LAND_USE@DF_LAND_USE(1.0),Land use,I,MWI,Malawi,A,Annual,MEAD,Permanent meadows and pastures,KM2,Square kilometres,2021,,18500,,A,Normal value,0,Units,1,One
DATAFLOW,OECD.ENV.EPI:DSD_LAND_USE@DF_LAND_USE(1.0),Land use,I,MTQ,Martinique,A,Annual,MEAD,Permanent meadows and pastures,KM2,Square kilometres,2021,,143.75,,A,Normal value,0,Units,1,One
DATAFLOW,OECD.ENV.EPI:DSD_LAND_USE@DF_LAND_USE(1.0),Land use,I,MRT,Mauritania,A,Annual,MEAD,Permanent meadows and pastures,KM2,Square kilometres,2021,,392500,,A,Normal value,0,Units,1,One
DATAFLOW,OECD.ENV.EPI:DSD_LAND_USE@DF_LAND_USE(1.0),Land use,I,MYT,Mayotte,A,Annual,MEAD,Permanent meadows and pastures,KM2,Square kilometres,2021,,0.12,,A,Normal value,0,Units,1,One
DATAFLOW,OECD.ENV.EPI:DSD_LAND_USE@DF_LAND_USE(1.0),Land use,I,MDA,Moldova,A,Annual,MEAD,Permanent meadows and pastures,KM2,Square kilometres,2021,,3380,,A,Normal value,0,Units,1,One
DATAFLOW,OECD.ENV.EPI:DSD_LAND_USE@DF_LAND_USE(1.0),Land use,I,MNG,Mongolia,A,Annual,MEAD,Permanent meadows and pastures,KM2,Square kilometres,2021,,1112934,,A,Normal value,0,Units,1,One
DATAFLOW,OECD.ENV.EPI:DSD_LAND_USE@DF_LAND_USE(1.0),Land use,I,MAR,Morocco,A,Annual,MEAD,Permanent meadows and pastures,KM2,Square kilometres,2021,,210000,,A,Normal value,0,Units,1,One
DATAFLOW,OECD.ENV.EPI:DSD_LAND_USE@DF_LAND_USE(1.0),Land use,I,MOZ,Mozambique,A,Annual,MEAD,Permanent meadows and pastures,KM2,Square kilometres,2021,,354638.3,,A,Normal value,0,Units,1,One
DATAFLOW,OECD.ENV.EPI:DSD_LAND_USE@DF_LAND_USE(1.0),Land use,I,MMR,Myanmar,A,Annual,MEAD,Permanent meadows and pastures,KM2,Square kilometres,2021,,4800,,A,Normal value,0,Units,1,One
DATAFLOW,OECD.ENV.EPI:DSD_LAND_USE@DF_LAND_USE(1.0),Land use,I,NPL,Nepal,A,Annual,MEAD,Permanent meadows and pastures,KM2,Square kilometres,2021,,17953,,A,Normal value,0,Units,1,One
DATAFLOW,OECD.ENV.EPI:DSD_LAND_USE@DF_LAND_USE(1.0),Land use,I,NCL,New Caledonia,A,Annual,MEAD,Permanent meadows and pastures,KM2,Square kilometres,2021,,1743.3,,A,Normal value,0,Units,1,One
DATAFLOW,OECD.ENV.EPI:DSD_LAND_USE@DF_LAND_USE(1.0),Land use,I,NIC,Nicaragua,A,Annual,MEAD,Permanent meadows and pastures,KM2,Square kilometres,2021,,32920,,A,Normal value,0,Units,1,One
DATAFLOW,OECD.ENV.EPI:DSD_LAND_USE@DF_LAND_USE(1.0),Land use,I,NER,Niger,A,Annual,MEAD,Permanent meadows and pastures,KM2,Square kilometres,2021,,287820,,A,Normal value,0,Units,1,One
DATAFLOW,OECD.ENV.EPI:DSD_LAND_USE@DF_LAND_USE(1.0),Land use,I,NGA,Nigeria,A,Annual,MEAD,Permanent meadows and pastures,KM2,Square kilometres,2021,,251720,,A,Normal value,0,Units,1,One
DATAFLOW,OECD.ENV.EPI:DSD_LAND_USE@DF_LAND_USE(1.0),Land use,I,MKD,North Macedonia,A,Annual,MEAD,Permanent meadows and pastures,KM2,Square kilometres,2021,,8020,,A,Normal value,0,Units,1,One
DATAFLOW,OECD.ENV.EPI:DSD_LAND_USE@DF_LAND_USE(1.0),Land use,I,OMN,Oman,A,Annual,MEAD,Permanent meadows and pastures,KM2,Square kilometres,2021,,13500,,A,Normal value,0,Units,1,One
DATAFLOW,OECD.ENV.EPI:DSD_LAND_USE@DF_LAND_USE(1.0),Land use,I,PNG,Papua New Guinea,A,Annual,MEAD,Permanent meadows and pastures,KM2,Square kilometres,2021,,1900,,A,Normal value,0,Units,1,One
DATAFLOW,OECD.ENV.EPI:DSD_LAND_USE@DF_LAND_USE(1.0),Land use,I,PRY,Paraguay,A,Annual,MEAD,Permanent meadows and pastures,KM2,Square kilometres,2021,,166358.8,,A,Normal value,0,Units,1,One
DATAFLOW,OECD.ENV.EPI:DSD_LAND_USE@DF_LAND_USE(1.0),Land use,I,PHL,Philippines,A,Annual,MEAD,Permanent meadows and pastures,KM2,Square kilometres,2021,,15000,,A,Normal value,0,Units,1,One
DATAFLOW,OECD.ENV.EPI:DSD_LAND_USE@DF_LAND_USE(1.0),Land use,I,ROU,Romania,A,Annual,MEAD,Permanent meadows and pastures,KM2,Square kilometres,2021,,40900,,A,Normal value,0,Units,1,One
DATAFLOW,OECD.ENV.EPI:DSD_LAND_USE@DF_LAND_USE(1.0),Land use,I,RUS,Russia,A,Annual,MEAD,Permanent meadows and pastures,KM2,Square kilometres,2021,,920520,,A,Normal value,0,Units,1,One
DATAFLOW,OECD.ENV.EPI:DSD_LAND_USE@DF_LAND_USE(1.0),Land use,I,KNA,Saint Kitts and Nevis,A,Annual,MEAD,Permanent meadows and pastures,KM2,Square kilometres,2021,,9,,A,Normal value,0,Units,1,One
DATAFLOW,OECD.ENV.EPI:DSD_LAND_USE@DF_LAND_USE(1.0),Land use,I,LCA,Saint Lucia,A,Annual,MEAD,Permanent meadows and pastures,KM2,Square kilometres,2021,,3.7,,A,Normal value,0,Units,1,One
DATAFLOW,OECD.ENV.EPI:DSD_LAND_USE@DF_LAND_USE(1.0),Land use,I,WSM,Samoa,A,Annual,MEAD,Permanent meadows and pastures,KM2,Square kilometres,2021,,64.1,,A,Normal value,0,Units,1,One
DATAFLOW,OECD.ENV.EPI:DSD_LAND_USE@DF_LAND_USE(1.0),Land use,I,SAU,Saudi Arabia,A,Annual,MEAD,Permanent meadows and pastures,KM2,Square kilometres,2021,,1700000,,A,Normal value,0,Units,1,One
DATAFLOW,OECD.ENV.EPI:DSD_LAND_USE@DF_LAND_USE(1.0),Land use,I,SEN,Senegal,A,Annual,MEAD,Permanent meadows and pastures,KM2,Square kilometres,2021,,56000,,A,Normal value,0,Units,1,One
DATAFLOW,OECD.ENV.EPI:DSD_LAND_USE@DF_LAND_USE(1.0),Land use,I,SLE,Sierra Leone,A,Annual,MEAD,Permanent meadows and pastures,KM2,Square kilometres,2021,,22000,,A,Normal value,0,Units,1,One
DATAFLOW,OECD.ENV.EPI:DSD_LAND_USE@DF_LAND_USE(1.0),Land use,I,SOM,Somalia,A,Annual,MEAD,Permanent meadows and pastures,KM2,Square kilometres,2021,,430000,,A,Normal value,0,Units,1,One
DATAFLOW,OECD.ENV.EPI:DSD_LAND_USE@DF_LAND_USE(1.0),Land use,I,ZAF,South Africa,A,Annual,MEAD,Permanent meadows and pastures,KM2,Square kilometres,2021,,839280,,A,Normal value,0,Units,1,One
DATAFLOW,OECD.ENV.EPI:DSD_LAND_USE@DF_LAND_USE(1.0),Land use,I,LKA,Sri Lanka,A,Annual,MEAD,Permanent meadows and pastures,KM2,Square kilometres,2021,,4400,,A,Normal value,0,Units,1,One
DATAFLOW,OECD.ENV.EPI:DSD_LAND_USE@DF_LAND_USE(1.0),Land use,I,SDN,Sudan,A,Annual,MEAD,Permanent meadows and pastures,KM2,Square kilometres,2021,,914540,,A,Normal value,0,Units,1,One
DATAFLOW,OECD.ENV.EPI:DSD_LAND_USE@DF_LAND_USE(1.0),Land use,I,SUR,Suriname,A,Annual,MEAD,Permanent meadows and pastures,KM2,Square kilometres,2021,,160,,A,Normal value,0,Units,1,One
DATAFLOW,OECD.ENV.EPI:DSD_LAND_USE@DF_LAND_USE(1.0),Land use,I,SYR,Syrian Arab Republic,A,Annual,MEAD,Permanent meadows and pastures,KM2,Square kilometres,2021,,81867.59,,A,Normal value,0,Units,1,One
DATAFLOW,OECD.ENV.EPI:DSD_LAND_USE@DF_LAND_USE(1.0),Land use,I,TJK,Tajikistan,A,Annual,MEAD,Permanent meadows and pastures,KM2,Square kilometres,2021,,28148,,A,Normal value,0,Units,1,One
DATAFLOW,OECD.ENV.EPI:DSD_LAND_USE@DF_LAND_USE(1.0),Land use,I,TKM,Turkmenistan,A,Annual,MEAD,Permanent meadows and pastures,KM2,Square kilometres,2021,,379660,,A,Normal value,0,Units,1,One
DATAFLOW,OECD.ENV.EPI:DSD_LAND_USE@DF_LAND_USE(1.0),Land use,I,UKR,Ukraine,A,Annual,MEAD,Permanent meadows and pastures,KM2,Square kilometres,2021,,75340,,A,Normal value,0,Units,1,One
DATAFLOW,OECD.ENV.EPI:DSD_LAND_USE@DF_LAND_USE(1.0),Land use,I,UZB,Uzbekistan,A,Annual,MEAD,Permanent meadows and pastures,KM2,Square kilometres,2021,,212531,,A,Normal value,0,Units,1,One
DATAFLOW,OECD.ENV.EPI:DSD_LAND_USE@DF_LAND_USE(1.0),Land use,I,VUT,Vanuatu,A,Annual,MEAD,Permanent meadows and pastures,KM2,Square kilometres,2021,,420,,A,Normal value,0,Units,1,One
DATAFLOW,OECD.ENV.EPI:DSD_LAND_USE@DF_LAND_USE(1.0),Land use,I,VNM,Viet Nam,A,Annual,MEAD,Permanent meadows and pastures,KM2,Square kilometres,2021,,6420,,A,Normal value,0,Units,1,One
DATAFLOW,OECD.ENV.EPI:DSD_LAND_USE@DF_LAND_USE(1.0),Land use,I,COM,Comoros,A,Annual,MEAD,Permanent meadows and pastures,KM2,Square kilometres,2021,,150,,A,Normal value,0,Units,1,One
DATAFLOW,OECD.ENV.EPI:DSD_LAND_USE@DF_LAND_USE(1.0),Land use,I,GIN,Guinea,A,Annual,MEAD,Permanent meadows and pastures,KM2,Square kilometres,2021,,107000,,A,Normal value,0,Units,1,One
DATAFLOW,OECD.ENV.EPI:DSD_LAND_USE@DF_LAND_USE(1.0),Land use,I,COG,Congo,A,Annual,MEAD,Permanent meadows and pastures,KM2,Square kilometres,2021,,100000,,A,Normal value,0,Units,1,One
DATAFLOW,OECD.ENV.EPI:DSD_LAND_USE@DF_LAND_USE(1.0),Land use,I,TCD,Chad,A,Annual,MEAD,Permanent meadows and pastures,KM2,Square kilometres,2021,,450000,,A,Normal value,0,Units,1,One
DATAFLOW,OECD.ENV.EPI:DSD_LAND_USE@DF_LAND_USE(1.0),Land use,I,TLS,Timor-Leste,A,Annual,MEAD,Permanent meadows and pastures,KM2,Square kilometres,2021,,1500,,A,Normal value,0,Units,1,One
DATAFLOW,OECD.ENV.EPI:DSD_LAND_USE@DF_LAND_USE(1.0),Land use,I,BGD,Bangladesh,A,Annual,MEAD,Permanent meadows and pastures,KM2,Square kilometres,2021,,6000,,A,Normal value,0,Units,1,One
DATAFLOW,OECD.ENV.EPI:DSD_LAND_USE@DF_LAND_USE(1.0),Land use,I,NAM,Namibia,A,Annual,MEAD,Permanent meadows and pastures,KM2,Square kilometres,2021,,380000,,A,Normal value,0,Units,1,One
DATAFLOW,OECD.ENV.EPI:DSD_LAND_USE@DF_LAND_USE(1.0),Land use,I,ARE,United Arab Emirates,A,Annual,MEAD,Permanent meadows and pastures,KM2,Square kilometres,2021,,3000,,A,Normal value,0,Units,1,One
DATAFLOW,OECD.ENV.EPI:DSD_LAND_USE@DF_LAND_USE(1.0),Land use,I,CMR,Cameroon,A,Annual,MEAD,Permanent meadows and pastures,KM2,Square kilometres,2021,,20000,,A,Normal value,0,Units,1,One
DATAFLOW,OECD.ENV.EPI:DSD_LAND_USE@DF_LAND_USE(1.0),Land use,I,GUM,Guam,A,Annual,MEAD,Permanent meadows and pastures,KM2,Square kilometres,2021,,80,,A,Normal value,0,Units,1,One
DATAFLOW,OECD.ENV.EPI:DSD_LAND_USE@DF_LAND_USE(1.0),Land use,I,YEM,Yemen,A,Annual,MEAD,Permanent meadows and pastures,KM2,Square kilometres,2021,,220000,,A,Normal value,0,Units,1,One
DATAFLOW,OECD.ENV.EPI:DSD_LAND_USE@DF_LAND_USE(1.0),Land use,I,ETH,Ethiopia,A,Annual,MEAD,Permanent meadows and pastures,KM2,Square kilometres,2021,,200000,,A,Normal value,0,Units,1,One
DATAFLOW,OECD.ENV.EPI:DSD_LAND_USE@DF_LAND_USE(1.0),Land use,I,ZMB,Zambia,A,Annual,MEAD,Permanent meadows and pastures,KM2,Square kilometres,2021,,200000,,A,Normal value,0,Units,1,One
DATAFLOW,OECD.ENV.EPI:DSD_LAND_USE@DF_LAND_USE(1.0),Land use,I,MUS,Mauritius,A,Annual,MEAD,Permanent meadows and pastures,KM2,Square kilometres,2021,,70,,A,Normal value,0,Units,1,One
DATAFLOW,OECD.ENV.EPI:DSD_LAND_USE@DF_LAND_USE(1.0),Land use,I,PAK,Pakistan,A,Annual,MEAD,Permanent meadows and pastures,KM2,Square kilometres,2021,,50000,,A,Normal value,0,Units,1,One
DATAFLOW,OECD.ENV.EPI:DSD_LAND_USE@DF_LAND_USE(1.0),Land use,I,CPV,Cabo Verde,A,Annual,MEAD,Permanent meadows and pastures,KM2,Square kilometres,2021,,250,,A,Normal value,0,Units,1,One
DATAFLOW,OECD.ENV.EPI:DSD_LAND_USE@DF_LAND_USE(1.0),Land use,I,SWZ,Eswatini,A,Annual,MEAD,Permanent meadows and pastures,KM2,Square kilometres,2021,,10000,,A,Normal value,0,Units,1,One
DATAFLOW,OECD.ENV.EPI:DSD_LAND_USE@DF_LAND_USE(1.0),Land use,I,TGO,Togo,A,Annual,MEAD,Permanent meadows and pastures,KM2,Square kilometres,2021,,10000,,A,Normal value,0,Units,1,One
DATAFLOW,OECD.ENV.EPI:DSD_LAND_USE@DF_LAND_USE(1.0),Land use,I,FSM,Micronesia,A,Annual,MEAD,Permanent meadows and pastures,KM2,Square kilometres,2021,,30,,A,Normal value,0,Units,1,One
DATAFLOW,OECD.ENV.EPI:DSD_LAND_USE@DF_LAND_USE(1.0),Land use,I,BLZ,Belize,A,Annual,MEAD,Permanent meadows and pastures,KM2,Square kilometres,2021,,500,,A,Normal value,0,Units,1,One
DATAFLOW,OECD.ENV.EPI:DSD_LAND_USE@DF_LAND_USE(1.0),Land use,I,PRK,Democratic People’s Republic of Korea,A,Annual,MEAD,Permanent meadows and pastures,KM2,Square kilometres,2021,,500,,A,Normal value,0,Units,1,One
DATAFLOW,OECD.ENV.EPI:DSD_LAND_USE@DF_LAND_USE(1.0),Land use,I,QAT,Qatar,A,Annual,MEAD,Permanent meadows and pastures,KM2,Square kilometres,2021,,500,,A,Normal value,0,Units,1,One
DATAFLOW,OECD.ENV.EPI:DSD_LAND_USE@DF_LAND_USE(1.0),Land use,I,AUS,Australia,A,Annual,MEAD,Permanent meadows and pastures,PT_LAR,Percentage of land area,2021,,43.14458,,A,Normal value,0,Units,1,One
DATAFLOW,OECD.ENV.EPI:DSD_LAND_USE@DF_LAND_USE(1.0),Land use,I,AUT,Austria,A,Annual,MEAD,Permanent meadows and pastures,PT_LAR,Percentage of land area,2021,,14.66287,,A,Normal value,0,Units,1,One
DATAFLOW,OECD.ENV.EPI:DSD_LAND_USE@DF_LAND_USE(1.0),Land use,I,BEL,Belgium,A,Annual,MEAD,Permanent meadows and pastures,PT_LAR,Percentage of land area,2021,,15.61881,,A,Normal value,0,Units,1,One
DATAFLOW,OECD.ENV.EPI:DSD_LAND_USE@DF_LAND_USE(1.0),Land use,I,CAN,Canada,A,Annual,MEAD,Permanent meadows and pastures,PT_LAR,Percentage of land area,2021,,2.111803,,A,Normal value,0,Units,1,One
DATAFLOW,OECD.ENV.EPI:DSD_LAND_USE@DF_LAND_USE(1.0),Land use,I,COL,Colombia,A,Annual,MEAD,Permanent meadows and pastures,PT_LAR,Percentage of land area,2021,,34.44795,,A,Normal value,0,Units,1,One
DATAFLOW,OECD.ENV.EPI:DSD_LAND_USE@DF_LAND_USE(1.0),Land use,I,CZE,Czechia,A,Annual,MEAD,Permanent meadows and pastures,PT_LAR,Percentage of land area,2021,,13.02716,,A,Normal value,0,Units,1,One
DATAFLOW,OECD.ENV.EPI:DSD_LAND_USE@DF_LAND_USE(1.0),Land use,I,DNK,Denmark,A,Annual,MEAD,Permanent meadows and pastures,PT_LAR,Percentage of land area,2021,,5.85,,A,Normal value,0,Units,1,One
DATAFLOW,OECD.ENV.EPI:DSD_LAND_USE@DF_LAND_USE(1.0),Land use,I,EST,Estonia,A,Annual,MEAD,Permanent meadows and pastures,PT_LAR,Percentage of land area,2021,,6.596491,,A,Normal value,0,Units,1,One
DATAFLOW,OECD.ENV.EPI:DSD_LAND_USE@DF_LAND_USE(1.0),Land use,I,FIN,Finland,A,Annual,MEAD,Permanent meadows and pastures,PT_LAR,Percentage of land area,2021,,0.06909084,,A,Normal value,0,Units,1,One
DATAFLOW,OECD.ENV.EPI:DSD_LAND_USE@DF_LAND_USE(1.0),Land use,I,DEU,Germany,A,Annual,MEAD,Permanent meadows and pastures,PT_LAR,Percentage of land area,2021,,13.53788,,A,Normal value,0,Units,1,One
DATAFLOW,OECD.ENV.EPI:DSD_LAND_USE@DF_LAND_USE(1.0),Land use,I,GRC,Greece,A,Annual,MEAD,Permanent meadows and pastures,PT_LAR,Percentage of land area,2021,,22.2648,,A,Normal value,0,Units,1,One
DATAFLOW,OECD.ENV.EPI:DSD_LAND_USE@DF_LAND_USE(1.0),Land use,I,HUN,Hungary,A,Annual,MEAD,Permanent meadows and pastures,PT_LAR,Percentage of land area,2021,,8.26747,,A,Normal value,0,Units,1,One
DATAFLOW,OECD.ENV.EPI:DSD_LAND_USE@DF_LAND_USE(1.0),Land use,I,ISL,Iceland,A,Annual,MEAD,Permanent meadows and pastures,PT_LAR,Percentage of land area,2021,,17.36586,,A,Normal value,0,Units,1,One
DATAFLOW,OECD.ENV.EPI:DSD_LAND_USE@DF_LAND_USE(1.0),Land use,I,IRL,Ireland,A,Annual,MEAD,Permanent meadows and pastures,PT_LAR,Percentage of land area,2021,,56.62651,,A,Normal value,0,Units,1,One
DATAFLOW,OECD.ENV.EPI:DSD_LAND_USE@DF_LAND_USE(1.0),Land use,I,ISR,Israel,A,Annual,MEAD,Permanent meadows and pastures,PT_LAR,Percentage of land area,2021,,7.578558,,A,Normal value,0,Units,1,One
DATAFLOW,OECD.ENV.EPI:DSD_LAND_USE@DF_LAND_USE(1.0),Land use,I,ITA,Italy,A,Annual,MEAD,Permanent meadows and pastures,PT_LAR,Percentage of land area,2021,,10.2855,,A,Normal value,0,Units,1,One
DATAFLOW,OECD.ENV.EPI:DSD_LAND_USE@DF_LAND_USE(1.0),Land use,I,JPN,Japan,A,Annual,MEAD,Permanent meadows and pastures,PT_LAR,Percentage of land area,2021,,0.8504801,,A,Normal value,0,Units,1,One
DATAFLOW,OECD.ENV.EPI:DSD_LAND_USE@DF_LAND_USE(1.0),Land use,I,KOR,Korea,A,Annual,MEAD,Permanent meadows and pastures,PT_LAR,Percentage of land area,2021,,0.5737705,,A,Normal value,0,Units,1,One
DATAFLOW,OECD.ENV.EPI:DSD_LAND_USE@DF_LAND_USE(1.0),Land use,I,LVA,Latvia,A,Annual,MEAD,Permanent meadows and pastures,PT_LAR,Percentage of land area,2021,,9.625583,,A,Normal value,0,Units,1,One
DATAFLOW,OECD.ENV.EPI:DSD_LAND_USE@DF_LAND_USE(1.0),Land use,I,LTU,Lithuania,A,Annual,MEAD,Permanent meadows and pastures,PT_LAR,Percentage of land area,2021,,9.944098,,A,Normal value,0,Units,1,One
DATAFLOW,OECD.ENV.EPI:DSD_LAND_USE@DF_LAND_USE(1.0),Land use,I,LUX,Luxembourg,A,Annual,MEAD,Permanent meadows and pastures,PT_LAR,Percentage of land area,2021,,26.62189,,A,Normal value,0,Units,1,One
DATAFLOW,OECD.ENV.EPI:DSD_LAND_USE@DF_LAND_USE(1.0),Land use,I,MEX,Mexico,A,Annual,MEAD,Permanent meadows and pastures,PT_LAR,Percentage of land area,2021,,38.16961,,A,Normal value,0,Units,1,One
DATAFLOW,OECD.ENV.EPI:DSD_LAND_USE@DF_LAND_USE(1.0),Land use,I,NLD,Netherlands,A,Annual,MEAD,Permanent meadows and pastures,PT_LAR,Percentage of land area,2021,,22.89872,,A,Normal value,0,Units,1,One
DATAFLOW,OECD.ENV.EPI:DSD_LAND_USE@DF_LAND_USE(1.0),Land use,I,NZL,New Zealand,A,Annual,MEAD,Permanent meadows and pastures,PT_LAR,Percentage of land area,2021,,36.02218,,A,Normal value,0,Units,1,One
DATAFLOW,OECD.ENV.EPI:DSD_LAND_USE@DF_LAND_USE(1.0),Land use,I,NOR,Norway,A,Annual,MEAD,Permanent meadows and pastures,PT_LAR,Percentage of land area,2021,,0.4859033,,A,Normal value,0,Units,1,One
DATAFLOW,OECD.ENV.EPI:DSD_LAND_USE@DF_LAND_USE(1.0),Land use,I,POL,Poland,A,Annual,MEAD,Permanent meadows and pastures,PT_LAR,Percentage of land area,2021,,9.933681,,A,Normal value,0,Units,1,One
DATAFLOW,OECD.ENV.EPI:DSD_LAND_USE@DF_LAND_USE(1.0),Land use,I,SVK,Slovak Republic,A,Annual,MEAD,Permanent meadows and pastures,PT_LAR,Percentage of land area,2021,,10.64892,,A,Normal value,0,Units,1,One
DATAFLOW,OECD.ENV.EPI:DSD_LAND_USE@DF_LAND_USE(1.0),Land use,I,SVN,Slovenia,A,Annual,MEAD,Permanent meadows and pastures,PT_LAR,Percentage of land area,2021,,18.75261,,A,Normal value,0,Units,1,One
DATAFLOW,OECD.ENV.EPI:DSD_LAND_USE@DF_LAND_USE(1.0),Land use,I,ESP,Spain,A,Annual,MEAD,Permanent meadows and pastures,PT_LAR,Percentage of land area,2021,,19.24753,,A,Normal value,0,Units,1,One
DATAFLOW,OECD.ENV.EPI:DSD_LAND_USE@DF_LAND_USE(1.0),Land use,I,SWE,Sweden,A,Annual,MEAD,Permanent meadows and pastures,PT_LAR,Percentage of land area,2021,,1.139265,,A,Normal value,0,Units,1,One
DATAFLOW,OECD.ENV.EPI:DSD_LAND_USE@DF_LAND_USE(1.0),Land use,I,CHE,Switzerland,A,Annual,MEAD,Permanent meadows and pastures,PT_LAR,Percentage of land area,2021,,27.3019,,A,Normal value,0,Units,1,One
DATAFLOW,OECD.ENV.EPI:DSD_LAND_USE@DF_LAND_USE(1.0),Land use,I,TUR,Türkiye,A,Annual,MEAD,Permanent meadows and pastures,PT_LAR,Percentage of land area,2021,,18.99224,,A,Normal value,0,Units,1,One
DATAFLOW,OECD.ENV.EPI:DSD_LAND_USE@DF_LAND_USE(1.0),Land use,I,GBR,United Kingdom,A,Annual,MEAD,Permanent meadows and pastures,PT_LAR,Percentage of land area,2021,,46.12624,,A,Normal value,0,Units,1,One
DATAFLOW,OECD.ENV.EPI:DSD_LAND_USE@DF_LAND_USE(1.0),Land use,I,USA,United States,A,Annual,MEAD,Permanent meadows and pastures,PT_LAR,Percentage of land area,2021,,29.16738,,A,Normal value,0,Units,1,One
DATAFLOW,OECD.ENV.EPI:DSD_LAND_USE@DF_LAND_USE(1.0),Land use,I,OECDSO,OECD Asia Oceania,A,Annual,MEAD,Permanent meadows and pastures,PT_LAR,Percentage of land area,2021,,40.51205,,A,Normal value,0,Units,1,One
DATAFLOW,OECD.ENV.EPI:DSD_LAND_USE@DF_LAND_USE(1.0),Land use,I,AFG,Afghanistan,A,Annual,MEAD,Permanent meadows and pastures,PT_LAR,Percentage of land area,2021,,46.39774,,A,Normal value,0,Units,1,One
DATAFLOW,OECD.ENV.EPI:DSD_LAND_USE@DF_LAND_USE(1.0),Land use,I,ALB,Albania,A,Annual,MEAD,Permanent meadows and pastures,PT_LAR,Percentage of land area,2021,,16.37956,,A,Normal value,0,Units,1,One
DATAFLOW,OECD.ENV.EPI:DSD_LAND_USE@DF_LAND_USE(1.0),Land use,I,DZA,Algeria,A,Annual,MEAD,Permanent meadows and pastures,PT_LAR,Percentage of land area,2021,,13.77438,,A,Normal value,0,Units,1,One
DATAFLOW,OECD.ENV.EPI:DSD_LAND_USE@DF_LAND_USE(1.0),Land use,I,AND,Andorra,A,Annual,MEAD,Permanent meadows and pastures,PT_LAR,Percentage of land area,2021,,38.29787,,A,Normal value,0,Units,1,One
DATAFLOW,OECD.ENV.EPI:DSD_LAND_USE@DF_LAND_USE(1.0),Land use,I,ATG,Antigua and Barbuda,A,Annual,MEAD,Permanent meadows and pastures,PT_LAR,Percentage of land area,2021,,9.090909,,A,Normal value,0,Units,1,One
DATAFLOW,OECD.ENV.EPI:DSD_LAND_USE@DF_LAND_USE(1.0),Land use,I,AZE,Azerbaijan,A,Annual,MEAD,Permanent meadows and pastures,PT_LAR,Percentage of land area,2021,,29.24985,,A,Normal value,0,Units,1,One
DATAFLOW,OECD.ENV.EPI:DSD_LAND_USE@DF_LAND_USE(1.0),Land use,I,BHS,Bahamas,A,Annual,MEAD,Permanent meadows and pastures,PT_LAR,Percentage of land area,2021,,0.1998002,,A,Normal value,0,Units,1,One
DATAFLOW,OECD.ENV.EPI:DSD_LAND_USE@DF_LAND_USE(1.0),Land use,I,BHR,Bahrain,A,Annual,MEAD,Permanent meadows and pastures,PT_LAR,Percentage of land area,2021,,5.063291,,A,Normal value,0,Units,1,One
DATAFLOW,OECD.ENV.EPI:DSD_LAND_USE@DF_LAND_USE(1.0),Land use,I,BGD,Bangladesh,A,Annual,MEAD,Permanent meadows and pastures,PT_LAR,Percentage of land area,2021,,4.609357,,A,Normal value,0,Units,1,One
DATAFLOW,OECD.ENV.EPI:DSD_LAND_USE@DF_LAND_USE(1.0),Land use,I,BRB,Barbados,A,Annual,MEAD,Permanent meadows and pastures,PT_LAR,Percentage of land area,2021,,4.651163,,A,Normal value,0,Units,1,One
DATAFLOW,OECD.ENV.EPI:DSD_LAND_USE@DF_LAND_USE(1.0),Land use,I,BLZ,Belize,A,Annual,MEAD,Permanent meadows and pastures,PT_LAR,Percentage of land area,2021,,2.192021,,A,Normal value,0,Units,1,One
DATAFLOW,OECD.ENV.EPI:DSD_LAND_USE@DF_LAND_USE(1.0),Land use,I,BEN,Benin,A,Annual,MEAD,Permanent meadows and pastures,PT_LAR,Percentage of land area,2021,,4.877616,,A,Normal value,0,Units,1,One
DATAFLOW,OECD.ENV.EPI:DSD_LAND_USE@DF_LAND_USE(1.0),Land use,I,BTN,Bhutan,A,Annual,MEAD,Permanent meadows and pastures,PT_LAR,Percentage of land area,2021,,10.82853,,A,Normal value,0,Units,1,One
DATAFLOW,OECD.ENV.EPI:DSD_LAND_USE@DF_LAND_USE(1.0),Land use,I,BIH,Bosnia and Herzegovina,A,Annual,MEAD,Permanent meadows and pastures,PT_LAR,Percentage of land area,2021,,22.40234,,A,Normal value,0,Units,1,One
DATAFLOW,OECD.ENV.EPI:DSD_LAND_USE@DF_LAND_USE(1.0),Land use,I,BWA,Botswana,A,Annual,MEAD,Permanent meadows and pastures,PT_LAR,Percentage of land area,2021,,45.17142,,A,Normal value,0,Units,1,One
DATAFLOW,OECD.ENV.EPI:DSD_LAND_USE@DF_LAND_USE(1.0),Land use,I,BRA,Brazil,A,Annual,MEAD,Permanent meadows and pastures,PT_LAR,Percentage of land area,2021,,20.74155,,A,Normal value,0,Units,1,One
DATAFLOW,OECD.ENV.EPI:DSD_LAND_USE@DF_LAND_USE(1.0),Land use,I,BRN,Brunei Darussalam,A,Annual,MEAD,Permanent meadows and pastures,PT_LAR,Percentage of land area,2021,,0.6451613,,A,Normal value,0,Units,1,One
DATAFLOW,OECD.ENV.EPI:DSD_LAND_USE@DF_LAND_USE(1.0),Land use,I,BGR,Bulgaria,A,Annual,MEAD,Permanent meadows and pastures,PT_LAR,Percentage of land area,2021,,12.86846,,A,Normal value,0,Units,1,One
DATAFLOW,OECD.ENV.EPI:DSD_LAND_USE@DF_LAND_USE(1.0),Land use,I,CPV,Cabo Verde,A,Annual,MEAD,Permanent meadows and pastures,PT_LAR,Percentage of land area,2021,,6.203474,,A,Normal value,0,Units,1,One
DATAFLOW,OECD.ENV.EPI:DSD_LAND_USE@DF_LAND_USE(1.0),Land use,I,KHM,Cambodia,A,Annual,MEAD,Permanent meadows and pastures,PT_LAR,Percentage of land area,2021,,8.497621,,A,Normal value,0,Units,1,One
DATAFLOW,OECD.ENV.EPI:DSD_LAND_USE@DF_LAND_USE(1.0),Land use,I,CMR,Cameroon,A,Annual,MEAD,Permanent meadows and pastures,PT_LAR,Percentage of land area,2021,,4.230924,,A,Normal value,0,Units,1,One
DATAFLOW,OECD.ENV.EPI:DSD_LAND_USE@DF_LAND_USE(1.0),Land use,I,CYM,Cayman Islands,A,Annual,MEAD,Permanent meadows and pastures,PT_LAR,Percentage of land area,2021,,8.333333,,A,Normal value,0,Units,1,One
DATAFLOW,OECD.ENV.EPI:DSD_LAND_USE@DF_LAND_USE(1.0),Land use,I,CAF,Central African Republic,A,Annual,MEAD,Permanent meadows and pastures,PT_LAR,Percentage of land area,2021,,4.799512,,A,Normal value,0,Units,1,One
DATAFLOW,OECD.ENV.EPI:DSD_LAND_USE@DF_LAND_USE(1.0),Land use,I,TCD,Chad,A,Annual,MEAD,Permanent meadows and pastures,PT_LAR,Percentage of land area,2021,,35.73698,,A,Normal value,0,Units,1,One
DATAFLOW,OECD.ENV.EPI:DSD_LAND_USE@DF_LAND_USE(1.0),Land use,I,COM,Comoros,A,Annual,MEAD,Permanent meadows and pastures,PT_LAR,Percentage of land area,2021,,8.060183,,A,Normal value,0,Units,1,One
DATAFLOW,OECD.ENV.EPI:DSD_LAND_USE@DF_LAND_USE(1.0),Land use,I,COG,Congo,A,Annual,MEAD,Permanent meadows and pastures,PT_LAR,Percentage of land area,2021,,29.28258,,A,Normal value,0,Units,1,One
DATAFLOW,OECD.ENV.EPI:DSD_LAND_USE@DF_LAND_USE(1.0),Land use,I,CIV,Côte d’Ivoire,A,Annual,MEAD,Permanent meadows and pastures,PT_LAR,Percentage of land area,2021,,41.50943,,A,Normal value,0,Units,1,One
DATAFLOW,OECD.ENV.EPI:DSD_LAND_USE@DF_LAND_USE(1.0),Land use,I,HRV,Croatia,A,Annual,MEAD,Permanent meadows and pastures,PT_LAR,Percentage of land area,2021,,9.64975,,A,Normal value,0,Units,1,One
DATAFLOW,OECD.ENV.EPI:DSD_LAND_USE@DF_LAND_USE(1.0),Land use,I,CUB,Cuba,A,Annual,MEAD,Permanent meadows and pastures,PT_LAR,Percentage of land area,2021,,27.35453,,A,Normal value,0,Units,1,One
DATAFLOW,OECD.ENV.EPI:DSD_LAND_USE@DF_LAND_USE(1.0),Land use,I,CYP,Cyprus,A,Annual,MEAD,Permanent meadows and pastures,PT_LAR,Percentage of land area,2021,,0.2369372,,A,Normal value,0,Units,1,One
DATAFLOW,OECD.ENV.EPI:DSD_LAND_USE@DF_LAND_USE(1.0),Land use,I,PRK,Democratic People’s Republic of Korea,A,Annual,MEAD,Permanent meadows and pastures,PT_LAR,Percentage of land area,2021,,0.4152479,,A,Normal value,0,Units,1,One
DATAFLOW,OECD.ENV.EPI:DSD_LAND_USE@DF_LAND_USE(1.0),Land use,I,COD,Democratic Republic of the Congo,A,Annual,MEAD,Permanent meadows and pastures,PT_LAR,Percentage of land area,2021,,8.028054,,A,Normal value,0,Units,1,One
DATAFLOW,OECD.ENV.EPI:DSD_LAND_USE@DF_LAND_USE(1.0),Land use,I,DJI,Djibouti,A,Annual,MEAD,Permanent meadows and pastures,PT_LAR,Percentage of land area,2021,,73.33909,,A,Normal value,0,Units,1,One
DATAFLOW,OECD.ENV.EPI:DSD_LAND_USE@DF_LAND_USE(1.0),Land use,I,DMA,Dominica,A,Annual,MEAD,Permanent meadows and pastures,PT_LAR,Percentage of land area,2021,,2.666667,,A,Normal value,0,Units,1,One
DATAFLOW,OECD.ENV.EPI:DSD_LAND_USE@DF_LAND_USE(1.0),Land use,I,ECU,Ecuador,A,Annual,MEAD,Permanent meadows and pastures,PT_LAR,Percentage of land area,2021,,12.17185,,A,Normal value,0,Units,1,One
DATAFLOW,OECD.ENV.EPI:DSD_LAND_USE@DF_LAND_USE(1.0),Land use,I,SLV,El Salvador,A,Annual,MEAD,Permanent meadows and pastures,PT_LAR,Percentage of land area,2021,,15.18822,,A,Normal value,0,Units,1,One
DATAFLOW,OECD.ENV.EPI:DSD_LAND_USE@DF_LAND_USE(1.0),Land use,I,GNQ,Equatorial Guinea,A,Annual,MEAD,Permanent meadows and pastures,PT_LAR,Percentage of land area,2021,,0.1754011,,A,Normal value,0,Units,1,One
DATAFLOW,OECD.ENV.EPI:DSD_LAND_USE@DF_LAND_USE(1.0),Land use,I,SWZ,Eswatini,A,Annual,MEAD,Permanent meadows and pastures,PT_LAR,Percentage of land area,2021,,58.13953,,A,Normal value,0,Units,1,One
DATAFLOW,OECD.ENV.EPI:DSD_LAND_USE@DF_LAND_USE(1.0),Land use,I,FLK,Falkland Islands (Malvinas),A,Annual,MEAD,Permanent meadows and pastures,PT_LAR,Percentage of land area,2021,,92.86771,,A,Normal value,0,Units,1,One
DATAFLOW,OECD.ENV.EPI:DSD_LAND_USE@DF_LAND_USE(1.0),Land use,I,FRO,Faroe Islands,A,Annual,MEAD,Permanent meadows and pastures,PT_LAR,Percentage of land area,2021,,70.07299,,A,Normal value,0,Units,1,One
DATAFLOW,OECD.ENV.EPI:DSD_LAND_USE@DF_LAND_USE(1.0),Land use,I,FJI,Fiji,A,Annual,MEAD,Permanent meadows and pastures,PT_LAR,Percentage of land area,2021,,9.469075,,A,Normal value,0,Units,1,One
DATAFLOW,OECD.ENV.EPI:DSD_LAND_USE@DF_LAND_USE(1.0),Land use,I,GUF,French Guiana,A,Annual,MEAD,Permanent meadows and pastures,PT_LAR,Percentage of land area,2021,,0.2496558,,A,Normal value,0,Units,1,One
DATAFLOW,OECD.ENV.EPI:DSD_LAND_USE@DF_LAND_USE(1.0),Land use,I,GEO,Georgia,A,Annual,MEAD,Permanent meadows and pastures,PT_LAR,Percentage of land area,2021,,27.91769,,A,Normal value,0,Units,1,One
DATAFLOW,OECD.ENV.EPI:DSD_LAND_USE@DF_LAND_USE(1.0),Land use,I,GHA,Ghana,A,Annual,MEAD,Permanent meadows and pastures,PT_LAR,Percentage of land area,2021,,22.79335,,A,Normal value,0,Units,1,One
DATAFLOW,OECD.ENV.EPI:DSD_LAND_USE@DF_LAND_USE(1.0),Land use,I,GRL,Greenland,A,Annual,MEAD,Permanent meadows and pastures,PT_LAR,Percentage of land area,2021,,0.5923011,,A,Normal value,0,Units,1,One
DATAFLOW,OECD.ENV.EPI:DSD_LAND_USE@DF_LAND_USE(1.0),Land use,I,GRD,Grenada,A,Annual,MEAD,Permanent meadows and pastures,PT_LAR,Percentage of land area,2021,,2.941176,,A,Normal value,0,Units,1,One
DATAFLOW,OECD.ENV.EPI:DSD_LAND_USE@DF_LAND_USE(1.0),Land use,I,GUM,Guam,A,Annual,MEAD,Permanent meadows and pastures,PT_LAR,Percentage of land area,2021,,14.81481,,A,Normal value,0,Units,1,One
DATAFLOW,OECD.ENV.EPI:DSD_LAND_USE@DF_LAND_USE(1.0),Land use,I,GTM,Guatemala,A,Annual,MEAD,Permanent meadows and pastures,PT_LAR,Percentage of land area,2021,,17.4972,,A,Normal value,0,Units,1,One
DATAFLOW,OECD.ENV.EPI:DSD_LAND_USE@DF_LAND_USE(1.0),Land use,I,GIN,Guinea,A,Annual,MEAD,Permanent meadows and pastures,PT_LAR,Percentage of land area,2021,,43.5455,,A,Normal value,0,Units,1,One
DATAFLOW,OECD.ENV.EPI:DSD_LAND_USE@DF_LAND_USE(1.0),Land use,I,GNB,Guinea-Bissau,A,Annual,MEAD,Permanent meadows and pastures,PT_LAR,Percentage of land area,2021,,6.934566,,A,Normal value,0,Units,1,One
DATAFLOW,OECD.ENV.EPI:DSD_LAND_USE@DF_LAND_USE(1.0),Land use,I,GUY,Guyana,A,Annual,MEAD,Permanent meadows and pastures,PT_LAR,Percentage of land area,2021,,2.813299,,A,Normal value,0,Units,1,One
DATAFLOW,OECD.ENV.EPI:DSD_LAND_USE@DF_LAND_USE(1.0),Land use,I,HTI,Haiti,A,Annual,MEAD,Permanent meadows and pastures,PT_LAR,Percentage of land area,2021,,17.77939,,A,Normal value,0,Units,1,One
DATAFLOW,OECD.ENV.EPI:DSD_LAND_USE@DF_LAND_USE(1.0),Land use,I,HKG,Hong Kong (China),A,Annual,MEAD,Permanent meadows and pastures,PT_LAR,Percentage of land area,2021,,0.952381,,A,Normal value,0,Units,1,One
DATAFLOW,OECD.ENV.EPI:DSD_LAND_USE@DF_LAND_USE(1.0),Land use,I,IDN,Indonesia,A,Annual,MEAD,Permanent meadows and pastures,PT_LAR,Percentage of land area,2021,,5.812247,,A,Normal value,0,Units,1,One
DATAFLOW,OECD.ENV.EPI:DSD_LAND_USE@DF_LAND_USE(1.0),Land use,I,IRN,Iran,A,Annual,MEAD,Permanent meadows and pastures,PT_LAR,Percentage of land area,2021,,18.16764,,A,Normal value,0,Units,1,One
DATAFLOW,OECD.ENV.EPI:DSD_LAND_USE@DF_LAND_USE(1.0),Land use,I,IRQ,Iraq,A,Annual,MEAD,Permanent meadows and pastures,PT_LAR,Percentage of land area,2021,,9.179278,,A,Normal value,0,Units,1,One
DATAFLOW,OECD.ENV.EPI:DSD_LAND_USE@DF_LAND_USE(1.0),Land use,I,JAM,Jamaica,A,Annual,MEAD,Permanent meadows and pastures,PT_LAR,Percentage of land area,2021,,21.14497,,A,Normal value,0,Units,1,One
DATAFLOW,OECD.ENV.EPI:DSD_LAND_USE@DF_LAND_USE(1.0),Land use,I,JOR,Jordan,A,Annual,MEAD,Permanent meadows and pastures,PT_LAR,Percentage of land area,2021,,8.356421,,A,Normal value,0,Units,1,One
DATAFLOW,OECD.ENV.EPI:DSD_LAND_USE@DF_LAND_USE(1.0),Land use,I,KAZ,Kazakhstan,A,Annual,MEAD,Permanent meadows and pastures,PT_LAR,Percentage of land area,2021,,68.32759,,A,Normal value,0,Units,1,One
DATAFLOW,OECD.ENV.EPI:DSD_LAND_USE@DF_LAND_USE(1.0),Land use,I,KEN,Kenya,A,Annual,MEAD,Permanent meadows and pastures,PT_LAR,Percentage of land area,2021,,36.66874,,A,Normal value,0,Units,1,One
DATAFLOW,OECD.ENV.EPI:DSD_LAND_USE@DF_LAND_USE(1.0),Land use,I,KWT,Kuwait,A,Annual,MEAD,Permanent meadows and pastures,PT_LAR,Percentage of land area,2021,,7.631874,,A,Normal value,0,Units,1,One
DATAFLOW,OECD.ENV.EPI:DSD_LAND_USE@DF_LAND_USE(1.0),Land use,I,KGZ,Kyrgyzstan,A,Annual,MEAD,Permanent meadows and pastures,PT_LAR,Percentage of land area,2021,,46.93431,,A,Normal value,0,Units,1,One
DATAFLOW,OECD.ENV.EPI:DSD_LAND_USE@DF_LAND_USE(1.0),Land use,I,LBN,Lebanon,A,Annual,MEAD,Permanent meadows and pastures,PT_LAR,Percentage of land area,2021,,39.10069,,A,Normal value,0,Units,1,One
DATAFLOW,OECD.ENV.EPI:DSD_LAND_USE@DF_LAND_USE(1.0),Land use,I,LBR,Liberia,A,Annual,MEAD,Permanent meadows and pastures,PT_LAR,Percentage of land area,2021,,12.69767,,A,Normal value,0,Units,1,One
DATAFLOW,OECD.ENV.EPI:DSD_LAND_USE@DF_LAND_USE(1.0),Land use,I,LBY,Libya,A,Annual,MEAD,Permanent meadows and pastures,PT_LAR,Percentage of land area,2021,,7.558794,,A,Normal value,0,Units,1,One
DATAFLOW,OECD.ENV.EPI:DSD_LAND_USE@DF_LAND_USE(1.0),Land use,I,LIE,Liechtenstein,A,Annual,MEAD,Permanent meadows and pastures,PT_LAR,Percentage of land area,2021,,21.5,,A,Normal value,0,Units,1,One
DATAFLOW,OECD.ENV.EPI:DSD_LAND_USE@DF_LAND_USE(1.0),Land use,I,MWI,Malawi,A,Annual,MEAD,Permanent meadows and pastures,PT_LAR,Percentage of land area,2021,,19.6224,,A,Normal value,0,Units,1,One
DATAFLOW,OECD.ENV.EPI:DSD_LAND_USE@DF_LAND_USE(1.0),Land use,I,MDV,Maldives,A,Annual,MEAD,Permanent meadows and pastures,PT_LAR,Percentage of land area,2021,,3.333333,,A,Normal value,0,Units,1,One
DATAFLOW,OECD.ENV.EPI:DSD_LAND_USE@DF_LAND_USE(1.0),Land use,I,MTQ,Martinique,A,Annual,MEAD,Permanent meadows and pastures,PT_LAR,Percentage of land area,2021,,13.56132,,A,Normal value,0,Units,1,One
DATAFLOW,OECD.ENV.EPI:DSD_LAND_USE@DF_LAND_USE(1.0),Land use,I,MRT,Mauritania,A,Annual,MEAD,Permanent meadows and pastures,PT_LAR,Percentage of land area,2021,,38.08092,,A,Normal value,0,Units,1,One
DATAFLOW,OECD.ENV.EPI:DSD_LAND_USE@DF_LAND_USE(1.0),Land use,I,MYT,Mayotte,A,Annual,MEAD,Permanent meadows and pastures,PT_LAR,Percentage of land area,2021,,0.03276361,,A,Normal value,0,Units,1,One
DATAFLOW,OECD.ENV.EPI:DSD_LAND_USE@DF_LAND_USE(1.0),Land use,I,FSM,Micronesia,A,Annual,MEAD,Permanent meadows and pastures,PT_LAR,Percentage of land area,2021,,4.285714,,A,Normal value,0,Units,1,One
DATAFLOW,OECD.ENV.EPI:DSD_LAND_USE@DF_LAND_USE(1.0),Land use,I,MDA,Moldova,A,Annual,MEAD,Permanent meadows and pastures,PT_LAR,Percentage of land area,2021,,10.27668,,A,Normal value,0,Units,1,One
DATAFLOW,OECD.ENV.EPI:DSD_LAND_USE@DF_LAND_USE(1.0),Land use,I,MNG,Mongolia,A,Annual,MEAD,Permanent meadows and pastures,PT_LAR,Percentage of land area,2021,,71.45612,,A,Normal value,0,Units,1,One
DATAFLOW,OECD.ENV.EPI:DSD_LAND_USE@DF_LAND_USE(1.0),Land use,I,MAR,Morocco,A,Annual,MEAD,Permanent meadows and pastures,PT_LAR,Percentage of land area,2021,,47.05355,,A,Normal value,0,Units,1,One
DATAFLOW,OECD.ENV.EPI:DSD_LAND_USE@DF_LAND_USE(1.0),Land use,I,MMR,Myanmar,A,Annual,MEAD,Permanent meadows and pastures,PT_LAR,Percentage of land area,2021,,0.7354406,,A,Normal value,0,Units,1,One
DATAFLOW,OECD.ENV.EPI:DSD_LAND_USE@DF_LAND_USE(1.0),Land use,I,NAM,Namibia,A,Annual,MEAD,Permanent meadows and pastures,PT_LAR,Percentage of land area,2021,,46.15628,,A,Normal value,0,Units,1,One
DATAFLOW,OECD.ENV.EPI:DSD_LAND_USE@DF_LAND_USE(1.0),Land use,I,NPL,Nepal,A,Annual,MEAD,Permanent meadows and pastures,PT_LAR,Percentage of land area,2021,,12.52389,,A,Normal value,0,Units,1,One
DATAFLOW,OECD.ENV.EPI:DSD_LAND_USE@DF_LAND_USE(1.0),Land use,I,NIC,Nicaragua,A,Annual,MEAD,Permanent meadows and pastures,PT_LAR,Percentage of land area,2021,,27.35583,,A,Normal value,0,Units,1,One
DATAFLOW,OECD.ENV.EPI:DSD_LAND_USE@DF_LAND_USE(1.0),Land use,I,NER,Niger,A,Annual,MEAD,Permanent meadows and pastures,PT_LAR,Percentage of land area,2021,,22.72203,,A,Normal value,0,Units,1,One
DATAFLOW,OECD.ENV.EPI:DSD_LAND_USE@DF_LAND_USE(1.0),Land use,I,NGA,Nigeria,A,Annual,MEAD,Permanent meadows and pastures,PT_LAR,Percentage of land area,2021,,27.63815,,A,Normal value,0,Units,1,One
DATAFLOW,OECD.ENV.EPI:DSD_LAND_USE@DF_LAND_USE(1.0),Land use,I,MKD,North Macedonia,A,Annual,MEAD,Permanent meadows and pastures,PT_LAR,Percentage of land area,2021,,31.80016,,A,Normal value,0,Units,1,One
DATAFLOW,OECD.ENV.EPI:DSD_LAND_USE@DF_LAND_USE(1.0),Land use,I,OMN,Oman,A,Annual,MEAD,Permanent meadows and pastures,PT_LAR,Percentage of land area,2021,,4.361874,,A,Normal value,0,Units,1,One
DATAFLOW,OECD.ENV.EPI:DSD_LAND_USE@DF_LAND_USE(1.0),Land use,I,PAK,Pakistan,A,Annual,MEAD,Permanent meadows and pastures,PT_LAR,Percentage of land area,2021,,6.486094,,A,Normal value,0,Units,1,One
DATAFLOW,OECD.ENV.EPI:DSD_LAND_USE@DF_LAND_USE(1.0),Land use,I,PNG,Papua New Guinea,A,Annual,MEAD,Permanent meadows and pastures,PT_LAR,Percentage of land area,2021,,0.4195557,,A,Normal value,0,Units,1,One
DATAFLOW,OECD.ENV.EPI:DSD_LAND_USE@DF_LAND_USE(1.0),Land use,I,PHL,Philippines,A,Annual,MEAD,Permanent meadows and pastures,PT_LAR,Percentage of land area,2021,,5.030687,,A,Normal value,0,Units,1,One
DATAFLOW,OECD.ENV.EPI:DSD_LAND_USE@DF_LAND_USE(1.0),Land use,I,QAT,Qatar,A,Annual,MEAD,Permanent meadows and pastures,PT_LAR,Percentage of land area,2021,,4.35161,,A,Normal value,0,Units,1,One
DATAFLOW,OECD.ENV.EPI:DSD_LAND_USE@DF_LAND_USE(1.0),Land use,I,ROU,Romania,A,Annual,MEAD,Permanent meadows and pastures,PT_LAR,Percentage of land area,2021,,17.77643,,A,Normal value,0,Units,1,One
DATAFLOW,OECD.ENV.EPI:DSD_LAND_USE@DF_LAND_USE(1.0),Land use,I,RUS,Russia,A,Annual,MEAD,Permanent meadows and pastures,PT_LAR,Percentage of land area,2021,,5.620854,,A,Normal value,0,Units,1,One
DATAFLOW,OECD.ENV.EPI:DSD_LAND_USE@DF_LAND_USE(1.0),Land use,I,KNA,Saint Kitts and Nevis,A,Annual,MEAD,Permanent meadows and pastures,PT_LAR,Percentage of land area,2021,,3.461539,,A,Normal value,0,Units,1,One
DATAFLOW,OECD.ENV.EPI:DSD_LAND_USE@DF_LAND_USE(1.0),Land use,I,LCA,Saint Lucia,A,Annual,MEAD,Permanent meadows and pastures,PT_LAR,Percentage of land area,2021,,0.6065574,,A,Normal value,0,Units,1,One
DATAFLOW,OECD.ENV.EPI:DSD_LAND_USE@DF_LAND_USE(1.0),Land use,I,VCT,Saint Vincent and the Grenadines,A,Annual,MEAD,Permanent meadows and pastures,PT_LAR,Percentage of land area,2021,,5.128205,,A,Normal value,0,Units,1,One
DATAFLOW,OECD.ENV.EPI:DSD_LAND_USE@DF_LAND_USE(1.0),Land use,I,WSM,Samoa,A,Annual,MEAD,Permanent meadows and pastures,PT_LAR,Percentage of land area,2021,,2.305755,,A,Normal value,0,Units,1,One
DATAFLOW,OECD.ENV.EPI:DSD_LAND_USE@DF_LAND_USE(1.0),Land use,I,STP,Sao Tome and Principe,A,Annual,MEAD,Permanent meadows and pastures,PT_LAR,Percentage of land area,2021,,1.041667,,A,Normal value,0,Units,1,One
DATAFLOW,OECD.ENV.EPI:DSD_LAND_USE@DF_LAND_USE(1.0),Land use,I,SAU,Saudi Arabia,A,Annual,MEAD,Permanent meadows and pastures,PT_LAR,Percentage of land area,2021,,79.08117,,A,Normal value,0,Units,1,One
DATAFLOW,OECD.ENV.EPI:DSD_LAND_USE@DF_LAND_USE(1.0),Land use,I,SEN,Senegal,A,Annual,MEAD,Permanent meadows and pastures,PT_LAR,Percentage of land area,2021,,29.08638,,A,Normal value,0,Units,1,One
DATAFLOW,OECD.ENV.EPI:DSD_LAND_USE@DF_LAND_USE(1.0),Land use,I,SLE,Sierra Leone,A,Annual,MEAD,Permanent meadows and pastures,PT_LAR,Percentage of land area,2021,,30.47936,,A,Normal value,0,Units,1,One
DATAFLOW,OECD.ENV.EPI:DSD_LAND_USE@DF_LAND_USE(1.0),Land use,I,ZAF,South Africa,A,Annual,MEAD,Permanent meadows and pastures,PT_LAR,Percentage of land area,2021,,69.1853,,A,Normal value,0,Units,1,One
DATAFLOW,OECD.ENV.EPI:DSD_LAND_USE@DF_LAND_USE(1.0),Land use,I,LKA,Sri Lanka,A,Annual,MEAD,Permanent meadows and pastures,PT_LAR,Percentage of land area,2021,,7.112835,,A,Normal value,0,Units,1,One
DATAFLOW,OECD.ENV.EPI:DSD_LAND_USE@DF_LAND_USE(1.0),Land use,I,SDN,Sudan,A,Annual,MEAD,Permanent meadows and pastures,PT_LAR,Percentage of land area,2021,,48.95824,,A,Normal value,0,Units,1,One
DATAFLOW,OECD.ENV.EPI:DSD_LAND_USE@DF_LAND_USE(1.0),Land use,I,SUR,Suriname,A,Annual,MEAD,Permanent meadows and pastures,PT_LAR,Percentage of land area,2021,,0.09968375,,A,Normal value,0,Units,1,One
DATAFLOW,OECD.ENV.EPI:DSD_LAND_USE@DF_LAND_USE(1.0),Land use,I,TJK,Tajikistan,A,Annual,MEAD,Permanent meadows and pastures,PT_LAR,Percentage of land area,2021,,20.281,,A,Normal value,0,Units,1,One
DATAFLOW,OECD.ENV.EPI:DSD_LAND_USE@DF_LAND_USE(1.0),Land use,I,TLS,Timor-Leste,A,Annual,MEAD,Permanent meadows and pastures,PT_LAR,Percentage of land area,2021,,10.08742,,A,Normal value,0,Units,1,One
DATAFLOW,OECD.ENV.EPI:DSD_LAND_USE@DF_LAND_USE(1.0),Land use,I,TGO,Togo,A,Annual,MEAD,Permanent meadows and pastures,PT_LAR,Percentage of land area,2021,,18.38573,,A,Normal value,0,Units,1,One
DATAFLOW,OECD.ENV.EPI:DSD_LAND_USE@DF_LAND_USE(1.0),Land use,I,TON,Tonga,A,Annual,MEAD,Permanent meadows and pastures,PT_LAR,Percentage of land area,2021,,5.555555,,A,Normal value,0,Units,1,One
DATAFLOW,OECD.ENV.EPI:DSD_LAND_USE@DF_LAND_USE(1.0),Land use,I,TKM,Turkmenistan,A,Annual,MEAD,Permanent meadows and pastures,PT_LAR,Percentage of land area,2021,,80.79076,,A,Normal value,0,Units,1,One
DATAFLOW,OECD.ENV.EPI:DSD_LAND_USE@DF_LAND_USE(1.0),Land use,I,UKR,Ukraine,A,Annual,MEAD,Permanent meadows and pastures,PT_LAR,Percentage of land area,2021,,13.00311,,A,Normal value,0,Units,1,One
DATAFLOW,OECD.ENV.EPI:DSD_LAND_USE@DF_LAND_USE(1.0),Land use,I,ARE,United Arab Emirates,A,Annual,MEAD,Permanent meadows and pastures,PT_LAR,Percentage of land area,2021,,4.224162,,A,Normal value,0,Units,1,One
DATAFLOW,OECD.ENV.EPI:DSD_LAND_USE@DF_LAND_USE(1.0),Land use,I,UZB,Uzbekistan,A,Annual,MEAD,Permanent meadows and pastures,PT_LAR,Percentage of land area,2021,,48.23092,,A,Normal value,0,Units,1,One
DATAFLOW,OECD.ENV.EPI:DSD_LAND_USE@DF_LAND_USE(1.0),Land use,I,VUT,Vanuatu,A,Annual,MEAD,Permanent meadows and pastures,PT_LAR,Percentage of land area,2021,,3.445447,,A,Normal value,0,Units,1,One
DATAFLOW,OECD.ENV.EPI:DSD_LAND_USE@DF_LAND_USE(1.0),Land use,I,VNM,Viet Nam,A,Annual,MEAD,Permanent meadows and pastures,PT_LAR,Percentage of land area,2021,,2.048311,,A,Normal value,0,Units,1,One
DATAFLOW,OECD.ENV.EPI:DSD_LAND_USE@DF_LAND_USE(1.0),Land use,I,YEM,Yemen,A,Annual,MEAD,Permanent meadows and pastures,PT_LAR,Percentage of land area,2021,,41.66903,,A,Normal value,0,Units,1,One
DATAFLOW,OECD.ENV.EPI:DSD_LAND_USE@DF_LAND_USE(1.0),Land use,I,ZMB,Zambia,A,Annual,MEAD,Permanent meadows and pastures,PT_LAR,Percentage of land area,2021,,26.90378,,A,Normal value,0,Units,1,One
DATAFLOW,OECD.ENV.EPI:DSD_LAND_USE@DF_LAND_USE(1.0),Land use,I,NIU,Niue,A,Annual,MEAD,Permanent meadows and pastures,PT_LAR,Percentage of land area,2021,,3.846154,,A,Normal value,0,Units,1,One
DATAFLOW,OECD.ENV.EPI:DSD_LAND_USE@DF_LAND_USE(1.0),Land use,I,ATG,Antigua and Barbuda,A,Annual,MEAD,Permanent meadows and pastures,KM2,Square kilometres,2021,,40,,A,Normal value,0,Units,1,One
DATAFLOW,OECD.ENV.EPI:DSD_LAND_USE@DF_LAND_USE(1.0),Land use,I,BHR,Bahrain,A,Annual,MEAD,Permanent meadows and pastures,KM2,Square kilometres,2021,,40,,A,Normal value,0,Units,1,One
DATAFLOW,OECD.ENV.EPI:DSD_LAND_USE@DF_LAND_USE(1.0),Land use,I,TON,Tonga,A,Annual,MEAD,Permanent meadows and pastures,KM2,Square kilometres,2021,,40,,A,Normal value,0,Units,1,One
DATAFLOW,OECD.ENV.EPI:DSD_LAND_USE@DF_LAND_USE(1.0),Land use,I,AUT,Austria,A,Annual,OTHER,Other areas,KM2,Square kilometres,2021,,17589.31,,A,Normal value,0,Units,1,One
DATAFLOW,OECD.ENV.EPI:DSD_LAND_USE@DF_LAND_USE(1.0),Land use,I,CHL,Chile,A,Annual,OTHER,Other areas,KM2,Square kilometres,2021,,452965.6,,A,Normal value,0,Units,1,One
DATAFLOW,OECD.ENV.EPI:DSD_LAND_USE@DF_LAND_USE(1.0),Land use,I,CRI,Costa Rica,A,Annual,OTHER,Other areas,KM2,Square kilometres,2021,,4911.728,,A,Normal value,0,Units,1,One
DATAFLOW,OECD.ENV.EPI:DSD_LAND_USE@DF_LAND_USE(1.0),Land use,I,EST,Estonia,A,Annual,OTHER,Other areas,KM2,Square kilometres,2021,,8435.5,,A,Normal value,0,Units,1,One
DATAFLOW,OECD.ENV.EPI:DSD_LAND_USE@DF_LAND_USE(1.0),Land use,I,FIN,Finland,A,Annual,OTHER,Other areas,KM2,Square kilometres,2021,,55833.7,,A,Normal value,0,Units,1,One
DATAFLOW,OECD.ENV.EPI:DSD_LAND_USE@DF_LAND_USE(1.0),Land use,I,FRA,France,A,Annual,OTHER,Other areas,KM2,Square kilometres,2021,,79632.62,,A,Normal value,0,Units,1,One
DATAFLOW,OECD.ENV.EPI:DSD_LAND_USE@DF_LAND_USE(1.0),Land use,I,HUN,Hungary,A,Annual,OTHER,Other areas,KM2,Square kilometres,2021,,20192.41,,A,Normal value,0,Units,1,One
DATAFLOW,OECD.ENV.EPI:DSD_LAND_USE@DF_LAND_USE(1.0),Land use,I,ISL,Iceland,A,Annual,OTHER,Other areas,KM2,Square kilometres,2021,,81533.8,,A,Normal value,0,Units,1,One
DATAFLOW,OECD.ENV.EPI:DSD_LAND_USE@DF_LAND_USE(1.0),Land use,I,IRL,Ireland,A,Annual,OTHER,Other areas,KM2,Square kilometres,2021,,17497.7,,A,Normal value,0,Units,1,One
DATAFLOW,OECD.ENV.EPI:DSD_LAND_USE@DF_LAND_USE(1.0),Land use,I,KOR,Korea,A,Annual,OTHER,Other areas,KM2,Square kilometres,2021,,18627.7,,A,Normal value,0,Units,1,One
DATAFLOW,OECD.ENV.EPI:DSD_LAND_USE@DF_LAND_USE(1.0),Land use,I,LVA,Latvia,A,Annual,OTHER,Other areas,KM2,Square kilometres,2021,,8123,,A,Normal value,0,Units,1,One
DATAFLOW,OECD.ENV.EPI:DSD_LAND_USE@DF_LAND_USE(1.0),Land use,I,MEX,Mexico,A,Annual,OTHER,Other areas,KM2,Square kilometres,2021,,274924.7,,A,Normal value,0,Units,1,One
DATAFLOW,OECD.ENV.EPI:DSD_LAND_USE@DF_LAND_USE(1.0),Land use,I,NZL,New Zealand,A,Annual,OTHER,Other areas,KM2,Square kilometres,2021,,61231.6,,A,Normal value,0,Units,1,One
DATAFLOW,OECD.ENV.EPI:DSD_LAND_USE@DF_LAND_USE(1.0),Land use,I,NOR,Norway,A,Annual,OTHER,Other areas,KM2,Square kilometres,2021,,233246.2,,A,Normal value,0,Units,1,One
DATAFLOW,OECD.ENV.EPI:DSD_LAND_USE@DF_LAND_USE(1.0),Land use,I,POL,Poland,A,Annual,OTHER,Other areas,KM2,Square kilometres,2021,,66519.39,,A,Normal value,0,Units,1,One
DATAFLOW,OECD.ENV.EPI:DSD_LAND_USE@DF_LAND_USE(1.0),Land use,I,PRT,Portugal,A,Annual,OTHER,Other areas,KM2,Square kilometres,2021,,18554.56,,A,Normal value,0,Units,1,One
DATAFLOW,OECD.ENV.EPI:DSD_LAND_USE@DF_LAND_USE(1.0),Land use,I,SVK,Slovak Republic,A,Annual,OTHER,Other areas,KM2,Square kilometres,2021,,10189.3,,A,Normal value,0,Units,1,One
DATAFLOW,OECD.ENV.EPI:DSD_LAND_USE@DF_LAND_USE(1.0),Land use,I,SVN,Slovenia,A,Annual,OTHER,Other areas,KM2,Square kilometres,2021,,1589.1,,A,Normal value,0,Units,1,One
DATAFLOW,OECD.ENV.EPI:DSD_LAND_USE@DF_LAND_USE(1.0),Land use,I,ESP,Spain,A,Annual,OTHER,Other areas,KM2,Square kilometres,2021,,47326.79,,A,Normal value,0,Units,1,One
DATAFLOW,OECD.ENV.EPI:DSD_LAND_USE@DF_LAND_USE(1.0),Land use,I,CHE,Switzerland,A,Annual,OTHER,Other areas,KM2,Square kilometres,2021,,11918.95,,A,Normal value,0,Units,1,One
DATAFLOW,OECD.ENV.EPI:DSD_LAND_USE@DF_LAND_USE(1.0),Land use,I,OECD,OECD,A,Annual,OTHER,Other areas,KM2,Square kilometres,2021,,11261596,,A,Normal value,0,Units,1,One
DATAFLOW,OECD.ENV.EPI:DSD_LAND_USE@DF_LAND_USE(1.0),Land use,I,OECDA,OECD America,A,Annual,OTHER,Other areas,KM2,Square kilometres,2021,,7171248.5,,A,Normal value,0,Units,1,One
DATAFLOW,OECD.ENV.EPI:DSD_LAND_USE@DF_LAND_USE(1.0),Land use,I,OECDE,OECD Europe,A,Annual,OTHER,Other areas,KM2,Square kilometres,2021,,1203538.375,,A,Normal value,0,Units,1,One
DATAFLOW,OECD.ENV.EPI:DSD_LAND_USE@DF_LAND_USE(1.0),Land use,I,AFG,Afghanistan,A,Annual,OTHER,Other areas,KM2,Square kilometres,2021,,256525.6,,A,Normal value,0,Units,1,One
DATAFLOW,OECD.ENV.EPI:DSD_LAND_USE@DF_LAND_USE(1.0),Land use,I,DZA,Algeria,A,Annual,OTHER,Other areas,KM2,Square kilometres,2021,,1952020,,A,Normal value,0,Units,1,One
DATAFLOW,OECD.ENV.EPI:DSD_LAND_USE@DF_LAND_USE(1.0),Land use,I,ASM,American Samoa,A,Annual,OTHER,Other areas,KM2,Square kilometres,2021,,9.199995,,A,Normal value,0,Units,1,One
DATAFLOW,OECD.ENV.EPI:DSD_LAND_USE@DF_LAND_USE(1.0),Land use,I,AGO,Angola,A,Annual,OTHER,Other areas,KM2,Square kilometres,2021,,143949.2,,A,Normal value,0,Units,1,One
DATAFLOW,OECD.ENV.EPI:DSD_LAND_USE@DF_LAND_USE(1.0),Land use,I,AND,Andorra,A,Annual,OTHER,Other areas,KM2,Square kilometres,2021,,100.738,,A,Normal value,0,Units,1,One
DATAFLOW,OECD.ENV.EPI:DSD_LAND_USE@DF_LAND_USE(1.0),Land use,I,ATG,Antigua and Barbuda,A,Annual,OTHER,Other areas,KM2,Square kilometres,2021,,266.5,,A,Normal value,0,Units,1,One
DATAFLOW,OECD.ENV.EPI:DSD_LAND_USE@DF_LAND_USE(1.0),Land use,I,ARG,Argentina,A,Annual,OTHER,Other areas,KM2,Square kilometres,2021,,1497744,,A,Normal value,0,Units,1,One
DATAFLOW,OECD.ENV.EPI:DSD_LAND_USE@DF_LAND_USE(1.0),Land use,I,ARM,Armenia,A,Annual,OTHER,Other areas,KM2,Square kilometres,2021,,8108.5,,A,Normal value,0,Units,1,One
DATAFLOW,OECD.ENV.EPI:DSD_LAND_USE@DF_LAND_USE(1.0),Land use,I,AZE,Azerbaijan,A,Annual,OTHER,Other areas,KM2,Square kilometres,2021,,23128.2,,A,Normal value,0,Units,1,One
DATAFLOW,OECD.ENV.EPI:DSD_LAND_USE@DF_LAND_USE(1.0),Land use,I,BGD,Bangladesh,A,Annual,OTHER,Other areas,KM2,Square kilometres,2021,,17216.3,,A,Normal value,0,Units,1,One
DATAFLOW,OECD.ENV.EPI:DSD_LAND_USE@DF_LAND_USE(1.0),Land use,I,BLR,Belarus,A,Annual,OTHER,Other areas,KM2,Square kilometres,2021,,32519.81,,A,Normal value,0,Units,1,One
DATAFLOW,OECD.ENV.EPI:DSD_LAND_USE@DF_LAND_USE(1.0),Land use,I,BLZ,Belize,A,Annual,OTHER,Other areas,KM2,Square kilometres,2021,,7538.199,,A,Normal value,0,Units,1,One
DATAFLOW,OECD.ENV.EPI:DSD_LAND_USE@DF_LAND_USE(1.0),Land use,I,BEN,Benin,A,Annual,OTHER,Other areas,KM2,Square kilometres,2021,,33088.3,,A,Normal value,0,Units,1,One
DATAFLOW,OECD.ENV.EPI:DSD_LAND_USE@DF_LAND_USE(1.0),Land use,I,BTN,Bhutan,A,Annual,OTHER,Other areas,KM2,Square kilometres,2021,,5853.201,,A,Normal value,0,Units,1,One
DATAFLOW,OECD.ENV.EPI:DSD_LAND_USE@DF_LAND_USE(1.0),Land use,I,BOL,Bolivia,A,Annual,OTHER,Other areas,KM2,Square kilometres,2021,,147809.8,,A,Normal value,0,Units,1,One
DATAFLOW,OECD.ENV.EPI:DSD_LAND_USE@DF_LAND_USE(1.0),Land use,I,BWA,Botswana,A,Annual,OTHER,Other areas,KM2,Square kilometres,2021,,150813,,A,Normal value,0,Units,1,One
DATAFLOW,OECD.ENV.EPI:DSD_LAND_USE@DF_LAND_USE(1.0),Land use,I,BRN,Brunei Darussalam,A,Annual,OTHER,Other areas,KM2,Square kilometres,2021,,1317,,A,Normal value,0,Units,1,One
DATAFLOW,OECD.ENV.EPI:DSD_LAND_USE@DF_LAND_USE(1.0),Land use,I,BFA,Burkina Faso,A,Annual,OTHER,Other areas,KM2,Square kilometres,2021,,66676.89,,A,Normal value,0,Units,1,One
DATAFLOW,OECD.ENV.EPI:DSD_LAND_USE@DF_LAND_USE(1.0),Land use,I,BDI,Burundi,A,Annual,OTHER,Other areas,KM2,Square kilometres,2021,,2337.3,,A,Normal value,0,Units,1,One
DATAFLOW,OECD.ENV.EPI:DSD_LAND_USE@DF_LAND_USE(1.0),Land use,I,CPV,Cabo Verde,A,Annual,OTHER,Other areas,KM2,Square kilometres,2021,,2545.5,,A,Normal value,0,Units,1,One
DATAFLOW,OECD.ENV.EPI:DSD_LAND_USE@DF_LAND_USE(1.0),Land use,I,KHM,Cambodia,A,Annual,OTHER,Other areas,KM2,Square kilometres,2021,,39586.5,,A,Normal value,0,Units,1,One
DATAFLOW,OECD.ENV.EPI:DSD_LAND_USE@DF_LAND_USE(1.0),Land use,I,CAF,Central African Republic,A,Annual,OTHER,Other areas,KM2,Square kilometres,2021,,114069.6,,A,Normal value,0,Units,1,One
DATAFLOW,OECD.ENV.EPI:DSD_LAND_USE@DF_LAND_USE(1.0),Land use,I,TCD,Chad,A,Annual,OTHER,Other areas,KM2,Square kilometres,2021,,714595.7,,A,Normal value,0,Units,1,One
DATAFLOW,OECD.ENV.EPI:DSD_LAND_USE@DF_LAND_USE(1.0),Land use,I,CHN,China (People’s Republic of),A,Annual,OTHER,Other areas,KM2,Square kilometres,2021,,3289392,,A,Normal value,0,Units,1,One
DATAFLOW,OECD.ENV.EPI:DSD_LAND_USE@DF_LAND_USE(1.0),Land use,I,COM,Comoros,A,Annual,OTHER,Other areas,KM2,Square kilometres,2021,,64.10004,,A,Normal value,0,Units,1,One
DATAFLOW,OECD.ENV.EPI:DSD_LAND_USE@DF_LAND_USE(1.0),Land use,I,COK,Cook Islands,A,Annual,OTHER,Other areas,KM2,Square kilometres,2021,,45.98,,A,Normal value,0,Units,1,One
DATAFLOW,OECD.ENV.EPI:DSD_LAND_USE@DF_LAND_USE(1.0),Land use,I,CIV,Côte d’Ivoire,A,Annual,OTHER,Other areas,KM2,Square kilometres,2021,,16802.6,,A,Normal value,0,Units,1,One
DATAFLOW,OECD.ENV.EPI:DSD_LAND_USE@DF_LAND_USE(1.0),Land use,I,CYP,Cyprus,A,Annual,OTHER,Other areas,KM2,Square kilometres,2021,,6300.237,,A,Normal value,0,Units,1,One
DATAFLOW,OECD.ENV.EPI:DSD_LAND_USE@DF_LAND_USE(1.0),Land use,I,PRK,Democratic People’s Republic of Korea,A,Annual,OTHER,Other areas,KM2,Square kilometres,2021,,17576.3,,A,Normal value,0,Units,1,One
DATAFLOW,OECD.ENV.EPI:DSD_LAND_USE@DF_LAND_USE(1.0),Land use,I,COD,Democratic Republic of the Congo,A,Annual,OTHER,Other areas,KM2,Square kilometres,2021,,513504.4,,A,Normal value,0,Units,1,One
DATAFLOW,OECD.ENV.EPI:DSD_LAND_USE@DF_LAND_USE(1.0),Land use,I,DJI,Djibouti,A,Annual,OTHER,Other areas,KM2,Square kilometres,2021,,6081,,A,Normal value,0,Units,1,One
DATAFLOW,OECD.ENV.EPI:DSD_LAND_USE@DF_LAND_USE(1.0),Land use,I,DOM,Dominican Republic,A,Annual,OTHER,Other areas,KM2,Square kilometres,2021,,2479.818,,A,Normal value,0,Units,1,One
DATAFLOW,OECD.ENV.EPI:DSD_LAND_USE@DF_LAND_USE(1.0),Land use,I,ECU,Ecuador,A,Annual,OTHER,Other areas,KM2,Square kilometres,2021,,69340.59,,A,Normal value,0,Units,1,One
DATAFLOW,OECD.ENV.EPI:DSD_LAND_USE@DF_LAND_USE(1.0),Land use,I,EGY,Egypt,A,Annual,OTHER,Other areas,KM2,Square kilometres,2021,,955089.1,,A,Normal value,0,Units,1,One
DATAFLOW,OECD.ENV.EPI:DSD_LAND_USE@DF_LAND_USE(1.0),Land use,I,SLV,El Salvador,A,Annual,OTHER,Other areas,KM2,Square kilometres,2021,,1948,,A,Normal value,0,Units,1,One
DATAFLOW,OECD.ENV.EPI:DSD_LAND_USE@DF_LAND_USE(1.0),Land use,I,GNQ,Equatorial Guinea,A,Annual,OTHER,Other areas,KM2,Square kilometres,2021,,2680.699,,A,Normal value,0,Units,1,One
DATAFLOW,OECD.ENV.EPI:DSD_LAND_USE@DF_LAND_USE(1.0),Land use,I,ERI,Eritrea,A,Annual,OTHER,Other areas,KM2,Square kilometres,2021,,30227,,A,Normal value,0,Units,1,One
DATAFLOW,OECD.ENV.EPI:DSD_LAND_USE@DF_LAND_USE(1.0),Land use,I,SWZ,Eswatini,A,Annual,OTHER,Other areas,KM2,Square kilometres,2021,,863.5999,,A,Normal value,0,Units,1,One
DATAFLOW,OECD.ENV.EPI:DSD_LAND_USE@DF_LAND_USE(1.0),Land use,I,ETH,Ethiopia,A,Annual,OTHER,Other areas,KM2,Square kilometres,2021,,467260.2,,A,Normal value,0,Units,1,One
DATAFLOW,OECD.ENV.EPI:DSD_LAND_USE@DF_LAND_USE(1.0),Land use,I,FJI,Fiji,A,Annual,OTHER,Other areas,KM2,Square kilometres,2021,,3973.301,,A,Normal value,0,Units,1,One
DATAFLOW,OECD.ENV.EPI:DSD_LAND_USE@DF_LAND_USE(1.0),Land use,I,PYF,French Polynesia,A,Annual,OTHER,Other areas,KM2,Square kilometres,2021,,1680.1,,A,Normal value,0,Units,1,One
DATAFLOW,OECD.ENV.EPI:DSD_LAND_USE@DF_LAND_USE(1.0),Land use,I,GAB,Gabon,A,Annual,OTHER,Other areas,KM2,Square kilometres,2021,,4195.997,,A,Normal value,0,Units,1,One
DATAFLOW,OECD.ENV.EPI:DSD_LAND_USE@DF_LAND_USE(1.0),Land use,I,GMB,Gambia,A,Annual,OTHER,Other areas,KM2,Square kilometres,2021,,388.2999,,A,Normal value,0,Units,1,One
DATAFLOW,OECD.ENV.EPI:DSD_LAND_USE@DF_LAND_USE(1.0),Land use,I,GEO,Georgia,A,Annual,OTHER,Other areas,KM2,Square kilometres,2021,,14767.3,,A,Normal value,0,Units,1,One
DATAFLOW,OECD.ENV.EPI:DSD_LAND_USE@DF_LAND_USE(1.0),Land use,I,GLP,Guadeloupe,A,Annual,OTHER,Other areas,KM2,Square kilometres,2021,,404.42,,A,Normal value,0,Units,1,One
DATAFLOW,OECD.ENV.EPI:DSD_LAND_USE@DF_LAND_USE(1.0),Land use,I,GTM,Guatemala,A,Annual,OTHER,Other areas,KM2,Square kilometres,2021,,21936.6,,A,Normal value,0,Units,1,One
DATAFLOW,OECD.ENV.EPI:DSD_LAND_USE@DF_LAND_USE(1.0),Land use,I,GIN,Guinea,A,Annual,OTHER,Other areas,KM2,Square kilometres,2021,,21440.2,,A,Normal value,0,Units,1,One
DATAFLOW,OECD.ENV.EPI:DSD_LAND_USE@DF_LAND_USE(1.0),Land use,I,GUY,Guyana,A,Annual,OTHER,Other areas,KM2,Square kilometres,2021,,19849.99,,A,Normal value,0,Units,1,One
DATAFLOW,OECD.ENV.EPI:DSD_LAND_USE@DF_LAND_USE(1.0),Land use,I,HND,Honduras,A,Annual,OTHER,Other areas,KM2,Square kilometres,2021,,19380,,A,Normal value,0,Units,1,One
DATAFLOW,OECD.ENV.EPI:DSD_LAND_USE@DF_LAND_USE(1.0),Land use,I,IRQ,Iraq,A,Annual,OTHER,Other areas,KM2,Square kilometres,2021,,332876.7,,A,Normal value,0,Units,1,One
DATAFLOW,OECD.ENV.EPI:DSD_LAND_USE@DF_LAND_USE(1.0),Land use,I,JAM,Jamaica,A,Annual,OTHER,Other areas,KM2,Square kilometres,2021,,593.2999,,A,Normal value,0,Units,1,One
DATAFLOW,OECD.ENV.EPI:DSD_LAND_USE@DF_LAND_USE(1.0),Land use,I,JOR,Jordan,A,Annual,OTHER,Other areas,KM2,Square kilometres,2021,,77679,,A,Normal value,0,Units,1,One
DATAFLOW,OECD.ENV.EPI:DSD_LAND_USE@DF_LAND_USE(1.0),Land use,I,KAZ,Kazakhstan,A,Annual,OTHER,Other areas,KM2,Square kilometres,2021,,516988.9,,A,Normal value,0,Units,1,One
DATAFLOW,OECD.ENV.EPI:DSD_LAND_USE@DF_LAND_USE(1.0),Land use,I,KEN,Kenya,A,Annual,OTHER,Other areas,KM2,Square kilometres,2021,,258905,,A,Normal value,0,Units,1,One
DATAFLOW,OECD.ENV.EPI:DSD_LAND_USE@DF_LAND_USE(1.0),Land use,I,KGZ,Kyrgyzstan,A,Annual,OTHER,Other areas,KM2,Square kilometres,2021,,75586.8,,A,Normal value,0,Units,1,One
DATAFLOW,OECD.ENV.EPI:DSD_LAND_USE@DF_LAND_USE(1.0),Land use,I,LAO,Lao People’s Democratic Republic,A,Annual,OTHER,Other areas,KM2,Square kilometres,2021,,77663.17,,A,Normal value,0,Units,1,One
DATAFLOW,OECD.ENV.EPI:DSD_LAND_USE@DF_LAND_USE(1.0),Land use,I,LBN,Lebanon,A,Annual,OTHER,Other areas,KM2,Square kilometres,2021,,2027.6,,A,Normal value,0,Units,1,One
DATAFLOW,OECD.ENV.EPI:DSD_LAND_USE@DF_LAND_USE(1.0),Land use,I,LSO,Lesotho,A,Annual,OTHER,Other areas,KM2,Square kilometres,2021,,1794.8,,A,Normal value,0,Units,1,One
DATAFLOW,OECD.ENV.EPI:DSD_LAND_USE@DF_LAND_USE(1.0),Land use,I,LBR,Liberia,A,Annual,OTHER,Other areas,KM2,Square kilometres,2021,,12137,,A,Normal value,0,Units,1,One
DATAFLOW,OECD.ENV.EPI:DSD_LAND_USE@DF_LAND_USE(1.0),Land use,I,LIE,Liechtenstein,A,Annual,OTHER,Other areas,KM2,Square kilometres,2021,,51.9,,A,Normal value,0,Units,1,One
DATAFLOW,OECD.ENV.EPI:DSD_LAND_USE@DF_LAND_USE(1.0),Land use,I,MDG,Madagascar,A,Annual,OTHER,Other areas,KM2,Square kilometres,2021,,68476.59,,A,Normal value,0,Units,1,One
DATAFLOW,OECD.ENV.EPI:DSD_LAND_USE@DF_LAND_USE(1.0),Land use,I,MWI,Malawi,A,Annual,OTHER,Other areas,KM2,Square kilometres,2021,,10961.1,,A,Normal value,0,Units,1,One
DATAFLOW,OECD.ENV.EPI:DSD_LAND_USE@DF_LAND_USE(1.0),Land use,I,MYS,Malaysia,A,Annual,OTHER,Other areas,KM2,Square kilometres,2021,,54023.8,,A,Normal value,0,Units,1,One
DATAFLOW,OECD.ENV.EPI:DSD_LAND_USE@DF_LAND_USE(1.0),Land use,I,MLI,Mali,A,Annual,OTHER,Other areas,KM2,Square kilometres,2021,,687906.5,,A,Normal value,0,Units,1,One
DATAFLOW,OECD.ENV.EPI:DSD_LAND_USE@DF_LAND_USE(1.0),Land use,I,MLT,Malta,A,Annual,OTHER,Other areas,KM2,Square kilometres,2021,,223.05,,A,Normal value,0,Units,1,One
DATAFLOW,OECD.ENV.EPI:DSD_LAND_USE@DF_LAND_USE(1.0),Land use,I,MHL,Marshall Islands,A,Annual,OTHER,Other areas,KM2,Square kilometres,2021,,12.7,,A,Normal value,0,Units,1,One
DATAFLOW,OECD.ENV.EPI:DSD_LAND_USE@DF_LAND_USE(1.0),Land use,I,MTQ,Martinique,A,Annual,OTHER,Other areas,KM2,Square kilometres,2021,,234.41,,A,Normal value,0,Units,1,One
DATAFLOW,OECD.ENV.EPI:DSD_LAND_USE@DF_LAND_USE(1.0),Land use,I,MUS,Mauritius,A,Annual,OTHER,Other areas,KM2,Square kilometres,2021,,800.4999,,A,Normal value,0,Units,1,One
DATAFLOW,OECD.ENV.EPI:DSD_LAND_USE@DF_LAND_USE(1.0),Land use,I,MYT,Mayotte,A,Annual,OTHER,Other areas,KM2,Square kilometres,2021,,70.09999,,A,Normal value,0,Units,1,One
DATAFLOW,OECD.ENV.EPI:DSD_LAND_USE@DF_LAND_USE(1.0),Land use,I,MAR,Morocco,A,Annual,OTHER,Other areas,KM2,Square kilometres,2021,,90652.8,,A,Normal value,0,Units,1,One
DATAFLOW,OECD.ENV.EPI:DSD_LAND_USE@DF_LAND_USE(1.0),Land use,I,MOZ,Mozambique,A,Annual,OTHER,Other areas,KM2,Square kilometres,2021,,14451.3,,A,Normal value,0,Units,1,One
DATAFLOW,OECD.ENV.EPI:DSD_LAND_USE@DF_LAND_USE(1.0),Land use,I,MMR,Myanmar,A,Annual,OTHER,Other areas,KM2,Square kilometres,2021,,240405.8,,A,Normal value,0,Units,1,One
DATAFLOW,OECD.ENV.EPI:DSD_LAND_USE@DF_LAND_USE(1.0),Land use,I,NAM,Namibia,A,Annual,OTHER,Other areas,KM2,Square kilometres,2021,,354714.6,,A,Normal value,0,Units,1,One
DATAFLOW,OECD.ENV.EPI:DSD_LAND_USE@DF_LAND_USE(1.0),Land use,I,NPL,Nepal,A,Annual,OTHER,Other areas,KM2,Square kilometres,2021,,43621.1,,A,Normal value,0,Units,1,One
DATAFLOW,OECD.ENV.EPI:DSD_LAND_USE@DF_LAND_USE(1.0),Land use,I,NCL,New Caledonia,A,Annual,OTHER,Other areas,KM2,Square kilometres,2021,,7829.1,,A,Normal value,0,Units,1,One
DATAFLOW,OECD.ENV.EPI:DSD_LAND_USE@DF_LAND_USE(1.0),Land use,I,NIC,Nicaragua,A,Annual,OTHER,Other areas,KM2,Square kilometres,2021,,20738,,A,Normal value,0,Units,1,One
DATAFLOW,OECD.ENV.EPI:DSD_LAND_USE@DF_LAND_USE(1.0),Land use,I,NER,Niger,A,Annual,OTHER,Other areas,KM2,Square kilometres,2021,,789763.7,,A,Normal value,0,Units,1,One
DATAFLOW,OECD.ENV.EPI:DSD_LAND_USE@DF_LAND_USE(1.0),Land use,I,NGA,Nigeria,A,Annual,OTHER,Other areas,KM2,Square kilometres,2021,,50825.49,,A,Normal value,0,Units,1,One
DATAFLOW,OECD.ENV.EPI:DSD_LAND_USE@DF_LAND_USE(1.0),Land use,I,NFK,Norfolk Island,A,Annual,OTHER,Other areas,KM2,Square kilometres,2021,,21.1,,A,Normal value,0,Units,1,One
DATAFLOW,OECD.ENV.EPI:DSD_LAND_USE@DF_LAND_USE(1.0),Land use,I,MKD,North Macedonia,A,Annual,OTHER,Other areas,KM2,Square kilometres,2021,,2229.2,,A,Normal value,0,Units,1,One
DATAFLOW,OECD.ENV.EPI:DSD_LAND_USE@DF_LAND_USE(1.0),Land use,I,MNP,Northern Mariana Islands,A,Annual,OTHER,Other areas,KM2,Square kilometres,2021,,208,,A,Normal value,0,Units,1,One
DATAFLOW,OECD.ENV.EPI:DSD_LAND_USE@DF_LAND_USE(1.0),Land use,I,PLW,Palau,A,Annual,OTHER,Other areas,KM2,Square kilometres,2021,,0.9000325,,A,Normal value,0,Units,1,One
DATAFLOW,OECD.ENV.EPI:DSD_LAND_USE@DF_LAND_USE(1.0),Land use,I,PAN,Panama,A,Annual,OTHER,Other areas,KM2,Square kilometres,2021,,9494.001,,A,Normal value,0,Units,1,One
DATAFLOW,OECD.ENV.EPI:DSD_LAND_USE@DF_LAND_USE(1.0),Land use,I,PRY,Paraguay,A,Annual,OTHER,Other areas,KM2,Square kilometres,2021,,35538.69,,A,Normal value,0,Units,1,One
DATAFLOW,OECD.ENV.EPI:DSD_LAND_USE@DF_LAND_USE(1.0),Land use,I,PER,Peru,A,Annual,OTHER,Other areas,KM2,Square kilometres,2021,,347422,,A,Normal value,0,Units,1,One
DATAFLOW,OECD.ENV.EPI:DSD_LAND_USE@DF_LAND_USE(1.0),Land use,I,PHL,Philippines,A,Annual,OTHER,Other areas,KM2,Square kilometres,2021,,98720.09,,A,Normal value,0,Units,1,One
DATAFLOW,OECD.ENV.EPI:DSD_LAND_USE@DF_LAND_USE(1.0),Land use,I,PRI,Puerto Rico,A,Annual,OTHER,Other areas,KM2,Square kilometres,2021,,2679.4,,A,Normal value,0,Units,1,One
DATAFLOW,OECD.ENV.EPI:DSD_LAND_USE@DF_LAND_USE(1.0),Land use,I,REU,Réunion,A,Annual,OTHER,Other areas,KM2,Square kilometres,2021,,1319.73,,A,Normal value,0,Units,1,One
DATAFLOW,OECD.ENV.EPI:DSD_LAND_USE@DF_LAND_USE(1.0),Land use,I,ROU,Romania,A,Annual,OTHER,Other areas,KM2,Square kilometres,2021,,29943.3,,A,Normal value,0,Units,1,One
DATAFLOW,OECD.ENV.EPI:DSD_LAND_USE@DF_LAND_USE(1.0),Land use,I,RUS,Russia,A,Annual,OTHER,Other areas,KM2,Square kilometres,2021,,5927893,,A,Normal value,0,Units,1,One
DATAFLOW,OECD.ENV.EPI:DSD_LAND_USE@DF_LAND_USE(1.0),Land use,I,LCA,Saint Lucia,A,Annual,OTHER,Other areas,KM2,Square kilometres,2021,,184.3,,A,Normal value,0,Units,1,One
DATAFLOW,OECD.ENV.EPI:DSD_LAND_USE@DF_LAND_USE(1.0),Land use,I,SPM,Saint Pierre and Miquelon,A,Annual,OTHER,Other areas,KM2,Square kilometres,2021,,198.1,,A,Normal value,0,Units,1,One
DATAFLOW,OECD.ENV.EPI:DSD_LAND_USE@DF_LAND_USE(1.0),Land use,I,SMR,San Marino,A,Annual,OTHER,Other areas,KM2,Square kilometres,2021,,24.523,,A,Normal value,0,Units,1,One
DATAFLOW,OECD.ENV.EPI:DSD_LAND_USE@DF_LAND_USE(1.0),Land use,I,SAU,Saudi Arabia,A,Annual,OTHER,Other areas,KM2,Square kilometres,2021,,385412.6,,A,Normal value,0,Units,1,One
DATAFLOW,OECD.ENV.EPI:DSD_LAND_USE@DF_LAND_USE(1.0),Land use,I,SEN,Senegal,A,Annual,OTHER,Other areas,KM2,Square kilometres,2021,,10289.59,,A,Normal value,0,Units,1,One
DATAFLOW,OECD.ENV.EPI:DSD_LAND_USE@DF_LAND_USE(1.0),Land use,I,SYC,Seychelles,A,Annual,OTHER,Other areas,KM2,Square kilometres,2021,,171.6,,A,Normal value,0,Units,1,One
DATAFLOW,OECD.ENV.EPI:DSD_LAND_USE@DF_LAND_USE(1.0),Land use,I,SLE,Sierra Leone,A,Annual,OTHER,Other areas,KM2,Square kilometres,2021,,7538.301,,A,Normal value,0,Units,1,One
DATAFLOW,OECD.ENV.EPI:DSD_LAND_USE@DF_LAND_USE(1.0),Land use,I,SGP,Singapore,A,Annual,OTHER,Other areas,KM2,Square kilometres,2021,,553.3,,A,Normal value,0,Units,1,One
DATAFLOW,OECD.ENV.EPI:DSD_LAND_USE@DF_LAND_USE(1.0),Land use,I,SLB,Solomon Islands,A,Annual,OTHER,Other areas,KM2,Square kilometres,2021,,1694.599,,A,Normal value,0,Units,1,One
DATAFLOW,OECD.ENV.EPI:DSD_LAND_USE@DF_LAND_USE(1.0),Land use,I,SOM,Somalia,A,Annual,OTHER,Other areas,KM2,Square kilometres,2021,,134722.3,,A,Normal value,0,Units,1,One
DATAFLOW,OECD.ENV.EPI:DSD_LAND_USE@DF_LAND_USE(1.0),Land use,I,ZAF,South Africa,A,Annual,OTHER,Other areas,KM2,Square kilometres,2021,,24368.4,,A,Normal value,0,Units,1,One
DATAFLOW,OECD.ENV.EPI:DSD_LAND_USE@DF_LAND_USE(1.0),Land use,I,LKA,Sri Lanka,A,Annual,OTHER,Other areas,KM2,Square kilometres,2021,,12335.3,,A,Normal value,0,Units,1,One
DATAFLOW,OECD.ENV.EPI:DSD_LAND_USE@DF_LAND_USE(1.0),Land use,I,SUR,Suriname,A,Annual,OTHER,Other areas,KM2,Square kilometres,2021,,12255.51,,A,Normal value,0,Units,1,One
DATAFLOW,OECD.ENV.EPI:DSD_LAND_USE@DF_LAND_USE(1.0),Land use,I,SYR,Syrian Arab Republic,A,Annual,OTHER,Other areas,KM2,Square kilometres,2021,,40642.5,,A,Normal value,0,Units,1,One
DATAFLOW,OECD.ENV.EPI:DSD_LAND_USE@DF_LAND_USE(1.0),Land use,I,TZA,Tanzania,A,Annual,OTHER,Other areas,KM2,Square kilometres,2021,,36247,,A,Normal value,0,Units,1,One
DATAFLOW,OECD.ENV.EPI:DSD_LAND_USE@DF_LAND_USE(1.0),Land use,I,THA,Thailand,A,Annual,OTHER,Other areas,KM2,Square kilometres,2021,,82424.61,,A,Normal value,0,Units,1,One
DATAFLOW,OECD.ENV.EPI:DSD_LAND_USE@DF_LAND_USE(1.0),Land use,I,TLS,Timor-Leste,A,Annual,OTHER,Other areas,KM2,Square kilometres,2021,,878.8004,,A,Normal value,0,Units,1,One
DATAFLOW,OECD.ENV.EPI:DSD_LAND_USE@DF_LAND_USE(1.0),Land use,I,TGO,Togo,A,Annual,OTHER,Other areas,KM2,Square kilometres,2021,,4877.1,,A,Normal value,0,Units,1,One
DATAFLOW,OECD.ENV.EPI:DSD_LAND_USE@DF_LAND_USE(1.0),Land use,I,TON,Tonga,A,Annual,OTHER,Other areas,KM2,Square kilometres,2021,,284.4,,A,Normal value,0,Units,1,One
DATAFLOW,OECD.ENV.EPI:DSD_LAND_USE@DF_LAND_USE(1.0),Land use,I,TTO,Trinidad and Tobago,A,Annual,OTHER,Other areas,KM2,Square kilometres,2021,,2257.4,,A,Normal value,0,Units,1,One
DATAFLOW,OECD.ENV.EPI:DSD_LAND_USE@DF_LAND_USE(1.0),Land use,I,TUN,Tunisia,A,Annual,OTHER,Other areas,KM2,Square kilometres,2021,,51344,,A,Normal value,0,Units,1,One
DATAFLOW,OECD.ENV.EPI:DSD_LAND_USE@DF_LAND_USE(1.0),Land use,I,UGA,Uganda,A,Annual,OTHER,Other areas,KM2,Square kilometres,2021,,14749.4,,A,Normal value,0,Units,1,One
DATAFLOW,OECD.ENV.EPI:DSD_LAND_USE@DF_LAND_USE(1.0),Land use,I,ARE,United Arab Emirates,A,Annual,OTHER,Other areas,KM2,Square kilometres,2021,,63871.99,,A,Normal value,0,Units,1,One
DATAFLOW,OECD.ENV.EPI:DSD_LAND_USE@DF_LAND_USE(1.0),Land use,I,VIR,United States Virgin Islands,A,Annual,OTHER,Other areas,KM2,Square kilometres,2021,,118.9,,A,Normal value,0,Units,1,One
DATAFLOW,OECD.ENV.EPI:DSD_LAND_USE@DF_LAND_USE(1.0),Land use,I,URY,Uruguay,A,Annual,OTHER,Other areas,KM2,Square kilometres,2021,,1109.896,,A,Normal value,0,Units,1,One
DATAFLOW,OECD.ENV.EPI:DSD_LAND_USE@DF_LAND_USE(1.0),Land use,I,VUT,Vanuatu,A,Annual,OTHER,Other areas,KM2,Square kilometres,2021,,1403.4,,A,Normal value,0,Units,1,One
DATAFLOW,OECD.ENV.EPI:DSD_LAND_USE@DF_LAND_USE(1.0),Land use,I,VEN,Venezuela,A,Annual,OTHER,Other areas,KM2,Square kilometres,2021,,193785.9,,A,Normal value,0,Units,1,One
DATAFLOW,OECD.ENV.EPI:DSD_LAND_USE@DF_LAND_USE(1.0),Land use,I,VNM,Viet Nam,A,Annual,OTHER,Other areas,KM2,Square kilometres,2021,,43056.1,,A,Normal value,0,Units,1,One
DATAFLOW,OECD.ENV.EPI:DSD_LAND_USE@DF_LAND_USE(1.0),Land use,I,WLF,Wallis and Futuna,A,Annual,OTHER,Other areas,KM2,Square kilometres,2021,,0.3999996,,A,Normal value,0,Units,1,One
DATAFLOW,OECD.ENV.EPI:DSD_LAND_USE@DF_LAND_USE(1.0),Land use,I,ZMB,Zambia,A,Annual,OTHER,Other areas,KM2,Square kilometres,2021,,52357.8,,A,Normal value,0,Units,1,One
DATAFLOW,OECD.ENV.EPI:DSD_LAND_USE@DF_LAND_USE(1.0),Land use,I,ZWE,Zimbabwe,A,Annual,OTHER,Other areas,KM2,Square kilometres,2021,,61097.6,,A,Normal value,0,Units,1,One
DATAFLOW,OECD.ENV.EPI:DSD_LAND_USE@DF_LAND_USE(1.0),Land use,I,AUT,Austria,A,Annual,OTHER,Other areas,PT_LAR,Percentage of land area,2021,,21.31521,,A,Normal value,0,Units,1,One
DATAFLOW,OECD.ENV.EPI:DSD_LAND_USE@DF_LAND_USE(1.0),Land use,I,CHL,Chile,A,Annual,OTHER,Other areas,PT_LAR,Percentage of land area,2021,,60.9677,,A,Normal value,0,Units,1,One
DATAFLOW,OECD.ENV.EPI:DSD_LAND_USE@DF_LAND_USE(1.0),Land use,I,CRI,Costa Rica,A,Annual,OTHER,Other areas,PT_LAR,Percentage of land area,2021,,9.714652,,A,Normal value,0,Units,1,One
DATAFLOW,OECD.ENV.EPI:DSD_LAND_USE@DF_LAND_USE(1.0),Land use,I,EST,Estonia,A,Annual,OTHER,Other areas,PT_LAR,Percentage of land area,2021,,19.73216,,A,Normal value,0,Units,1,One
DATAFLOW,OECD.ENV.EPI:DSD_LAND_USE@DF_LAND_USE(1.0),Land use,I,FIN,Finland,A,Annual,OTHER,Other areas,PT_LAR,Percentage of land area,2021,,18.36951,,A,Normal value,0,Units,1,One
DATAFLOW,OECD.ENV.EPI:DSD_LAND_USE@DF_LAND_USE(1.0),Land use,I,FRA,France,A,Annual,OTHER,Other areas,PT_LAR,Percentage of land area,2021,,14.77551,,A,Normal value,0,Units,1,One
DATAFLOW,OECD.ENV.EPI:DSD_LAND_USE@DF_LAND_USE(1.0),Land use,I,HUN,Hungary,A,Annual,OTHER,Other areas,PT_LAR,Percentage of land area,2021,,22.12625,,A,Normal value,0,Units,1,One
DATAFLOW,OECD.ENV.EPI:DSD_LAND_USE@DF_LAND_USE(1.0),Land use,I,ISL,Iceland,A,Annual,OTHER,Other areas,PT_LAR,Percentage of land area,2021,,80.86264,,A,Normal value,0,Units,1,One
DATAFLOW,OECD.ENV.EPI:DSD_LAND_USE@DF_LAND_USE(1.0),Land use,I,IRL,Ireland,A,Annual,OTHER,Other areas,PT_LAR,Percentage of land area,2021,,25.39948,,A,Normal value,0,Units,1,One
DATAFLOW,OECD.ENV.EPI:DSD_LAND_USE@DF_LAND_USE(1.0),Land use,I,KOR,Korea,A,Annual,OTHER,Other areas,PT_LAR,Percentage of land area,2021,,19.08576,,A,Normal value,0,Units,1,One
DATAFLOW,OECD.ENV.EPI:DSD_LAND_USE@DF_LAND_USE(1.0),Land use,I,LVA,Latvia,A,Annual,OTHER,Other areas,PT_LAR,Percentage of land area,2021,,13.05319,,A,Normal value,0,Units,1,One
DATAFLOW,OECD.ENV.EPI:DSD_LAND_USE@DF_LAND_USE(1.0),Land use,I,NZL,New Zealand,A,Annual,OTHER,Other areas,PT_LAR,Percentage of land area,2021,,23.25457,,A,Normal value,0,Units,1,One
DATAFLOW,OECD.ENV.EPI:DSD_LAND_USE@DF_LAND_USE(1.0),Land use,I,POL,Poland,A,Annual,OTHER,Other areas,PT_LAR,Percentage of land area,2021,,21.73126,,A,Normal value,0,Units,1,One
DATAFLOW,OECD.ENV.EPI:DSD_LAND_USE@DF_LAND_USE(1.0),Land use,I,PRT,Portugal,A,Annual,OTHER,Other areas,PT_LAR,Percentage of land area,2021,,20.25483,,A,Normal value,0,Units,1,One
DATAFLOW,OECD.ENV.EPI:DSD_LAND_USE@DF_LAND_USE(1.0),Land use,I,SVK,Slovak Republic,A,Annual,OTHER,Other areas,PT_LAR,Percentage of land area,2021,,21.19239,,A,Normal value,0,Units,1,One
DATAFLOW,OECD.ENV.EPI:DSD_LAND_USE@DF_LAND_USE(1.0),Land use,I,SVN,Slovenia,A,Annual,OTHER,Other areas,PT_LAR,Percentage of land area,2021,,7.891679,,A,Normal value,0,Units,1,One
DATAFLOW,OECD.ENV.EPI:DSD_LAND_USE@DF_LAND_USE(1.0),Land use,I,ESP,Spain,A,Annual,OTHER,Other areas,PT_LAR,Percentage of land area,2021,,9.47041,,A,Normal value,0,Units,1,One
DATAFLOW,OECD.ENV.EPI:DSD_LAND_USE@DF_LAND_USE(1.0),Land use,I,CHE,Switzerland,A,Annual,OTHER,Other areas,PT_LAR,Percentage of land area,2021,,30.16719,,A,Normal value,0,Units,1,One
DATAFLOW,OECD.ENV.EPI:DSD_LAND_USE@DF_LAND_USE(1.0),Land use,I,OECD,OECD,A,Annual,OTHER,Other areas,PT_LAR,Percentage of land area,2021,,31.88235,,A,Normal value,0,Units,1,One
DATAFLOW,OECD.ENV.EPI:DSD_LAND_USE@DF_LAND_USE(1.0),Land use,I,OECDA,OECD America,A,Annual,OTHER,Other areas,PT_LAR,Percentage of land area,2021,,32.92117,,A,Normal value,0,Units,1,One
DATAFLOW,OECD.ENV.EPI:DSD_LAND_USE@DF_LAND_USE(1.0),Land use,I,OECDE,OECD Europe,A,Annual,OTHER,Other areas,PT_LAR,Percentage of land area,2021,,23.59789,,A,Normal value,0,Units,1,One
DATAFLOW,OECD.ENV.EPI:DSD_LAND_USE@DF_LAND_USE(1.0),Land use,I,AFG,Afghanistan,A,Annual,OTHER,Other areas,PT_LAR,Percentage of land area,2021,,39.33054,,A,Normal value,0,Units,1,One
DATAFLOW,OECD.ENV.EPI:DSD_LAND_USE@DF_LAND_USE(1.0),Land use,I,DZA,Algeria,A,Annual,OTHER,Other areas,PT_LAR,Percentage of land area,2021,,81.95773,,A,Normal value,0,Units,1,One
DATAFLOW,OECD.ENV.EPI:DSD_LAND_USE@DF_LAND_USE(1.0),Land use,I,ASM,American Samoa,A,Annual,OTHER,Other areas,PT_LAR,Percentage of land area,2021,,4.599998,,A,Normal value,0,Units,1,One
DATAFLOW,OECD.ENV.EPI:DSD_LAND_USE@DF_LAND_USE(1.0),Land use,I,AGO,Angola,A,Annual,OTHER,Other areas,PT_LAR,Percentage of land area,2021,,11.54642,,A,Normal value,0,Units,1,One
DATAFLOW,OECD.ENV.EPI:DSD_LAND_USE@DF_LAND_USE(1.0),Land use,I,AND,Andorra,A,Annual,OTHER,Other areas,PT_LAR,Percentage of land area,2021,,21.43362,,A,Normal value,0,Units,1,One
DATAFLOW,OECD.ENV.EPI:DSD_LAND_USE@DF_LAND_USE(1.0),Land use,I,ATG,Antigua and Barbuda,A,Annual,OTHER,Other areas,PT_LAR,Percentage of land area,2021,,60.56818,,A,Normal value,0,Units,1,One
DATAFLOW,OECD.ENV.EPI:DSD_LAND_USE@DF_LAND_USE(1.0),Land use,I,ARG,Argentina,A,Annual,OTHER,Other areas,PT_LAR,Percentage of land area,2021,,54.7283,,A,Normal value,0,Units,1,One
DATAFLOW,OECD.ENV.EPI:DSD_LAND_USE@DF_LAND_USE(1.0),Land use,I,ARM,Armenia,A,Annual,OTHER,Other areas,PT_LAR,Percentage of land area,2021,,28.7565,,A,Normal value,0,Units,1,One
DATAFLOW,OECD.ENV.EPI:DSD_LAND_USE@DF_LAND_USE(1.0),Land use,I,AZE,Azerbaijan,A,Annual,OTHER,Other areas,PT_LAR,Percentage of land area,2021,,27.9833,,A,Normal value,0,Units,1,One
DATAFLOW,OECD.ENV.EPI:DSD_LAND_USE@DF_LAND_USE(1.0),Land use,I,BGD,Bangladesh,A,Annual,OTHER,Other areas,PT_LAR,Percentage of land area,2021,,13.22601,,A,Normal value,0,Units,1,One
DATAFLOW,OECD.ENV.EPI:DSD_LAND_USE@DF_LAND_USE(1.0),Land use,I,BLR,Belarus,A,Annual,OTHER,Other areas,PT_LAR,Percentage of land area,2021,,16.02332,,A,Normal value,0,Units,1,One
DATAFLOW,OECD.ENV.EPI:DSD_LAND_USE@DF_LAND_USE(1.0),Land use,I,BLZ,Belize,A,Annual,OTHER,Other areas,PT_LAR,Percentage of land area,2021,,33.04778,,A,Normal value,0,Units,1,One
DATAFLOW,OECD.ENV.EPI:DSD_LAND_USE@DF_LAND_USE(1.0),Land use,I,BEN,Benin,A,Annual,OTHER,Other areas,PT_LAR,Percentage of land area,2021,,29.344,,A,Normal value,0,Units,1,One
DATAFLOW,OECD.ENV.EPI:DSD_LAND_USE@DF_LAND_USE(1.0),Land use,I,BTN,Bhutan,A,Annual,OTHER,Other areas,PT_LAR,Percentage of land area,2021,,15.34662,,A,Normal value,0,Units,1,One
DATAFLOW,OECD.ENV.EPI:DSD_LAND_USE@DF_LAND_USE(1.0),Land use,I,BOL,Bolivia,A,Annual,OTHER,Other areas,PT_LAR,Percentage of land area,2021,,13.58597,,A,Normal value,0,Units,1,One
DATAFLOW,OECD.ENV.EPI:DSD_LAND_USE@DF_LAND_USE(1.0),Land use,I,BWA,Botswana,A,Annual,OTHER,Other areas,PT_LAR,Percentage of land area,2021,,26.61108,,A,Normal value,0,Units,1,One
DATAFLOW,OECD.ENV.EPI:DSD_LAND_USE@DF_LAND_USE(1.0),Land use,I,BRN,Brunei Darussalam,A,Annual,OTHER,Other areas,PT_LAR,Percentage of land area,2021,,24.99051,,A,Normal value,0,Units,1,One
DATAFLOW,OECD.ENV.EPI:DSD_LAND_USE@DF_LAND_USE(1.0),Land use,I,BFA,Burkina Faso,A,Annual,OTHER,Other areas,PT_LAR,Percentage of land area,2021,,24.37021,,A,Normal value,0,Units,1,One
DATAFLOW,OECD.ENV.EPI:DSD_LAND_USE@DF_LAND_USE(1.0),Land use,I,BDI,Burundi,A,Annual,OTHER,Other areas,PT_LAR,Percentage of land area,2021,,9.101636,,A,Normal value,0,Units,1,One
DATAFLOW,OECD.ENV.EPI:DSD_LAND_USE@DF_LAND_USE(1.0),Land use,I,CPV,Cabo Verde,A,Annual,OTHER,Other areas,PT_LAR,Percentage of land area,2021,,63.16377,,A,Normal value,0,Units,1,One
DATAFLOW,OECD.ENV.EPI:DSD_LAND_USE@DF_LAND_USE(1.0),Land use,I,KHM,Cambodia,A,Annual,OTHER,Other areas,PT_LAR,Percentage of land area,2021,,22.42607,,A,Normal value,0,Units,1,One
DATAFLOW,OECD.ENV.EPI:DSD_LAND_USE@DF_LAND_USE(1.0),Land use,I,CMR,Cameroon,A,Annual,OTHER,Other areas,PT_LAR,Percentage of land area,2021,,37.66587,,A,Normal value,0,Units,1,One
DATAFLOW,OECD.ENV.EPI:DSD_LAND_USE@DF_LAND_USE(1.0),Land use,I,CAF,Central African Republic,A,Annual,OTHER,Other areas,PT_LAR,Percentage of land area,2021,,18.31032,,A,Normal value,0,Units,1,One
DATAFLOW,OECD.ENV.EPI:DSD_LAND_USE@DF_LAND_USE(1.0),Land use,I,TCD,Chad,A,Annual,OTHER,Other areas,PT_LAR,Percentage of land area,2021,,56.74997,,A,Normal value,0,Units,1,One
DATAFLOW,OECD.ENV.EPI:DSD_LAND_USE@DF_LAND_USE(1.0),Land use,I,CHN,China (People’s Republic of),A,Annual,OTHER,Other areas,PT_LAR,Percentage of land area,2021,,34.90181,,A,Normal value,0,Units,1,One
DATAFLOW,OECD.ENV.EPI:DSD_LAND_USE@DF_LAND_USE(1.0),Land use,I,COM,Comoros,A,Annual,OTHER,Other areas,PT_LAR,Percentage of land area,2021,,3.444387,,A,Normal value,0,Units,1,One
DATAFLOW,OECD.ENV.EPI:DSD_LAND_USE@DF_LAND_USE(1.0),Land use,I,COK,Cook Islands,A,Annual,OTHER,Other areas,PT_LAR,Percentage of land area,2021,,19.15833,,A,Normal value,0,Units,1,One
DATAFLOW,OECD.ENV.EPI:DSD_LAND_USE@DF_LAND_USE(1.0),Land use,I,CIV,Côte d’Ivoire,A,Annual,OTHER,Other areas,PT_LAR,Percentage of land area,2021,,5.283836,,A,Normal value,0,Units,1,One
DATAFLOW,OECD.ENV.EPI:DSD_LAND_USE@DF_LAND_USE(1.0),Land use,I,CYP,Cyprus,A,Annual,OTHER,Other areas,PT_LAR,Percentage of land area,2021,,68.18438,,A,Normal value,0,Units,1,One
DATAFLOW,OECD.ENV.EPI:DSD_LAND_USE@DF_LAND_USE(1.0),Land use,I,PRK,Democratic People’s Republic of Korea,A,Annual,OTHER,Other areas,PT_LAR,Percentage of land area,2021,,14.59704,,A,Normal value,0,Units,1,One
DATAFLOW,OECD.ENV.EPI:DSD_LAND_USE@DF_LAND_USE(1.0),Land use,I,COD,Democratic Republic of the Congo,A,Annual,OTHER,Other areas,PT_LAR,Percentage of land area,2021,,22.65078,,A,Normal value,0,Units,1,One
DATAFLOW,OECD.ENV.EPI:DSD_LAND_USE@DF_LAND_USE(1.0),Land use,I,DJI,Djibouti,A,Annual,OTHER,Other areas,PT_LAR,Percentage of land area,2021,,26.23382,,A,Normal value,0,Units,1,One
DATAFLOW,OECD.ENV.EPI:DSD_LAND_USE@DF_LAND_USE(1.0),Land use,I,DOM,Dominican Republic,A,Annual,OTHER,Other areas,PT_LAR,Percentage of land area,2021,,5.145062,,A,Normal value,0,Units,1,One
DATAFLOW,OECD.ENV.EPI:DSD_LAND_USE@DF_LAND_USE(1.0),Land use,I,ECU,Ecuador,A,Annual,OTHER,Other areas,PT_LAR,Percentage of land area,2021,,27.91939,,A,Normal value,0,Units,1,One
DATAFLOW,OECD.ENV.EPI:DSD_LAND_USE@DF_LAND_USE(1.0),Land use,I,EGY,Egypt,A,Annual,OTHER,Other areas,PT_LAR,Percentage of land area,2021,,95.94546,,A,Normal value,0,Units,1,One
DATAFLOW,OECD.ENV.EPI:DSD_LAND_USE@DF_LAND_USE(1.0),Land use,I,SLV,El Salvador,A,Annual,OTHER,Other areas,PT_LAR,Percentage of land area,2021,,9.401544,,A,Normal value,0,Units,1,One
DATAFLOW,OECD.ENV.EPI:DSD_LAND_USE@DF_LAND_USE(1.0),Land use,I,GNQ,Equatorial Guinea,A,Annual,OTHER,Other areas,PT_LAR,Percentage of land area,2021,,9.556861,,A,Normal value,0,Units,1,One
DATAFLOW,OECD.ENV.EPI:DSD_LAND_USE@DF_LAND_USE(1.0),Land use,I,ERI,Eritrea,A,Annual,OTHER,Other areas,PT_LAR,Percentage of land area,2021,,25.02235,,A,Normal value,0,Units,1,One
DATAFLOW,OECD.ENV.EPI:DSD_LAND_USE@DF_LAND_USE(1.0),Land use,I,SWZ,Eswatini,A,Annual,OTHER,Other areas,PT_LAR,Percentage of land area,2021,,5.020929,,A,Normal value,0,Units,1,One
DATAFLOW,OECD.ENV.EPI:DSD_LAND_USE@DF_LAND_USE(1.0),Land use,I,ETH,Ethiopia,A,Annual,OTHER,Other areas,PT_LAR,Percentage of land area,2021,,41.62335,,A,Normal value,0,Units,1,One
DATAFLOW,OECD.ENV.EPI:DSD_LAND_USE@DF_LAND_USE(1.0),Land use,I,FJI,Fiji,A,Annual,OTHER,Other areas,PT_LAR,Percentage of land area,2021,,21.74768,,A,Normal value,0,Units,1,One
DATAFLOW,OECD.ENV.EPI:DSD_LAND_USE@DF_LAND_USE(1.0),Land use,I,PYF,French Polynesia,A,Annual,OTHER,Other areas,PT_LAR,Percentage of land area,2021,,48.40392,,A,Normal value,0,Units,1,One
DATAFLOW,OECD.ENV.EPI:DSD_LAND_USE@DF_LAND_USE(1.0),Land use,I,GAB,Gabon,A,Annual,OTHER,Other areas,PT_LAR,Percentage of land area,2021,,1.628438,,A,Normal value,0,Units,1,One
DATAFLOW,OECD.ENV.EPI:DSD_LAND_USE@DF_LAND_USE(1.0),Land use,I,GMB,Gambia,A,Annual,OTHER,Other areas,PT_LAR,Percentage of land area,2021,,3.836955,,A,Normal value,0,Units,1,One
DATAFLOW,OECD.ENV.EPI:DSD_LAND_USE@DF_LAND_USE(1.0),Land use,I,GEO,Georgia,A,Annual,OTHER,Other areas,PT_LAR,Percentage of land area,2021,,21.25097,,A,Normal value,0,Units,1,One
DATAFLOW,OECD.ENV.EPI:DSD_LAND_USE@DF_LAND_USE(1.0),Land use,I,GLP,Guadeloupe,A,Annual,OTHER,Other areas,PT_LAR,Percentage of land area,2021,,24.9642,,A,Normal value,0,Units,1,One
DATAFLOW,OECD.ENV.EPI:DSD_LAND_USE@DF_LAND_USE(1.0),Land use,I,GTM,Guatemala,A,Annual,OTHER,Other areas,PT_LAR,Percentage of land area,2021,,20.47089,,A,Normal value,0,Units,1,One
DATAFLOW,OECD.ENV.EPI:DSD_LAND_USE@DF_LAND_USE(1.0),Land use,I,GIN,Guinea,A,Annual,OTHER,Other areas,PT_LAR,Percentage of land area,2021,,8.725459,,A,Normal value,0,Units,1,One
DATAFLOW,OECD.ENV.EPI:DSD_LAND_USE@DF_LAND_USE(1.0),Land use,I,GUY,Guyana,A,Annual,OTHER,Other areas,PT_LAR,Percentage of land area,2021,,9.40134,,A,Normal value,0,Units,1,One
DATAFLOW,OECD.ENV.EPI:DSD_LAND_USE@DF_LAND_USE(1.0),Land use,I,HND,Honduras,A,Annual,OTHER,Other areas,PT_LAR,Percentage of land area,2021,,17.32059,,A,Normal value,0,Units,1,One
DATAFLOW,OECD.ENV.EPI:DSD_LAND_USE@DF_LAND_USE(1.0),Land use,I,IND,India,A,Annual,OTHER,Other areas,PT_LAR,Percentage of land area,2021,,15.59996,,A,Normal value,0,Units,1,One
DATAFLOW,OECD.ENV.EPI:DSD_LAND_USE@DF_LAND_USE(1.0),Land use,I,IRQ,Iraq,A,Annual,OTHER,Other areas,PT_LAR,Percentage of land area,2021,,76.67673,,A,Normal value,0,Units,1,One
DATAFLOW,OECD.ENV.EPI:DSD_LAND_USE@DF_LAND_USE(1.0),Land use,I,JAM,Jamaica,A,Annual,OTHER,Other areas,PT_LAR,Percentage of land area,2021,,5.4783,,A,Normal value,0,Units,1,One
DATAFLOW,OECD.ENV.EPI:DSD_LAND_USE@DF_LAND_USE(1.0),Land use,I,JOR,Jordan,A,Annual,OTHER,Other areas,PT_LAR,Percentage of land area,2021,,87.48226,,A,Normal value,0,Units,1,One
DATAFLOW,OECD.ENV.EPI:DSD_LAND_USE@DF_LAND_USE(1.0),Land use,I,KAZ,Kazakhstan,A,Annual,OTHER,Other areas,PT_LAR,Percentage of land area,2021,,19.14986,,A,Normal value,0,Units,1,One
DATAFLOW,OECD.ENV.EPI:DSD_LAND_USE@DF_LAND_USE(1.0),Land use,I,KEN,Kenya,A,Annual,OTHER,Other areas,PT_LAR,Percentage of land area,2021,,44.57145,,A,Normal value,0,Units,1,One
DATAFLOW,OECD.ENV.EPI:DSD_LAND_USE@DF_LAND_USE(1.0),Land use,I,KGZ,Kyrgyzstan,A,Annual,OTHER,Other areas,PT_LAR,Percentage of land area,2021,,39.40918,,A,Normal value,0,Units,1,One
DATAFLOW,OECD.ENV.EPI:DSD_LAND_USE@DF_LAND_USE(1.0),Land use,I,LAO,Lao People’s Democratic Republic,A,Annual,OTHER,Other areas,PT_LAR,Percentage of land area,2021,,33.64956,,A,Normal value,0,Units,1,One
DATAFLOW,OECD.ENV.EPI:DSD_LAND_USE@DF_LAND_USE(1.0),Land use,I,LBN,Lebanon,A,Annual,OTHER,Other areas,PT_LAR,Percentage of land area,2021,,19.82014,,A,Normal value,0,Units,1,One
DATAFLOW,OECD.ENV.EPI:DSD_LAND_USE@DF_LAND_USE(1.0),Land use,I,LSO,Lesotho,A,Annual,OTHER,Other areas,PT_LAR,Percentage of land area,2021,,5.911726,,A,Normal value,0,Units,1,One
DATAFLOW,OECD.ENV.EPI:DSD_LAND_USE@DF_LAND_USE(1.0),Land use,I,LBR,Liberia,A,Annual,OTHER,Other areas,PT_LAR,Percentage of land area,2021,,12.60071,,A,Normal value,0,Units,1,One
DATAFLOW,OECD.ENV.EPI:DSD_LAND_USE@DF_LAND_USE(1.0),Land use,I,LIE,Liechtenstein,A,Annual,OTHER,Other areas,PT_LAR,Percentage of land area,2021,,32.4375,,A,Normal value,0,Units,1,One
DATAFLOW,OECD.ENV.EPI:DSD_LAND_USE@DF_LAND_USE(1.0),Land use,I,MDG,Madagascar,A,Annual,OTHER,Other areas,PT_LAR,Percentage of land area,2021,,11.76978,,A,Normal value,0,Units,1,One
DATAFLOW,OECD.ENV.EPI:DSD_LAND_USE@DF_LAND_USE(1.0),Land use,I,MWI,Malawi,A,Annual,OTHER,Other areas,PT_LAR,Percentage of land area,2021,,11.62612,,A,Normal value,0,Units,1,One
DATAFLOW,OECD.ENV.EPI:DSD_LAND_USE@DF_LAND_USE(1.0),Land use,I,MYS,Malaysia,A,Annual,OTHER,Other areas,PT_LAR,Percentage of land area,2021,,16.4431,,A,Normal value,0,Units,1,One
DATAFLOW,OECD.ENV.EPI:DSD_LAND_USE@DF_LAND_USE(1.0),Land use,I,MLI,Mali,A,Annual,OTHER,Other areas,PT_LAR,Percentage of land area,2021,,56.377,,A,Normal value,0,Units,1,One
DATAFLOW,OECD.ENV.EPI:DSD_LAND_USE@DF_LAND_USE(1.0),Land use,I,MLT,Malta,A,Annual,OTHER,Other areas,PT_LAR,Percentage of land area,2021,,70.77583,,A,Normal value,0,Units,1,One
DATAFLOW,OECD.ENV.EPI:DSD_LAND_USE@DF_LAND_USE(1.0),Land use,I,MHL,Marshall Islands,A,Annual,OTHER,Other areas,PT_LAR,Percentage of land area,2021,,7.055555,,A,Normal value,0,Units,1,One
DATAFLOW,OECD.ENV.EPI:DSD_LAND_USE@DF_LAND_USE(1.0),Land use,I,MTQ,Martinique,A,Annual,OTHER,Other areas,PT_LAR,Percentage of land area,2021,,22.11415,,A,Normal value,0,Units,1,One
DATAFLOW,OECD.ENV.EPI:DSD_LAND_USE@DF_LAND_USE(1.0),Land use,I,MUS,Mauritius,A,Annual,OTHER,Other areas,PT_LAR,Percentage of land area,2021,,40.025,,A,Normal value,0,Units,1,One
DATAFLOW,OECD.ENV.EPI:DSD_LAND_USE@DF_LAND_USE(1.0),Land use,I,MYT,Mayotte,A,Annual,OTHER,Other areas,PT_LAR,Percentage of land area,2021,,19.13941,,A,Normal value,0,Units,1,One
DATAFLOW,OECD.ENV.EPI:DSD_LAND_USE@DF_LAND_USE(1.0),Land use,I,MAR,Morocco,A,Annual,OTHER,Other areas,PT_LAR,Percentage of land area,2021,,20.31208,,A,Normal value,0,Units,1,One
DATAFLOW,OECD.ENV.EPI:DSD_LAND_USE@DF_LAND_USE(1.0),Land use,I,MOZ,Mozambique,A,Annual,OTHER,Other areas,PT_LAR,Percentage of land area,2021,,1.837699,,A,Normal value,0,Units,1,One
DATAFLOW,OECD.ENV.EPI:DSD_LAND_USE@DF_LAND_USE(1.0),Land use,I,MMR,Myanmar,A,Annual,OTHER,Other areas,PT_LAR,Percentage of land area,2021,,36.8342,,A,Normal value,0,Units,1,One
DATAFLOW,OECD.ENV.EPI:DSD_LAND_USE@DF_LAND_USE(1.0),Land use,I,NAM,Namibia,A,Annual,OTHER,Other areas,PT_LAR,Percentage of land area,2021,,43.08501,,A,Normal value,0,Units,1,One
DATAFLOW,OECD.ENV.EPI:DSD_LAND_USE@DF_LAND_USE(1.0),Land use,I,NPL,Nepal,A,Annual,OTHER,Other areas,PT_LAR,Percentage of land area,2021,,30.42978,,A,Normal value,0,Units,1,One
DATAFLOW,OECD.ENV.EPI:DSD_LAND_USE@DF_LAND_USE(1.0),Land use,I,NCL,New Caledonia,A,Annual,OTHER,Other areas,PT_LAR,Percentage of land area,2021,,42.14632,,A,Normal value,0,Units,1,One
DATAFLOW,OECD.ENV.EPI:DSD_LAND_USE@DF_LAND_USE(1.0),Land use,I,NIC,Nicaragua,A,Annual,OTHER,Other areas,PT_LAR,Percentage of land area,2021,,17.23284,,A,Normal value,0,Units,1,One
DATAFLOW,OECD.ENV.EPI:DSD_LAND_USE@DF_LAND_USE(1.0),Land use,I,NER,Niger,A,Annual,OTHER,Other areas,PT_LAR,Percentage of land area,2021,,62.34813,,A,Normal value,0,Units,1,One
DATAFLOW,OECD.ENV.EPI:DSD_LAND_USE@DF_LAND_USE(1.0),Land use,I,NGA,Nigeria,A,Annual,OTHER,Other areas,PT_LAR,Percentage of land area,2021,,5.580496,,A,Normal value,0,Units,1,One
DATAFLOW,OECD.ENV.EPI:DSD_LAND_USE@DF_LAND_USE(1.0),Land use,I,NFK,Norfolk Island,A,Annual,OTHER,Other areas,PT_LAR,Percentage of land area,2021,,58.61111,,A,Normal value,0,Units,1,One
DATAFLOW,OECD.ENV.EPI:DSD_LAND_USE@DF_LAND_USE(1.0),Land use,I,MKD,North Macedonia,A,Annual,OTHER,Other areas,PT_LAR,Percentage of land area,2021,,8.839019,,A,Normal value,0,Units,1,One
DATAFLOW,OECD.ENV.EPI:DSD_LAND_USE@DF_LAND_USE(1.0),Land use,I,MNP,Northern Mariana Islands,A,Annual,OTHER,Other areas,PT_LAR,Percentage of land area,2021,,45.21739,,A,Normal value,0,Units,1,One
DATAFLOW,OECD.ENV.EPI:DSD_LAND_USE@DF_LAND_USE(1.0),Land use,I,PLW,Palau,A,Annual,OTHER,Other areas,PT_LAR,Percentage of land area,2021,,0.1960855,,A,Normal value,0,Units,1,One
DATAFLOW,OECD.ENV.EPI:DSD_LAND_USE@DF_LAND_USE(1.0),Land use,I,PAN,Panama,A,Annual,OTHER,Other areas,PT_LAR,Percentage of land area,2021,,12.7986,,A,Normal value,0,Units,1,One
DATAFLOW,OECD.ENV.EPI:DSD_LAND_USE@DF_LAND_USE(1.0),Land use,I,PRY,Paraguay,A,Annual,OTHER,Other areas,PT_LAR,Percentage of land area,2021,,8.945051,,A,Normal value,0,Units,1,One
DATAFLOW,OECD.ENV.EPI:DSD_LAND_USE@DF_LAND_USE(1.0),Land use,I,PER,Peru,A,Annual,OTHER,Other areas,PT_LAR,Percentage of land area,2021,,27.14235,,A,Normal value,0,Units,1,One
DATAFLOW,OECD.ENV.EPI:DSD_LAND_USE@DF_LAND_USE(1.0),Land use,I,PHL,Philippines,A,Annual,OTHER,Other areas,PT_LAR,Percentage of land area,2021,,33.10866,,A,Normal value,0,Units,1,One
DATAFLOW,OECD.ENV.EPI:DSD_LAND_USE@DF_LAND_USE(1.0),Land use,I,PRI,Puerto Rico,A,Annual,OTHER,Other areas,PT_LAR,Percentage of land area,2021,,30.20744,,A,Normal value,0,Units,1,One
DATAFLOW,OECD.ENV.EPI:DSD_LAND_USE@DF_LAND_USE(1.0),Land use,I,REU,Réunion,A,Annual,OTHER,Other areas,PT_LAR,Percentage of land area,2021,,52.73035,,A,Normal value,0,Units,1,One
DATAFLOW,OECD.ENV.EPI:DSD_LAND_USE@DF_LAND_USE(1.0),Land use,I,ROU,Romania,A,Annual,OTHER,Other areas,PT_LAR,Percentage of land area,2021,,13.0143,,A,Normal value,0,Units,1,One
DATAFLOW,OECD.ENV.EPI:DSD_LAND_USE@DF_LAND_USE(1.0),Land use,I,RUS,Russia,A,Annual,OTHER,Other areas,PT_LAR,Percentage of land area,2021,,36.19674,,A,Normal value,0,Units,1,One
DATAFLOW,OECD.ENV.EPI:DSD_LAND_USE@DF_LAND_USE(1.0),Land use,I,LCA,Saint Lucia,A,Annual,OTHER,Other areas,PT_LAR,Percentage of land area,2021,,30.21312,,A,Normal value,0,Units,1,One
DATAFLOW,OECD.ENV.EPI:DSD_LAND_USE@DF_LAND_USE(1.0),Land use,I,SPM,Saint Pierre and Miquelon,A,Annual,OTHER,Other areas,PT_LAR,Percentage of land area,2021,,86.13043,,A,Normal value,0,Units,1,One
DATAFLOW,OECD.ENV.EPI:DSD_LAND_USE@DF_LAND_USE(1.0),Land use,I,SMR,San Marino,A,Annual,OTHER,Other areas,PT_LAR,Percentage of land area,2021,,40.87167,,A,Normal value,0,Units,1,One
DATAFLOW,OECD.ENV.EPI:DSD_LAND_USE@DF_LAND_USE(1.0),Land use,I,SAU,Saudi Arabia,A,Annual,OTHER,Other areas,PT_LAR,Percentage of land area,2021,,17.92875,,A,Normal value,0,Units,1,One
DATAFLOW,OECD.ENV.EPI:DSD_LAND_USE@DF_LAND_USE(1.0),Land use,I,SEN,Senegal,A,Annual,OTHER,Other areas,PT_LAR,Percentage of land area,2021,,5.344411,,A,Normal value,0,Units,1,One
DATAFLOW,OECD.ENV.EPI:DSD_LAND_USE@DF_LAND_USE(1.0),Land use,I,SYC,Seychelles,A,Annual,OTHER,Other areas,PT_LAR,Percentage of land area,2021,,37.30435,,A,Normal value,0,Units,1,One
DATAFLOW,OECD.ENV.EPI:DSD_LAND_USE@DF_LAND_USE(1.0),Land use,I,SLE,Sierra Leone,A,Annual,OTHER,Other areas,PT_LAR,Percentage of land area,2021,,10.44375,,A,Normal value,0,Units,1,One
DATAFLOW,OECD.ENV.EPI:DSD_LAND_USE@DF_LAND_USE(1.0),Land use,I,SGP,Singapore,A,Annual,OTHER,Other areas,PT_LAR,Percentage of land area,2021,,77.07202,,A,Normal value,0,Units,1,One
DATAFLOW,OECD.ENV.EPI:DSD_LAND_USE@DF_LAND_USE(1.0),Land use,I,SLB,Solomon Islands,A,Annual,OTHER,Other areas,PT_LAR,Percentage of land area,2021,,6.054301,,A,Normal value,0,Units,1,One
DATAFLOW,OECD.ENV.EPI:DSD_LAND_USE@DF_LAND_USE(1.0),Land use,I,SOM,Somalia,A,Annual,OTHER,Other areas,PT_LAR,Percentage of land area,2021,,21.47527,,A,Normal value,0,Units,1,One
DATAFLOW,OECD.ENV.EPI:DSD_LAND_USE@DF_LAND_USE(1.0),Land use,I,ZAF,South Africa,A,Annual,OTHER,Other areas,PT_LAR,Percentage of land area,2021,,2.008787,,A,Normal value,0,Units,1,One
DATAFLOW,OECD.ENV.EPI:DSD_LAND_USE@DF_LAND_USE(1.0),Land use,I,LKA,Sri Lanka,A,Annual,OTHER,Other areas,PT_LAR,Percentage of land area,2021,,19.94067,,A,Normal value,0,Units,1,One
DATAFLOW,OECD.ENV.EPI:DSD_LAND_USE@DF_LAND_USE(1.0),Land use,I,SUR,Suriname,A,Annual,OTHER,Other areas,PT_LAR,Percentage of land area,2021,,7.635468,,A,Normal value,0,Units,1,One
DATAFLOW,OECD.ENV.EPI:DSD_LAND_USE@DF_LAND_USE(1.0),Land use,I,SYR,Syrian Arab Republic,A,Annual,OTHER,Other areas,PT_LAR,Percentage of land area,2021,,22.13282,,A,Normal value,0,Units,1,One
DATAFLOW,OECD.ENV.EPI:DSD_LAND_USE@DF_LAND_USE(1.0),Land use,I,TZA,Tanzania,A,Annual,OTHER,Other areas,PT_LAR,Percentage of land area,2021,,4.100339,,A,Normal value,0,Units,1,One
DATAFLOW,OECD.ENV.EPI:DSD_LAND_USE@DF_LAND_USE(1.0),Land use,I,THA,Thailand,A,Annual,OTHER,Other areas,PT_LAR,Percentage of land area,2021,,16.13353,,A,Normal value,0,Units,1,One
DATAFLOW,OECD.ENV.EPI:DSD_LAND_USE@DF_LAND_USE(1.0),Land use,I,TLS,Timor-Leste,A,Annual,OTHER,Other areas,PT_LAR,Percentage of land area,2021,,5.909888,,A,Normal value,0,Units,1,One
DATAFLOW,OECD.ENV.EPI:DSD_LAND_USE@DF_LAND_USE(1.0),Land use,I,TGO,Togo,A,Annual,OTHER,Other areas,PT_LAR,Percentage of land area,2021,,8.966905,,A,Normal value,0,Units,1,One
DATAFLOW,OECD.ENV.EPI:DSD_LAND_USE@DF_LAND_USE(1.0),Land use,I,TON,Tonga,A,Annual,OTHER,Other areas,PT_LAR,Percentage of land area,2021,,39.5,,A,Normal value,0,Units,1,One
DATAFLOW,OECD.ENV.EPI:DSD_LAND_USE@DF_LAND_USE(1.0),Land use,I,TTO,Trinidad and Tobago,A,Annual,OTHER,Other areas,PT_LAR,Percentage of land area,2021,,44.0039,,A,Normal value,0,Units,1,One
DATAFLOW,OECD.ENV.EPI:DSD_LAND_USE@DF_LAND_USE(1.0),Land use,I,TUN,Tunisia,A,Annual,OTHER,Other areas,PT_LAR,Percentage of land area,2021,,33.0484,,A,Normal value,0,Units,1,One
DATAFLOW,OECD.ENV.EPI:DSD_LAND_USE@DF_LAND_USE(1.0),Land use,I,UGA,Uganda,A,Annual,OTHER,Other areas,PT_LAR,Percentage of land area,2021,,7.355575,,A,Normal value,0,Units,1,One
DATAFLOW,OECD.ENV.EPI:DSD_LAND_USE@DF_LAND_USE(1.0),Land use,I,ARE,United Arab Emirates,A,Annual,OTHER,Other areas,PT_LAR,Percentage of land area,2021,,89.93521,,A,Normal value,0,Units,1,One
DATAFLOW,OECD.ENV.EPI:DSD_LAND_USE@DF_LAND_USE(1.0),Land use,I,VIR,United States Virgin Islands,A,Annual,OTHER,Other areas,PT_LAR,Percentage of land area,2021,,33.97143,,A,Normal value,0,Units,1,One
DATAFLOW,OECD.ENV.EPI:DSD_LAND_USE@DF_LAND_USE(1.0),Land use,I,URY,Uruguay,A,Annual,OTHER,Other areas,PT_LAR,Percentage of land area,2021,,0.634154,,A,Normal value,0,Units,1,One
DATAFLOW,OECD.ENV.EPI:DSD_LAND_USE@DF_LAND_USE(1.0),Land use,I,VUT,Vanuatu,A,Annual,OTHER,Other areas,PT_LAR,Percentage of land area,2021,,11.51272,,A,Normal value,0,Units,1,One
DATAFLOW,OECD.ENV.EPI:DSD_LAND_USE@DF_LAND_USE(1.0),Land use,I,VEN,Venezuela,A,Annual,OTHER,Other areas,PT_LAR,Percentage of land area,2021,,21.96995,,A,Normal value,0,Units,1,One
DATAFLOW,OECD.ENV.EPI:DSD_LAND_USE@DF_LAND_USE(1.0),Land use,I,VNM,Viet Nam,A,Annual,OTHER,Other areas,PT_LAR,Percentage of land area,2021,,13.73711,,A,Normal value,0,Units,1,One
DATAFLOW,OECD.ENV.EPI:DSD_LAND_USE@DF_LAND_USE(1.0),Land use,I,WLF,Wallis and Futuna,A,Annual,OTHER,Other areas,PT_LAR,Percentage of land area,2021,,0.285714,,A,Normal value,0,Units,1,One
DATAFLOW,OECD.ENV.EPI:DSD_LAND_USE@DF_LAND_USE(1.0),Land use,I,ZMB,Zambia,A,Annual,OTHER,Other areas,PT_LAR,Percentage of land area,2021,,7.043113,,A,Normal value,0,Units,1,One
DATAFLOW,OECD.ENV.EPI:DSD_LAND_USE@DF_LAND_USE(1.0),Land use,I,ZWE,Zimbabwe,A,Annual,OTHER,Other areas,PT_LAR,Percentage of land area,2021,,15.79361,,A,Normal value,0,Units,1,One
DATAFLOW,OECD.ENV.EPI:DSD_LAND_USE@DF_LAND_USE(1.0),Land use,I,AUS,Australia,A,Annual,OTHER,Other areas,PT_LAR,Percentage of land area,2021,,35.40524,,A,Normal value,0,Units,1,One
DATAFLOW,OECD.ENV.EPI:DSD_LAND_USE@DF_LAND_USE(1.0),Land use,I,BEL,Belgium,A,Annual,OTHER,Other areas,PT_LAR,Percentage of land area,2021,,33.22653,,A,Normal value,0,Units,1,One
DATAFLOW,OECD.ENV.EPI:DSD_LAND_USE@DF_LAND_USE(1.0),Land use,I,CAN,Canada,A,Annual,OTHER,Other areas,PT_LAR,Percentage of land area,2021,,51.54584,,A,Normal value,0,Units,1,One
DATAFLOW,OECD.ENV.EPI:DSD_LAND_USE@DF_LAND_USE(1.0),Land use,I,COL,Colombia,A,Annual,OTHER,Other areas,PT_LAR,Percentage of land area,2021,,7.161488,,A,Normal value,0,Units,1,One
DATAFLOW,OECD.ENV.EPI:DSD_LAND_USE@DF_LAND_USE(1.0),Land use,I,CZE,Czechia,A,Annual,OTHER,Other areas,PT_LAR,Percentage of land area,2021,,16.2811,,A,Normal value,0,Units,1,One
DATAFLOW,OECD.ENV.EPI:DSD_LAND_USE@DF_LAND_USE(1.0),Land use,I,DNK,Denmark,A,Annual,OTHER,Other areas,PT_LAR,Percentage of land area,2021,,18.683,,A,Normal value,0,Units,1,One
DATAFLOW,OECD.ENV.EPI:DSD_LAND_USE@DF_LAND_USE(1.0),Land use,I,DEU,Germany,A,Annual,OTHER,Other areas,PT_LAR,Percentage of land area,2021,,19.71092,,A,Normal value,0,Units,1,One
DATAFLOW,OECD.ENV.EPI:DSD_LAND_USE@DF_LAND_USE(1.0),Land use,I,GRC,Greece,A,Annual,OTHER,Other areas,PT_LAR,Percentage of land area,2021,,18.73756,,A,Normal value,0,Units,1,One
DATAFLOW,OECD.ENV.EPI:DSD_LAND_USE@DF_LAND_USE(1.0),Land use,I,ISR,Israel,A,Annual,OTHER,Other areas,PT_LAR,Percentage of land area,2021,,68.5305,,A,Normal value,0,Units,1,One
DATAFLOW,OECD.ENV.EPI:DSD_LAND_USE@DF_LAND_USE(1.0),Land use,I,ITA,Italy,A,Annual,OTHER,Other areas,PT_LAR,Percentage of land area,2021,,26.3653,,A,Normal value,0,Units,1,One
DATAFLOW,OECD.ENV.EPI:DSD_LAND_USE@DF_LAND_USE(1.0),Land use,I,JPN,Japan,A,Annual,OTHER,Other areas,PT_LAR,Percentage of land area,2021,,18.85926,,A,Normal value,0,Units,1,One
DATAFLOW,OECD.ENV.EPI:DSD_LAND_USE@DF_LAND_USE(1.0),Land use,I,LTU,Lithuania,A,Annual,OTHER,Other areas,PT_LAR,Percentage of land area,2021,,17.85945,,A,Normal value,0,Units,1,One
DATAFLOW,OECD.ENV.EPI:DSD_LAND_USE@DF_LAND_USE(1.0),Land use,I,LUX,Luxembourg,A,Annual,OTHER,Other areas,PT_LAR,Percentage of land area,2021,,14.05305,,A,Normal value,0,Units,1,One
DATAFLOW,OECD.ENV.EPI:DSD_LAND_USE@DF_LAND_USE(1.0),Land use,I,MEX,Mexico,A,Annual,OTHER,Other areas,PT_LAR,Percentage of land area,2021,,14.14258,,A,Normal value,0,Units,1,One
DATAFLOW,OECD.ENV.EPI:DSD_LAND_USE@DF_LAND_USE(1.0),Land use,I,NLD,Netherlands,A,Annual,OTHER,Other areas,PT_LAR,Percentage of land area,2021,,35.29759,,A,Normal value,0,Units,1,One
DATAFLOW,OECD.ENV.EPI:DSD_LAND_USE@DF_LAND_USE(1.0),Land use,I,NOR,Norway,A,Annual,OTHER,Other areas,PT_LAR,Percentage of land area,2021,,64.03114,,A,Normal value,0,Units,1,One
DATAFLOW,OECD.ENV.EPI:DSD_LAND_USE@DF_LAND_USE(1.0),Land use,I,SWE,Sweden,A,Annual,OTHER,Other areas,PT_LAR,Percentage of land area,2021,,24.03997,,A,Normal value,0,Units,1,One
DATAFLOW,OECD.ENV.EPI:DSD_LAND_USE@DF_LAND_USE(1.0),Land use,I,TUR,Türkiye,A,Annual,OTHER,Other areas,PT_LAR,Percentage of land area,2021,,21.48508,,A,Normal value,0,Units,1,One
DATAFLOW,OECD.ENV.EPI:DSD_LAND_USE@DF_LAND_USE(1.0),Land use,I,GBR,United Kingdom,A,Annual,OTHER,Other areas,PT_LAR,Percentage of land area,2021,,15.50142,,A,Normal value,0,Units,1,One
DATAFLOW,OECD.ENV.EPI:DSD_LAND_USE@DF_LAND_USE(1.0),Land use,I,USA,United States,A,Annual,OTHER,Other areas,PT_LAR,Percentage of land area,2021,,19.99232,,A,Normal value,0,Units,1,One
DATAFLOW,OECD.ENV.EPI:DSD_LAND_USE@DF_LAND_USE(1.0),Land use,I,OECDSO,OECD Asia Oceania,A,Annual,OTHER,Other areas,PT_LAR,Percentage of land area,2021,,34.20767,,A,Normal value,0,Units,1,One
DATAFLOW,OECD.ENV.EPI:DSD_LAND_USE@DF_LAND_USE(1.0),Land use,I,ALB,Albania,A,Annual,OTHER,Other areas,PT_LAR,Percentage of land area,2021,,24.18504,,A,Normal value,0,Units,1,One
DATAFLOW,OECD.ENV.EPI:DSD_LAND_USE@DF_LAND_USE(1.0),Land use,I,AIA,Anguilla,A,Annual,OTHER,Other areas,PT_LAR,Percentage of land area,2021,,38.88889,,A,Normal value,0,Units,1,One
DATAFLOW,OECD.ENV.EPI:DSD_LAND_USE@DF_LAND_USE(1.0),Land use,I,ABW,Aruba,A,Annual,OTHER,Other areas,PT_LAR,Percentage of land area,2021,,86.16667,,A,Normal value,0,Units,1,One
DATAFLOW,OECD.ENV.EPI:DSD_LAND_USE@DF_LAND_USE(1.0),Land use,I,BHS,Bahamas,A,Annual,OTHER,Other areas,PT_LAR,Percentage of land area,2021,,47.76624,,A,Normal value,0,Units,1,One
DATAFLOW,OECD.ENV.EPI:DSD_LAND_USE@DF_LAND_USE(1.0),Land use,I,BHR,Bahrain,A,Annual,OTHER,Other areas,PT_LAR,Percentage of land area,2021,,86.64557,,A,Normal value,0,Units,1,One
DATAFLOW,OECD.ENV.EPI:DSD_LAND_USE@DF_LAND_USE(1.0),Land use,I,BRB,Barbados,A,Annual,OTHER,Other areas,PT_LAR,Percentage of land area,2021,,62.09302,,A,Normal value,0,Units,1,One
DATAFLOW,OECD.ENV.EPI:DSD_LAND_USE@DF_LAND_USE(1.0),Land use,I,BIH,Bosnia and Herzegovina,A,Annual,OTHER,Other areas,PT_LAR,Percentage of land area,2021,,13.65391,,A,Normal value,0,Units,1,One
DATAFLOW,OECD.ENV.EPI:DSD_LAND_USE@DF_LAND_USE(1.0),Land use,I,BRA,Brazil,A,Annual,OTHER,Other areas,PT_LAR,Percentage of land area,2021,,11.95486,,A,Normal value,0,Units,1,One
DATAFLOW,OECD.ENV.EPI:DSD_LAND_USE@DF_LAND_USE(1.0),Land use,I,BGR,Bulgaria,A,Annual,OTHER,Other areas,PT_LAR,Percentage of land area,2021,,17.50553,,A,Normal value,0,Units,1,One
DATAFLOW,OECD.ENV.EPI:DSD_LAND_USE@DF_LAND_USE(1.0),Land use,I,CYM,Cayman Islands,A,Annual,OTHER,Other areas,PT_LAR,Percentage of land area,2021,,35.75,,A,Normal value,0,Units,1,One
DATAFLOW,OECD.ENV.EPI:DSD_LAND_USE@DF_LAND_USE(1.0),Land use,I,COG,Congo,A,Annual,OTHER,Other areas,PT_LAR,Percentage of land area,2021,,4.918299,,A,Normal value,0,Units,1,One
DATAFLOW,OECD.ENV.EPI:DSD_LAND_USE@DF_LAND_USE(1.0),Land use,I,HRV,Croatia,A,Annual,OTHER,Other areas,PT_LAR,Percentage of land area,2021,,38.93996,,A,Normal value,0,Units,1,One
DATAFLOW,OECD.ENV.EPI:DSD_LAND_USE@DF_LAND_USE(1.0),Land use,I,CUB,Cuba,A,Annual,OTHER,Other areas,PT_LAR,Percentage of land area,2021,,3.520037,,A,Normal value,0,Units,1,One
DATAFLOW,OECD.ENV.EPI:DSD_LAND_USE@DF_LAND_USE(1.0),Land use,I,CUW,Curaçao,A,Annual,OTHER,Other areas,PT_LAR,Percentage of land area,2021,,99.84235,,A,Normal value,0,Units,1,One
DATAFLOW,OECD.ENV.EPI:DSD_LAND_USE@DF_LAND_USE(1.0),Land use,I,FLK,Falkland Islands (Malvinas),A,Annual,OTHER,Other areas,PT_LAR,Percentage of land area,2021,,7.132297,,A,Normal value,0,Units,1,One
DATAFLOW,OECD.ENV.EPI:DSD_LAND_USE@DF_LAND_USE(1.0),Land use,I,FRO,Faroe Islands,A,Annual,OTHER,Other areas,PT_LAR,Percentage of land area,2021,,29.81752,,A,Normal value,0,Units,1,One
DATAFLOW,OECD.ENV.EPI:DSD_LAND_USE@DF_LAND_USE(1.0),Land use,I,GUF,French Guiana,A,Annual,OTHER,Other areas,PT_LAR,Percentage of land area,2021,,2.970524,,A,Normal value,0,Units,1,One
DATAFLOW,OECD.ENV.EPI:DSD_LAND_USE@DF_LAND_USE(1.0),Land use,I,GHA,Ghana,A,Annual,OTHER,Other areas,PT_LAR,Percentage of land area,2021,,14.22247,,A,Normal value,0,Units,1,One
DATAFLOW,OECD.ENV.EPI:DSD_LAND_USE@DF_LAND_USE(1.0),Land use,I,GRL,Greenland,A,Annual,OTHER,Other areas,PT_LAR,Percentage of land area,2021,,99.40717,,A,Normal value,0,Units,1,One
DATAFLOW,OECD.ENV.EPI:DSD_LAND_USE@DF_LAND_USE(1.0),Land use,I,GRD,Grenada,A,Annual,OTHER,Other areas,PT_LAR,Percentage of land area,2021,,24.41176,,A,Normal value,0,Units,1,One
DATAFLOW,OECD.ENV.EPI:DSD_LAND_USE@DF_LAND_USE(1.0),Land use,I,GUM,Guam,A,Annual,OTHER,Other areas,PT_LAR,Percentage of land area,2021,,18.01852,,A,Normal value,0,Units,1,One
DATAFLOW,OECD.ENV.EPI:DSD_LAND_USE@DF_LAND_USE(1.0),Land use,I,HTI,Haiti,A,Annual,OTHER,Other areas,PT_LAR,Percentage of land area,2021,,21.57112,,A,Normal value,0,Units,1,One
DATAFLOW,OECD.ENV.EPI:DSD_LAND_USE@DF_LAND_USE(1.0),Land use,I,HKG,Hong Kong (China),A,Annual,OTHER,Other areas,PT_LAR,Percentage of land area,2021,,96.19048,,A,Normal value,0,Units,1,One
DATAFLOW,OECD.ENV.EPI:DSD_LAND_USE@DF_LAND_USE(1.0),Land use,I,IDN,Indonesia,A,Annual,OTHER,Other areas,PT_LAR,Percentage of land area,2021,,20.50752,,A,Normal value,0,Units,1,One
DATAFLOW,OECD.ENV.EPI:DSD_LAND_USE@DF_LAND_USE(1.0),Land use,I,IRN,Iran,A,Annual,OTHER,Other areas,PT_LAR,Percentage of land area,2021,,64.36487,,A,Normal value,0,Units,1,One
DATAFLOW,OECD.ENV.EPI:DSD_LAND_USE@DF_LAND_USE(1.0),Land use,I,KIR,Kiribati,A,Annual,OTHER,Other areas,PT_LAR,Percentage of land area,2021,,56.7037,,A,Normal value,0,Units,1,One
DATAFLOW,OECD.ENV.EPI:DSD_LAND_USE@DF_LAND_USE(1.0),Land use,I,KWT,Kuwait,A,Annual,OTHER,Other areas,PT_LAR,Percentage of land area,2021,,91.22896,,A,Normal value,0,Units,1,One
DATAFLOW,OECD.ENV.EPI:DSD_LAND_USE@DF_LAND_USE(1.0),Land use,I,LBY,Libya,A,Annual,OTHER,Other areas,PT_LAR,Percentage of land area,2021,,91.15867,,A,Normal value,0,Units,1,One
DATAFLOW,OECD.ENV.EPI:DSD_LAND_USE@DF_LAND_USE(1.0),Land use,I,MDV,Maldives,A,Annual,OTHER,Other areas,PT_LAR,Percentage of land area,2021,,67.93333,,A,Normal value,0,Units,1,One
DATAFLOW,OECD.ENV.EPI:DSD_LAND_USE@DF_LAND_USE(1.0),Land use,I,MRT,Mauritania,A,Annual,OTHER,Other areas,PT_LAR,Percentage of land area,2021,,60.49422,,A,Normal value,0,Units,1,One
DATAFLOW,OECD.ENV.EPI:DSD_LAND_USE@DF_LAND_USE(1.0),Land use,I,FSM,Micronesia,A,Annual,OTHER,Other areas,PT_LAR,Percentage of land area,2021,,0.7857186,,A,Normal value,0,Units,1,One
DATAFLOW,OECD.ENV.EPI:DSD_LAND_USE@DF_LAND_USE(1.0),Land use,I,MDA,Moldova,A,Annual,OTHER,Other areas,PT_LAR,Percentage of land area,2021,,13.5415,,A,Normal value,0,Units,1,One
DATAFLOW,OECD.ENV.EPI:DSD_LAND_USE@DF_LAND_USE(1.0),Land use,I,MNG,Mongolia,A,Annual,OTHER,Other areas,PT_LAR,Percentage of land area,2021,,18.71761,,A,Normal value,0,Units,1,One
DATAFLOW,OECD.ENV.EPI:DSD_LAND_USE@DF_LAND_USE(1.0),Land use,I,MSR,Montserrat,A,Annual,OTHER,Other areas,PT_LAR,Percentage of land area,2021,,45.8,,A,Normal value,0,Units,1,One
DATAFLOW,OECD.ENV.EPI:DSD_LAND_USE@DF_LAND_USE(1.0),Land use,I,NIU,Niue,A,Annual,OTHER,Other areas,PT_LAR,Percentage of land area,2021,,8.961535,,A,Normal value,0,Units,1,One
DATAFLOW,OECD.ENV.EPI:DSD_LAND_USE@DF_LAND_USE(1.0),Land use,I,OMN,Oman,A,Annual,OTHER,Other areas,PT_LAR,Percentage of land area,2021,,95.28424,,A,Normal value,0,Units,1,One
DATAFLOW,OECD.ENV.EPI:DSD_LAND_USE@DF_LAND_USE(1.0),Land use,I,PAK,Pakistan,A,Annual,OTHER,Other areas,PT_LAR,Percentage of land area,2021,,49.2485,,A,Normal value,0,Units,1,One
DATAFLOW,OECD.ENV.EPI:DSD_LAND_USE@DF_LAND_USE(1.0),Land use,I,PNG,Papua New Guinea,A,Annual,OTHER,Other areas,PT_LAR,Percentage of land area,2021,,21.72203,,A,Normal value,0,Units,1,One
DATAFLOW,OECD.ENV.EPI:DSD_LAND_USE@DF_LAND_USE(1.0),Land use,I,PCN,Pitcairn,A,Annual,OTHER,Other areas,PT_LAR,Percentage of land area,2021,,21.48936,,A,Normal value,0,Units,1,One
DATAFLOW,OECD.ENV.EPI:DSD_LAND_USE@DF_LAND_USE(1.0),Land use,I,QAT,Qatar,A,Annual,OTHER,Other areas,PT_LAR,Percentage of land area,2021,,93.43777,,A,Normal value,0,Units,1,One
DATAFLOW,OECD.ENV.EPI:DSD_LAND_USE@DF_LAND_USE(1.0),Land use,I,SHN,Saint Helena,A,Annual,OTHER,Other areas,PT_LAR,Percentage of land area,2021,,64.10256,,A,Normal value,0,Units,1,One
DATAFLOW,OECD.ENV.EPI:DSD_LAND_USE@DF_LAND_USE(1.0),Land use,I,KNA,Saint Kitts and Nevis,A,Annual,OTHER,Other areas,PT_LAR,Percentage of land area,2021,,34.61538,,A,Normal value,0,Units,1,One
DATAFLOW,OECD.ENV.EPI:DSD_LAND_USE@DF_LAND_USE(1.0),Land use,I,VCT,Saint Vincent and the Grenadines,A,Annual,OTHER,Other areas,PT_LAR,Percentage of land area,2021,,8.820514,,A,Normal value,0,Units,1,One
DATAFLOW,OECD.ENV.EPI:DSD_LAND_USE@DF_LAND_USE(1.0),Land use,I,WSM,Samoa,A,Annual,OTHER,Other areas,PT_LAR,Percentage of land area,2021,,24.06835,,A,Normal value,0,Units,1,One
DATAFLOW,OECD.ENV.EPI:DSD_LAND_USE@DF_LAND_USE(1.0),Land use,I,SDN,Sudan,A,Annual,OTHER,Other areas,PT_LAR,Percentage of land area,2021,,27.54713,,A,Normal value,0,Units,1,One
DATAFLOW,OECD.ENV.EPI:DSD_LAND_USE@DF_LAND_USE(1.0),Land use,I,TWN,Chinese Taipei,A,Annual,OTHER,Other areas,PT_LAR,Percentage of land area,2021,,77.77464,,A,Normal value,0,Units,1,One
DATAFLOW,OECD.ENV.EPI:DSD_LAND_USE@DF_LAND_USE(1.0),Land use,I,TJK,Tajikistan,A,Annual,OTHER,Other areas,PT_LAR,Percentage of land area,2021,,69.16132,,A,Normal value,0,Units,1,One
DATAFLOW,OECD.ENV.EPI:DSD_LAND_USE@DF_LAND_USE(1.0),Land use,I,TKL,Tokelau,A,Annual,OTHER,Other areas,PT_LAR,Percentage of land area,2021,,40,,A,Normal value,0,Units,1,One
DATAFLOW,OECD.ENV.EPI:DSD_LAND_USE@DF_LAND_USE(1.0),Land use,I,TKM,Turkmenistan,A,Annual,OTHER,Other areas,PT_LAR,Percentage of land area,2021,,10.77948,,A,Normal value,0,Units,1,One
DATAFLOW,OECD.ENV.EPI:DSD_LAND_USE@DF_LAND_USE(1.0),Land use,I,TCA,Turks and Caicos Islands,A,Annual,OTHER,Other areas,PT_LAR,Percentage of land area,2021,,87.87368,,A,Normal value,0,Units,1,One
DATAFLOW,OECD.ENV.EPI:DSD_LAND_USE@DF_LAND_USE(1.0),Land use,I,TUV,Tuvalu,A,Annual,OTHER,Other areas,PT_LAR,Percentage of land area,2021,,5.666669,,A,Normal value,0,Units,1,One
DATAFLOW,OECD.ENV.EPI:DSD_LAND_USE@DF_LAND_USE(1.0),Land use,I,UKR,Ukraine,A,Annual,OTHER,Other areas,PT_LAR,Percentage of land area,2021,,11.54815,,A,Normal value,0,Units,1,One
DATAFLOW,OECD.ENV.EPI:DSD_LAND_USE@DF_LAND_USE(1.0),Land use,I,UZB,Uzbekistan,A,Annual,OTHER,Other areas,PT_LAR,Percentage of land area,2021,,33.234,,A,Normal value,0,Units,1,One
DATAFLOW,OECD.ENV.EPI:DSD_LAND_USE@DF_LAND_USE(1.0),Land use,I,YEM,Yemen,A,Annual,OTHER,Other areas,PT_LAR,Percentage of land area,2021,,54.54098,,A,Normal value,0,Units,1,One
DATAFLOW,OECD.ENV.EPI:DSD_LAND_USE@DF_LAND_USE(1.0),Land use,I,BMU,Bermuda,A,Annual,OTHER,Other areas,PT_LAR,Percentage of land area,2021,,80,,A,Normal value,0,Units,1,One
DATAFLOW,OECD.ENV.EPI:DSD_LAND_USE@DF_LAND_USE(1.0),Land use,I,NRU,Nauru,A,Annual,OTHER,Other areas,PT_LAR,Percentage of land area,2021,,80,,A,Normal value,0,Units,1,One
DATAFLOW,OECD.ENV.EPI:DSD_LAND_USE@DF_LAND_USE(1.0),Land use,I,AUS,Australia,A,Annual,OTHER,Other areas,KM2,Square kilometres,2021,,2723378,,A,Normal value,0,Units,1,One
DATAFLOW,OECD.ENV.EPI:DSD_LAND_USE@DF_LAND_USE(1.0),Land use,I,BEL,Belgium,A,Annual,OTHER,Other areas,KM2,Square kilometres,2021,,10132.1,,A,Normal value,0,Units,1,One
DATAFLOW,OECD.ENV.EPI:DSD_LAND_USE@DF_LAND_USE(1.0),Land use,I,CAN,Canada,A,Annual,OTHER,Other areas,KM2,Square kilometres,2021,,4530209,,A,Normal value,0,Units,1,One
DATAFLOW,OECD.ENV.EPI:DSD_LAND_USE@DF_LAND_USE(1.0),Land use,I,COL,Colombia,A,Annual,OTHER,Other areas,KM2,Square kilometres,2021,,79456.7,,A,Normal value,0,Units,1,One
DATAFLOW,OECD.ENV.EPI:DSD_LAND_USE@DF_LAND_USE(1.0),Land use,I,CZE,Czechia,A,Annual,OTHER,Other areas,KM2,Square kilometres,2021,,12566.86,,A,Normal value,0,Units,1,One
DATAFLOW,OECD.ENV.EPI:DSD_LAND_USE@DF_LAND_USE(1.0),Land use,I,DNK,Denmark,A,Annual,OTHER,Other areas,KM2,Square kilometres,2021,,7473.2,,A,Normal value,0,Units,1,One
DATAFLOW,OECD.ENV.EPI:DSD_LAND_USE@DF_LAND_USE(1.0),Land use,I,DEU,Germany,A,Annual,OTHER,Other areas,KM2,Square kilometres,2021,,68868,,A,Normal value,0,Units,1,One
DATAFLOW,OECD.ENV.EPI:DSD_LAND_USE@DF_LAND_USE(1.0),Land use,I,GRC,Greece,A,Annual,OTHER,Other areas,KM2,Square kilometres,2021,,24152.71,,A,Normal value,0,Units,1,One
DATAFLOW,OECD.ENV.EPI:DSD_LAND_USE@DF_LAND_USE(1.0),Land use,I,ISR,Israel,A,Annual,OTHER,Other areas,KM2,Square kilometres,2021,,14830,,A,Normal value,0,Units,1,One
DATAFLOW,OECD.ENV.EPI:DSD_LAND_USE@DF_LAND_USE(1.0),Land use,I,ITA,Italy,A,Annual,OTHER,Other areas,KM2,Square kilometres,2021,,77966.68,,A,Normal value,0,Units,1,One
DATAFLOW,OECD.ENV.EPI:DSD_LAND_USE@DF_LAND_USE(1.0),Land use,I,JPN,Japan,A,Annual,OTHER,Other areas,KM2,Square kilometres,2021,,68741.99,,A,Normal value,0,Units,1,One
DATAFLOW,OECD.ENV.EPI:DSD_LAND_USE@DF_LAND_USE(1.0),Land use,I,LTU,Lithuania,A,Annual,OTHER,Other areas,KM2,Square kilometres,2021,,11181.8,,A,Normal value,0,Units,1,One
DATAFLOW,OECD.ENV.EPI:DSD_LAND_USE@DF_LAND_USE(1.0),Land use,I,LUX,Luxembourg,A,Annual,OTHER,Other areas,KM2,Square kilometres,2021,,361.7902,,A,Normal value,0,Units,1,One
DATAFLOW,OECD.ENV.EPI:DSD_LAND_USE@DF_LAND_USE(1.0),Land use,I,NLD,Netherlands,A,Annual,OTHER,Other areas,KM2,Square kilometres,2021,,11884.7,,A,Normal value,0,Units,1,One
DATAFLOW,OECD.ENV.EPI:DSD_LAND_USE@DF_LAND_USE(1.0),Land use,I,SWE,Sweden,A,Annual,OTHER,Other areas,KM2,Square kilometres,2021,,97910,,A,Normal value,0,Units,1,One
DATAFLOW,OECD.ENV.EPI:DSD_LAND_USE@DF_LAND_USE(1.0),Land use,I,TUR,Türkiye,A,Annual,OTHER,Other areas,KM2,Square kilometres,2021,,165355.6,,A,Normal value,0,Units,1,One
DATAFLOW,OECD.ENV.EPI:DSD_LAND_USE@DF_LAND_USE(1.0),Land use,I,GBR,United Kingdom,A,Annual,OTHER,Other areas,KM2,Square kilometres,2021,,37502.59,,A,Normal value,0,Units,1,One
DATAFLOW,OECD.ENV.EPI:DSD_LAND_USE@DF_LAND_USE(1.0),Land use,I,USA,United States,A,Annual,OTHER,Other areas,KM2,Square kilometres,2021,,1828781,,A,Normal value,0,Units,1,One
DATAFLOW,OECD.ENV.EPI:DSD_LAND_USE@DF_LAND_USE(1.0),Land use,I,OECDSO,OECD Asia Oceania,A,Annual,OTHER,Other areas,KM2,Square kilometres,2021,,2886809.25,,A,Normal value,0,Units,1,One
DATAFLOW,OECD.ENV.EPI:DSD_LAND_USE@DF_LAND_USE(1.0),Land use,I,ALB,Albania,A,Annual,OTHER,Other areas,KM2,Square kilometres,2021,,6626.7,,A,Normal value,0,Units,1,One
DATAFLOW,OECD.ENV.EPI:DSD_LAND_USE@DF_LAND_USE(1.0),Land use,I,AIA,Anguilla,A,Annual,OTHER,Other areas,KM2,Square kilometres,2021,,35,,A,Normal value,0,Units,1,One
DATAFLOW,OECD.ENV.EPI:DSD_LAND_USE@DF_LAND_USE(1.0),Land use,I,ABW,Aruba,A,Annual,OTHER,Other areas,KM2,Square kilometres,2021,,155.1,,A,Normal value,0,Units,1,One
DATAFLOW,OECD.ENV.EPI:DSD_LAND_USE@DF_LAND_USE(1.0),Land use,I,BHS,Bahamas,A,Annual,OTHER,Other areas,KM2,Square kilometres,2021,,4781.4,,A,Normal value,0,Units,1,One
DATAFLOW,OECD.ENV.EPI:DSD_LAND_USE@DF_LAND_USE(1.0),Land use,I,BHR,Bahrain,A,Annual,OTHER,Other areas,KM2,Square kilometres,2021,,684.5,,A,Normal value,0,Units,1,One
DATAFLOW,OECD.ENV.EPI:DSD_LAND_USE@DF_LAND_USE(1.0),Land use,I,BRB,Barbados,A,Annual,OTHER,Other areas,KM2,Square kilometres,2021,,267,,A,Normal value,0,Units,1,One
DATAFLOW,OECD.ENV.EPI:DSD_LAND_USE@DF_LAND_USE(1.0),Land use,I,BMU,Bermuda,A,Annual,OTHER,Other areas,KM2,Square kilometres,2021,,43.2,,A,Normal value,0,Units,1,One
DATAFLOW,OECD.ENV.EPI:DSD_LAND_USE@DF_LAND_USE(1.0),Land use,I,BIH,Bosnia and Herzegovina,A,Annual,OTHER,Other areas,KM2,Square kilometres,2021,,6990.801,,A,Normal value,0,Units,1,One
DATAFLOW,OECD.ENV.EPI:DSD_LAND_USE@DF_LAND_USE(1.0),Land use,I,BRA,Brazil,A,Annual,OTHER,Other areas,KM2,Square kilometres,2021,,999203.6,,A,Normal value,0,Units,1,One
DATAFLOW,OECD.ENV.EPI:DSD_LAND_USE@DF_LAND_USE(1.0),Land use,I,BGR,Bulgaria,A,Annual,OTHER,Other areas,KM2,Square kilometres,2021,,19004,,A,Normal value,0,Units,1,One
DATAFLOW,OECD.ENV.EPI:DSD_LAND_USE@DF_LAND_USE(1.0),Land use,I,CMR,Cameroon,A,Annual,OTHER,Other areas,KM2,Square kilometres,2021,,178050.3,,A,Normal value,0,Units,1,One
DATAFLOW,OECD.ENV.EPI:DSD_LAND_USE@DF_LAND_USE(1.0),Land use,I,CYM,Cayman Islands,A,Annual,OTHER,Other areas,KM2,Square kilometres,2021,,85.8,,A,Normal value,0,Units,1,One
DATAFLOW,OECD.ENV.EPI:DSD_LAND_USE@DF_LAND_USE(1.0),Land use,I,COG,Congo,A,Annual,OTHER,Other areas,KM2,Square kilometres,2021,,16795.99,,A,Normal value,0,Units,1,One
DATAFLOW,OECD.ENV.EPI:DSD_LAND_USE@DF_LAND_USE(1.0),Land use,I,HRV,Croatia,A,Annual,OTHER,Other areas,KM2,Square kilometres,2021,,21790.8,,A,Normal value,0,Units,1,One
DATAFLOW,OECD.ENV.EPI:DSD_LAND_USE@DF_LAND_USE(1.0),Land use,I,CUB,Cuba,A,Annual,OTHER,Other areas,KM2,Square kilometres,2021,,3653.799,,A,Normal value,0,Units,1,One
DATAFLOW,OECD.ENV.EPI:DSD_LAND_USE@DF_LAND_USE(1.0),Land use,I,CUW,Curaçao,A,Annual,OTHER,Other areas,KM2,Square kilometres,2021,,443.3,,A,Normal value,0,Units,1,One
DATAFLOW,OECD.ENV.EPI:DSD_LAND_USE@DF_LAND_USE(1.0),Land use,I,FLK,Falkland Islands (Malvinas),A,Annual,OTHER,Other areas,KM2,Square kilometres,2021,,868.0005,,A,Normal value,0,Units,1,One
DATAFLOW,OECD.ENV.EPI:DSD_LAND_USE@DF_LAND_USE(1.0),Land use,I,FRO,Faroe Islands,A,Annual,OTHER,Other areas,KM2,Square kilometres,2021,,408.5,,A,Normal value,0,Units,1,One
DATAFLOW,OECD.ENV.EPI:DSD_LAND_USE@DF_LAND_USE(1.0),Land use,I,GUF,French Guiana,A,Annual,OTHER,Other areas,KM2,Square kilometres,2021,,2459.891,,A,Normal value,0,Units,1,One
DATAFLOW,OECD.ENV.EPI:DSD_LAND_USE@DF_LAND_USE(1.0),Land use,I,GHA,Ghana,A,Annual,OTHER,Other areas,KM2,Square kilometres,2021,,32360.8,,A,Normal value,0,Units,1,One
DATAFLOW,OECD.ENV.EPI:DSD_LAND_USE@DF_LAND_USE(1.0),Land use,I,GRL,Greenland,A,Annual,OTHER,Other areas,KM2,Square kilometres,2021,,408016.7,,A,Normal value,0,Units,1,One
DATAFLOW,OECD.ENV.EPI:DSD_LAND_USE@DF_LAND_USE(1.0),Land use,I,GRD,Grenada,A,Annual,OTHER,Other areas,KM2,Square kilometres,2021,,82.99999,,A,Normal value,0,Units,1,One
DATAFLOW,OECD.ENV.EPI:DSD_LAND_USE@DF_LAND_USE(1.0),Land use,I,GUM,Guam,A,Annual,OTHER,Other areas,KM2,Square kilometres,2021,,97.3,,A,Normal value,0,Units,1,One
DATAFLOW,OECD.ENV.EPI:DSD_LAND_USE@DF_LAND_USE(1.0),Land use,I,HTI,Haiti,A,Annual,OTHER,Other areas,KM2,Square kilometres,2021,,5945,,A,Normal value,0,Units,1,One
DATAFLOW,OECD.ENV.EPI:DSD_LAND_USE@DF_LAND_USE(1.0),Land use,I,VAT,Holy See,A,Annual,OTHER,Other areas,KM2,Square kilometres,2021,,0.44,,A,Normal value,0,Units,1,One
DATAFLOW,OECD.ENV.EPI:DSD_LAND_USE@DF_LAND_USE(1.0),Land use,I,HKG,Hong Kong (China),A,Annual,OTHER,Other areas,KM2,Square kilometres,2021,,1010,,A,Normal value,0,Units,1,One
DATAFLOW,OECD.ENV.EPI:DSD_LAND_USE@DF_LAND_USE(1.0),Land use,I,IND,India,A,Annual,OTHER,Other areas,KM2,Square kilometres,2021,,463816.6,,A,Normal value,0,Units,1,One
DATAFLOW,OECD.ENV.EPI:DSD_LAND_USE@DF_LAND_USE(1.0),Land use,I,IDN,Indonesia,A,Annual,OTHER,Other areas,KM2,Square kilometres,2021,,388116.1,,A,Normal value,0,Units,1,One
DATAFLOW,OECD.ENV.EPI:DSD_LAND_USE@DF_LAND_USE(1.0),Land use,I,IRN,Iran,A,Annual,OTHER,Other areas,KM2,Square kilometres,2021,,1044320,,A,Normal value,0,Units,1,One
DATAFLOW,OECD.ENV.EPI:DSD_LAND_USE@DF_LAND_USE(1.0),Land use,I,KIR,Kiribati,A,Annual,OTHER,Other areas,KM2,Square kilometres,2021,,459.3,,A,Normal value,0,Units,1,One
DATAFLOW,OECD.ENV.EPI:DSD_LAND_USE@DF_LAND_USE(1.0),Land use,I,KWT,Kuwait,A,Annual,OTHER,Other areas,KM2,Square kilometres,2021,,16257,,A,Normal value,0,Units,1,One
DATAFLOW,OECD.ENV.EPI:DSD_LAND_USE@DF_LAND_USE(1.0),Land use,I,LBY,Libya,A,Annual,OTHER,Other areas,KM2,Square kilometres,2021,,1603973,,A,Normal value,0,Units,1,One
DATAFLOW,OECD.ENV.EPI:DSD_LAND_USE@DF_LAND_USE(1.0),Land use,I,MAC,Macau (China),A,Annual,OTHER,Other areas,KM2,Square kilometres,2021,,33,,A,Normal value,0,Units,1,One
DATAFLOW,OECD.ENV.EPI:DSD_LAND_USE@DF_LAND_USE(1.0),Land use,I,MDV,Maldives,A,Annual,OTHER,Other areas,KM2,Square kilometres,2021,,203.8,,A,Normal value,0,Units,1,One
DATAFLOW,OECD.ENV.EPI:DSD_LAND_USE@DF_LAND_USE(1.0),Land use,I,MRT,Mauritania,A,Annual,OTHER,Other areas,KM2,Square kilometres,2021,,623513.9,,A,Normal value,0,Units,1,One
DATAFLOW,OECD.ENV.EPI:DSD_LAND_USE@DF_LAND_USE(1.0),Land use,I,FSM,Micronesia,A,Annual,OTHER,Other areas,KM2,Square kilometres,2021,,5.500031,,A,Normal value,0,Units,1,One
DATAFLOW,OECD.ENV.EPI:DSD_LAND_USE@DF_LAND_USE(1.0),Land use,I,MDA,Moldova,A,Annual,OTHER,Other areas,KM2,Square kilometres,2021,,4453.8,,A,Normal value,0,Units,1,One
DATAFLOW,OECD.ENV.EPI:DSD_LAND_USE@DF_LAND_USE(1.0),Land use,I,MCO,Monaco,A,Annual,OTHER,Other areas,KM2,Square kilometres,2021,,2.084,,A,Normal value,0,Units,1,One
DATAFLOW,OECD.ENV.EPI:DSD_LAND_USE@DF_LAND_USE(1.0),Land use,I,MNG,Mongolia,A,Annual,OTHER,Other areas,KM2,Square kilometres,2021,,291528.1,,A,Normal value,0,Units,1,One
DATAFLOW,OECD.ENV.EPI:DSD_LAND_USE@DF_LAND_USE(1.0),Land use,I,MSR,Montserrat,A,Annual,OTHER,Other areas,KM2,Square kilometres,2021,,45.8,,A,Normal value,0,Units,1,One
DATAFLOW,OECD.ENV.EPI:DSD_LAND_USE@DF_LAND_USE(1.0),Land use,I,NRU,Nauru,A,Annual,OTHER,Other areas,KM2,Square kilometres,2021,,16,,A,Normal value,0,Units,1,One
DATAFLOW,OECD.ENV.EPI:DSD_LAND_USE@DF_LAND_USE(1.0),Land use,I,NIU,Niue,A,Annual,OTHER,Other areas,KM2,Square kilometres,2021,,23.29999,,A,Normal value,0,Units,1,One
DATAFLOW,OECD.ENV.EPI:DSD_LAND_USE@DF_LAND_USE(1.0),Land use,I,OMN,Oman,A,Annual,OTHER,Other areas,KM2,Square kilometres,2021,,294904.7,,A,Normal value,0,Units,1,One
DATAFLOW,OECD.ENV.EPI:DSD_LAND_USE@DF_LAND_USE(1.0),Land use,I,PAK,Pakistan,A,Annual,OTHER,Other areas,KM2,Square kilometres,2021,,379646.8,,A,Normal value,0,Units,1,One
DATAFLOW,OECD.ENV.EPI:DSD_LAND_USE@DF_LAND_USE(1.0),Land use,I,PNG,Papua New Guinea,A,Annual,OTHER,Other areas,KM2,Square kilometres,2021,,98370.39,,A,Normal value,0,Units,1,One
DATAFLOW,OECD.ENV.EPI:DSD_LAND_USE@DF_LAND_USE(1.0),Land use,I,PCN,Pitcairn,A,Annual,OTHER,Other areas,KM2,Square kilometres,2021,,10.1,,A,Normal value,0,Units,1,One
DATAFLOW,OECD.ENV.EPI:DSD_LAND_USE@DF_LAND_USE(1.0),Land use,I,QAT,Qatar,A,Annual,OTHER,Other areas,KM2,Square kilometres,2021,,10736,,A,Normal value,0,Units,1,One
DATAFLOW,OECD.ENV.EPI:DSD_LAND_USE@DF_LAND_USE(1.0),Land use,I,SHN,Saint Helena,A,Annual,OTHER,Other areas,KM2,Square kilometres,2021,,250,,A,Normal value,0,Units,1,One
DATAFLOW,OECD.ENV.EPI:DSD_LAND_USE@DF_LAND_USE(1.0),Land use,I,KNA,Saint Kitts and Nevis,A,Annual,OTHER,Other areas,KM2,Square kilometres,2021,,90,,A,Normal value,0,Units,1,One
DATAFLOW,OECD.ENV.EPI:DSD_LAND_USE@DF_LAND_USE(1.0),Land use,I,VCT,Saint Vincent and the Grenadines,A,Annual,OTHER,Other areas,KM2,Square kilometres,2021,,34.40001,,A,Normal value,0,Units,1,One
DATAFLOW,OECD.ENV.EPI:DSD_LAND_USE@DF_LAND_USE(1.0),Land use,I,WSM,Samoa,A,Annual,OTHER,Other areas,KM2,Square kilometres,2021,,669.1,,A,Normal value,0,Units,1,One
DATAFLOW,OECD.ENV.EPI:DSD_LAND_USE@DF_LAND_USE(1.0),Land use,I,SDN,Sudan,A,Annual,OTHER,Other areas,KM2,Square kilometres,2021,,514580.4,,A,Normal value,0,Units,1,One
DATAFLOW,OECD.ENV.EPI:DSD_LAND_USE@DF_LAND_USE(1.0),Land use,I,TWN,Chinese Taipei,A,Annual,OTHER,Other areas,KM2,Square kilometres,2021,,27540,,A,Normal value,0,Units,1,One
DATAFLOW,OECD.ENV.EPI:DSD_LAND_USE@DF_LAND_USE(1.0),Land use,I,TJK,Tajikistan,A,Annual,OTHER,Other areas,KM2,Square kilometres,2021,,95989,,A,Normal value,0,Units,1,One
DATAFLOW,OECD.ENV.EPI:DSD_LAND_USE@DF_LAND_USE(1.0),Land use,I,TKL,Tokelau,A,Annual,OTHER,Other areas,KM2,Square kilometres,2021,,4,,A,Normal value,0,Units,1,One
DATAFLOW,OECD.ENV.EPI:DSD_LAND_USE@DF_LAND_USE(1.0),Land use,I,TKM,Turkmenistan,A,Annual,OTHER,Other areas,KM2,Square kilometres,2021,,50656,,A,Normal value,0,Units,1,One
DATAFLOW,OECD.ENV.EPI:DSD_LAND_USE@DF_LAND_USE(1.0),Land use,I,TCA,Turks and Caicos Islands,A,Annual,OTHER,Other areas,KM2,Square kilometres,2021,,834.7999,,A,Normal value,0,Units,1,One
DATAFLOW,OECD.ENV.EPI:DSD_LAND_USE@DF_LAND_USE(1.0),Land use,I,TUV,Tuvalu,A,Annual,OTHER,Other areas,KM2,Square kilometres,2021,,1.700001,,A,Normal value,0,Units,1,One
DATAFLOW,OECD.ENV.EPI:DSD_LAND_USE@DF_LAND_USE(1.0),Land use,I,UKR,Ukraine,A,Annual,OTHER,Other areas,KM2,Square kilometres,2021,,66910,,A,Normal value,0,Units,1,One
DATAFLOW,OECD.ENV.EPI:DSD_LAND_USE@DF_LAND_USE(1.0),Land use,I,UZB,Uzbekistan,A,Annual,OTHER,Other areas,KM2,Square kilometres,2021,,146446.6,,A,Normal value,0,Units,1,One
DATAFLOW,OECD.ENV.EPI:DSD_LAND_USE@DF_LAND_USE(1.0),Land use,I,YEM,Yemen,A,Annual,OTHER,Other areas,KM2,Square kilometres,2021,,287960,,A,Normal value,0,Units,1,One
DATAFLOW,OECD.ENV.EPI:DSD_LAND_USE@DF_LAND_USE(1.0),Land use,I,GIB,Gibraltar,A,Annual,OTHER,Other areas,KM2,Square kilometres,2021,,10,,A,Normal value,0,Units,1,One
DATAFLOW,OECD.ENV.EPI:DSD_LAND_USE@DF_LAND_USE(1.0),Land use,I,MCO,Monaco,A,Annual,OTHER,Other areas,PT_LAR,Percentage of land area,2021,,100,,A,Normal value,0,Units,1,One
DATAFLOW,OECD.ENV.EPI:DSD_LAND_USE@DF_LAND_USE(1.0),Land use,I,MAC,Macau (China),A,Annual,OTHER,Other areas,PT_LAR,Percentage of land area,2021,,100,,A,Normal value,0,Units,1,One
DATAFLOW,OECD.ENV.EPI:DSD_LAND_USE@DF_LAND_USE(1.0),Land use,I,VAT,Holy See,A,Annual,OTHER,Other areas,PT_LAR,Percentage of land area,2021,,100,,A,Normal value,0,Units,1,One
DATAFLOW,OECD.ENV.EPI:DSD_LAND_USE@DF_LAND_USE(1.0),Land use,I,GIB,Gibraltar,A,Annual,OTHER,Other areas,PT_LAR,Percentage of land area,2021,,100,,A,Normal value,0,Units,1,One
DATAFLOW,OECD.ENV.EPI:DSD_LAND_USE@DF_LAND_USE(1.0),Land use,I,SHN,Saint Helena,A,Annual,FOREST,Forest,KM2,Square kilometres,2021,,20,,E,Estimated value,0,Units,1,One
DATAFLOW,OECD.ENV.EPI:DSD_LAND_USE@DF_LAND_USE(1.0),Land use,I,SHN,Saint Helena,A,Annual,FOREST_N,Naturally regenerating forest,KM2,Square kilometres,2021,,20,,E,Estimated value,0,Units,1,One
DATAFLOW,OECD.ENV.EPI:DSD_LAND_USE@DF_LAND_USE(1.0),Land use,I,SHN,Saint Helena,A,Annual,CROP,Cropland,PT_LAR,Percentage of land area,2021,,10.25641,,E,Estimated value,0,Units,1,One
DATAFLOW,OECD.ENV.EPI:DSD_LAND_USE@DF_LAND_USE(1.0),Land use,I,SHN,Saint Helena,A,Annual,FOREST_PL,Planted Forest,KM2,Square kilometres,2021,,0,,E,Estimated value,0,Units,1,One
DATAFLOW,OECD.ENV.EPI:DSD_LAND_USE@DF_LAND_USE(1.0),Land use,I,SHN,Saint Helena,A,Annual,CROP,Cropland,KM2,Square kilometres,2021,,40,,E,Estimated value,0,Units,1,One
DATAFLOW,OECD.ENV.EPI:DSD_LAND_USE@DF_LAND_USE(1.0),Land use,I,SHN,Saint Helena,A,Annual,LAND,Land area,KM2,Square kilometres,2021,,390,,E,Estimated value,0,Units,1,One
DATAFLOW,OECD.ENV.EPI:DSD_LAND_USE@DF_LAND_USE(1.0),Land use,I,SHN,Saint Helena,A,Annual,FOREST,Forest,PT_LAR,Percentage of land area,2021,,5.128205,,E,Estimated value,0,Units,1,One
DATAFLOW,OECD.ENV.EPI:DSD_LAND_USE@DF_LAND_USE(1.0),Land use,I,SHN,Saint Helena,A,Annual,MEAD,Permanent meadows and pastures,PT_LAR,Percentage of land area,2021,,20.51282,,E,Estimated value,0,Units,1,One
DATAFLOW,OECD.ENV.EPI:DSD_LAND_USE@DF_LAND_USE(1.0),Land use,I,SHN,Saint Helena,A,Annual,AREA,Total area,KM2,Square kilometres,2021,,390,,E,Estimated value,0,Units,1,One
DATAFLOW,OECD.ENV.EPI:DSD_LAND_USE@DF_LAND_USE(1.0),Land use,I,SHN,Saint Helena,A,Annual,MEAD,Permanent meadows and pastures,KM2,Square kilometres,2021,,80,,E,Estimated value,0,Units,1,One
